# File exported by Houdini 21.0.596 (www.sidefx.com)
# 1686 points
# 10104 vertices
# 3368 primitives
# Bounds: [-0.164103001, 1.26154995, -0.106017999] to [0.164103001, 1.86949003, 0.139760002]
g 
v 0.119370997 1.56497002 -0.0446080007
v 0.120672002 1.56443 -0.0285459999
v 0.145144001 1.56081998 -0.0442049988
v 0.146206006 1.56169999 -0.0280750003
v 0.144081995 1.55499005 -0.0603360012
v 0.118069001 1.55978 -0.0606699996
v 0.122744001 1.55331004 0.00259299995
v 0.145636007 1.55118001 0.0032579999
v 0.161640003 1.52287996 -0.0797120035
v 0.15659 1.49201 -0.0850810036
v 0.144804001 1.52544999 -0.0820560008
v 0.164103001 1.5582 -0.0284909997
v 0.163718998 1.55165994 -0.0597800016
v 0.163613006 1.54753995 0.00259499997
v 0.145137995 1.52400994 0.02654
v 0.143143997 1.49433005 0.0338700004
v 0.160315007 1.51898003 0.0227780007
v 0.156477004 1.48701 0.0204220004
v 0.0958639979 1.57264996 -0.0296659991
v 0.0939010009 1.56791997 -0.060527999
v 0.121192999 1.53084004 -0.0840770006
v 0.0956140012 1.56324995 -0.0078499997
v 0.0935989991 1.55581999 0.00343400007
v 0.0555660017 1.56149995 0.00498099998
v 0.0921910033 1.55083001 0.0135859996
v 0.0260620005 1.58287001 -0.0696389973
v 0.0559180006 1.58109999 -0.0603239983
v 0.0289639998 1.54624999 -0.0910290033
v 0.0598910004 1.54320002 -0.0885400027
v 0.091312997 1.53702998 -0.0863849968
v 0 1.58361006 -0.0744839981
v -0.122744001 1.55331004 0.00259299995
v -0.0921910033 1.55083001 0.0135859996
v -0.0935989991 1.55581999 0.00343400007
v 0 1.54461002 -0.0904359967
v -0.146206006 1.56169999 -0.0280750003
v -0.120672002 1.56443 -0.0285459999
v -0.145144001 1.56081998 -0.0442049988
v -0.119370997 1.56497002 -0.0446080007
v -0.118069001 1.55978 -0.0606699996
v -0.144081995 1.55499005 -0.0603360012
v -0.145636007 1.55118001 0.0032579999
v -0.144804001 1.52544999 -0.0820560008
v -0.15659 1.49201 -0.0850810036
v -0.161640003 1.52287996 -0.0797120035
v -0.164103001 1.5582 -0.0284909997
v -0.163718998 1.55165994 -0.0597800016
v -0.163613006 1.54753995 0.00259499997
v -0.145137995 1.52400994 0.02654
v -0.160315007 1.51898003 0.0227780007
v -0.143143997 1.49433005 0.0338700004
v -0.156477004 1.48701 0.0204220004
v -0.0958639979 1.57264996 -0.0296659991
v -0.0939010009 1.56791997 -0.060527999
v -0.121192999 1.53084004 -0.0840770006
v -0.0956140012 1.56324995 -0.0078499997
v -0.0555660017 1.56149995 0.00498099998
v -0.0260620005 1.58287001 -0.0696389973
v -0.0289639998 1.54624999 -0.0910290033
v -0.0559180006 1.58109999 -0.0603239983
v -0.0598910004 1.54320002 -0.0885400027
v -0.091312997 1.53702998 -0.0863849968
v 0 1.50477004 -0.101603001
v 0.0289340001 1.50442004 -0.102573
v 0.0875990018 1.50786996 0.0455759987
v 0.118571997 1.48309004 0.0515520014
v 0.121506996 1.50361001 0.0417350009
v 0.121673003 1.52864003 0.0275769997
v 0.0560199991 1.50805998 0.0497419983
v 0.0543420017 1.52854002 0.0353799984
v 0.0891090035 1.52989995 0.0300520007
v 0.134968996 1.41501999 -0.0651649982
v 0.139966995 1.41891003 -0.0198929999
v 0.127449006 1.37505996 -0.0494670011
v 0.133621007 1.37867999 -0.0108209997
v 0.146032006 1.45542002 -0.0258889999
v 0.139956996 1.45165002 -0.0746819973
v 0.126558006 1.34361005 -0.00257000001
v 0.118735 1.33996999 -0.0391299985
v 0.144197002 1.49188006 -0.0864659995
v 0.153608993 1.46625996 -0.0742430016
v 0.0208100006 1.52621996 0.0398869999
v 0.0244089998 1.50469005 0.0543599986
v 0 1.49986005 0.0569979995
v 0 1.52288997 0.0415849984
v 0.0540550016 1.55070996 0.0242800005
v 0.0179270003 1.54779005 0.0307730008
v 9.99999997e-07 1.54420996 0.0283460002
v 0.145067006 1.45711994 0.0131999999
v 0.139503002 1.46317005 0.0411790013
v 0.152760997 1.46746004 -0.0279070009
v 0.120615996 1.49497998 -0.0908809975
v 0.119900003 1.45466006 -0.0884689987
v 0.0604880005 1.50269997 -0.100924
v 0.0914509967 1.49803996 -0.096107997
v 0.0604140013 1.45992994 -0.103794001
v 0.0890609995 1.45624995 -0.0975890011
v 0.0179910008 1.55557001 0.0212399997
v 0 1.55469 0.022806
v 0.0275149997 1.46302998 -0.106017999
v 0.115207002 1.41238999 -0.0832389966
v 0.107957996 1.37050998 -0.0692450032
v 0.100461997 1.33617997 -0.0597929992
v 0.0579520017 1.41027999 -0.0990549996
v 0.0863609985 1.40939999 -0.0943270028
v 0.02434 1.41201997 -0.100220002
v 0.0809800029 1.36707997 -0.0837310031
v 0.0545670018 1.36765003 -0.088301003
v 0.0214499999 1.36807001 -0.0890619978
v 0.0769829974 1.33252001 -0.0734929964
v 0.0506969988 1.33298004 -0.0783950016
v 0.0193499997 1.33361006 -0.0795610026
v 0 1.36887002 -0.0886069983
v 0 1.33439004 -0.0788299963
v 0 1.41305006 -0.0991370007
v 0 1.46366 -0.105157003
v -0.121506996 1.50361001 0.0417350009
v -0.118571997 1.48309004 0.0515520014
v -0.0875990018 1.50786996 0.0455759987
v -0.121673003 1.52864003 0.0275769997
v -0.0891090035 1.52989995 0.0300520007
v -0.0543420017 1.52854002 0.0353799984
v -0.0560199991 1.50805998 0.0497409999
v -0.133621007 1.37867999 -0.0108209997
v -0.139966995 1.41891003 -0.0198929999
v -0.127449006 1.37505996 -0.0494670011
v -0.134968996 1.41501999 -0.0651649982
v -0.139956996 1.45165002 -0.0746819973
v -0.146032006 1.45542002 -0.0258889999
v -0.126558006 1.34361005 -0.00257000001
v -0.118735 1.33996999 -0.0391299985
v -0.144197002 1.49188006 -0.0864659995
v -0.153608993 1.46625996 -0.0742430016
v -0.0244089998 1.50469005 0.0543599986
v -0.0208100006 1.52621996 0.0398869999
v -0.0540550016 1.55070996 0.0242800005
v -0.0179270003 1.54779005 0.0307730008
v -0.145067006 1.45711994 0.0131999999
v -0.139503002 1.46317005 0.0411790013
v -0.152760997 1.46746004 -0.0279070009
v -0.120615996 1.49497998 -0.0908809975
v -0.119900003 1.45466006 -0.0884689987
v -0.0890609995 1.45624995 -0.0975890011
v -0.0914509967 1.49803996 -0.096107997
v -0.0604140013 1.45992994 -0.103794001
v -0.0604880005 1.50269997 -0.100924
v -0.0179910008 1.55557001 0.0212399997
v -0.0289340001 1.50442004 -0.102573
v -0.0275149997 1.46302998 -0.106017999
v -0.115207002 1.41238999 -0.0832389966
v -0.100461997 1.33617997 -0.0597929992
v -0.107957996 1.37050998 -0.0692450032
v -0.0579520017 1.41027999 -0.0990549996
v -0.0863609985 1.40939999 -0.0943270028
v -0.02434 1.41201997 -0.100220002
v -0.0545670018 1.36765003 -0.088301003
v -0.0809800029 1.36707997 -0.0837310031
v -0.0214499999 1.36807001 -0.0890619978
v -0.0506969988 1.33298004 -0.0783950016
v -0.0769829974 1.33252001 -0.0734929964
v -0.0193499997 1.33361006 -0.0795610026
v 0.0596709996 1.46200001 0.0846420005
v 0.0309960004 1.46415997 0.082806997
v 0.0399970002 1.45365 0.0927340016
v 0.108496003 1.36308002 0.118635997
v 0.119396001 1.36825001 0.106073998
v 0.112479001 1.38444996 0.119134001
v 0.126006007 1.37967002 0.0972289965
v 0.127127007 1.39993 0.0899749994
v 0.113104999 1.40688002 0.112976
v 0.0908820033 1.41266 0.130485997
v 0.0909340009 1.39005995 0.136907995
v 0.0874579996 1.36260998 0.133964002
v 0.120693997 1.43560004 0.0804779977
v 0.110881999 1.44158006 0.0863749981
v 0.123653002 1.42156994 0.0835219994
v 0.111130998 1.42534006 0.100680999
v 0.0880960003 1.44670999 0.0948119983
v 0.0896160007 1.42953002 0.113920003
v 0.0640370026 1.44655001 0.100367002
v 0.0519619994 1.44428003 0.104689002
v 0.0659150034 1.43023002 0.119346999
v 0.0430690013 1.43478 0.114058003
v 0.0391240008 1.41477001 0.127234995
v 0.0658330023 1.41488004 0.132991999
v 0.0408460014 1.39699996 0.133234993
v 0.0465350002 1.38080001 0.133747995
v 0.0645010024 1.39431 0.139760002
v 0.0618720017 1.37037003 0.138284996
v 0.113153003 1.45651996 0.0727400035
v 0.125791997 1.44176996 0.0679740012
v 0.131055996 1.45098996 0.0554729998
v 0.116008997 1.46891999 0.0614340007
v 0.0857219994 1.47641003 0.0665379986
v 0.0861430019 1.46430004 0.0771759972
v 0.0569729991 1.47326005 0.0745289996
v 0.121000998 1.35715997 0.0899579972
v 0.106121004 1.34852004 0.103597999
v 0.0804369971 1.34667003 0.122020997
v 0.118343003 1.34996998 0.0765359998
v 0.103624001 1.34034002 0.0932909995
v 0.129476994 1.41973996 0.0686350018
v 0.130484 1.39392996 0.0721459985
v 0.129206002 1.38817 0.0565089993
v 0.132082999 1.41905999 0.051713001
v 0.128068998 1.37278998 0.0798299983
v 0.123792998 1.36612999 0.0649740025
v 0.0270939991 1.43864 0.104013003
v 0.116924003 1.34302998 0.0608350001
v 0.124921001 1.36010003 0.0513509996
v 0.131377995 1.38424003 0.042479001
v 0.133672997 1.41893005 0.0369930007
v 0.0864429995 1.48886001 0.0570079982
v 0.0559480004 1.48783004 0.0636980012
v 0.0242190007 1.47713995 0.072191
v 0.131355003 1.38081002 0.0209289994
v 0.125762999 1.35055995 0.0281949993
v 0.136343002 1.41908002 0.0135120004
v 0.101483002 1.33248997 0.0801139995
v -0.0900589973 1.29610002 -0.0473710001
v 0.099812001 1.31791997 0.074157998
v 0.0718069971 1.29666996 0.0969230011
v 0.0990319997 1.2967 0.0682509989
v 0.115997002 1.32591999 0.0428779982
v 0.114478 1.30028999 0.0108960001
v 0.105806999 1.29821002 -0.0272339992
v 0.0900589973 1.29610002 -0.0473710001
v 0.0717950016 1.29597998 -0.0615379997
v 0.0480509996 1.29504001 -0.0661000013
v 0.0177389998 1.29561996 -0.0678429976
v 0 1.29662001 -0.0675949976
v -0.114478 1.30028999 0.0108960001
v -0.105806999 1.29821002 -0.0272339992
v -0.0480509996 1.29504001 -0.0661000013
v -0.0717950016 1.29597998 -0.0615379997
v -0.0177389998 1.29561996 -0.0678429976
v -0.0210350007 1.41307998 0.112696998
v -0.0430690013 1.43478 0.114058003
v -0.0391240008 1.41477001 0.127234995
v 0.0765890032 1.33813 0.112176999
v 0.0534050018 1.35677004 0.128867999
v 0.0341840014 1.36891997 0.123893999
v 0.0260639992 1.36271 0.116475999
v 0.0486779995 1.34588003 0.119399004
v 0.0248799995 1.38996005 0.120380998
v 0.0210350007 1.41307998 0.112696998
v 0.01033 1.41173995 0.105894998
v 0.0138299996 1.38318002 0.113090999
v 0.0143999998 1.44149995 0.0968699977
v 0.00649200007 1.44468999 0.0923660025
v 0.00441699987 1.41094995 0.103114001
v 0.0070369998 1.38003004 0.107950002
v 0.014467 1.34943998 0.111307003
v 0.0450390019 1.33808994 0.110766001
v 0.0728180036 1.33077002 0.102470003
v 0.0435080007 1.32271004 0.110063002
v 0.0428479984 1.29949999 0.109439
v 0.0717350021 1.31661999 0.0991510004
v 0 1.47564006 0.0741169974
v 0 1.44615996 0.088707
v 0 1.41112995 0.102637
v 0 1.38022006 0.107491001
v 0 1.35017002 0.110776998
v 0.015447 1.32881999 0.112515002
v 0 1.32872999 0.113424003
v 0.0149499997 1.30165994 0.113605998
v 0 1.30075002 0.115134001
v -0.108496003 1.36308002 0.118635997
v -0.112479001 1.38444996 0.119134001
v -0.119396001 1.36825001 0.106073998
v -0.126006007 1.37967002 0.0972289965
v -0.113104999 1.40688002 0.112976
v -0.127127007 1.39993 0.0899749994
v -0.0909340009 1.39005995 0.136907995
v -0.0908820033 1.41266 0.130485997
v -0.0874579996 1.36260998 0.133964002
v -0.111130998 1.42534006 0.100680999
v -0.110881999 1.44158006 0.0863749981
v -0.123653002 1.42156994 0.0835219994
v -0.120693997 1.43560004 0.0804779977
v -0.0880960003 1.44670999 0.0948119983
v -0.0896160007 1.42953002 0.113920003
v -0.0640370026 1.44655001 0.100367002
v -0.0659150034 1.43023002 0.119346999
v -0.0519619994 1.44428003 0.104689002
v -0.0658330023 1.41488004 0.132991999
v -0.0408460014 1.39699996 0.133234993
v -0.0645010024 1.39431 0.139760002
v -0.0465350002 1.38080001 0.133747995
v -0.0618720017 1.37037003 0.138284996
v -0.113153003 1.45651996 0.0727400035
v -0.125791997 1.44176996 0.0679740012
v -0.131055996 1.45098996 0.0554729998
v -0.116008997 1.46891999 0.0614340007
v -0.0861430019 1.46430004 0.0771759972
v -0.0857219994 1.47641003 0.0665379986
v -0.0596709996 1.46200001 0.0846420005
v -0.0399970002 1.45365 0.0927340016
v -0.0569729991 1.47326005 0.0745289996
v -0.0309960004 1.46415997 0.082806997
v -0.121000998 1.35715997 0.0899579972
v -0.106121004 1.34852004 0.103597999
v -0.0804369971 1.34667003 0.122020997
v -0.0765890032 1.33813 0.112176999
v -0.103624001 1.34034002 0.0932909995
v -0.118343003 1.34996998 0.0765359998
v -0.0534050018 1.35677004 0.128867999
v -0.0341840014 1.36891997 0.123893999
v -0.0486779995 1.34588003 0.119399004
v -0.0260639992 1.36271 0.116475999
v -0.129476994 1.41973996 0.0686350018
v -0.130484 1.39392996 0.0721459985
v -0.132082999 1.41905999 0.051713001
v -0.129206002 1.38817 0.0565089993
v -0.128068998 1.37278998 0.0798299983
v -0.123792998 1.36612999 0.0649740025
v -0.0248799995 1.38996005 0.120380998
v -0.01033 1.41173995 0.105894998
v -0.0138299996 1.38318002 0.113090999
v -0.0270939991 1.43864 0.104013003
v -0.0143999998 1.44149995 0.0968699977
v -0.00441699987 1.41094995 0.103114001
v -0.00649200007 1.44468999 0.0923660025
v -0.00703800004 1.38003004 0.107950002
v -0.014467 1.34943998 0.111307003
v -0.0450390019 1.33808994 0.110766001
v -0.0728180036 1.33077002 0.102470003
v -0.101483002 1.33248997 0.0801139995
v -0.116924003 1.34302998 0.0608350001
v -0.124921001 1.36010003 0.0513509996
v -0.131377995 1.38424003 0.042479001
v -0.133672997 1.41893005 0.0369930007
v -0.0864429995 1.48886001 0.0570079982
v -0.0559480004 1.48783004 0.0636980012
v -0.0242190007 1.47713995 0.072191
v -0.0435080007 1.32271004 0.110063002
v -0.0717350021 1.31661999 0.0991510004
v -0.0428479984 1.29949999 0.109439
v -0.0718069971 1.29666996 0.0969230011
v -0.099812001 1.31791997 0.074157998
v -0.0990319997 1.2967 0.0682509989
v -0.115997002 1.32591999 0.0428779982
v -0.125762999 1.35055995 0.0281949993
v -0.131355003 1.38081002 0.0209289994
v -0.136343002 1.41908002 0.0135120004
v -0.015447 1.32881999 0.112515002
v -0.0149499997 1.30165994 0.113605998
v 0.015172 1.2665 0.113989003
v 0 1.26662004 0.115029
v 0.0410719998 1.26652002 0.109200999
v 0.0718989968 1.26554 0.0943540037
v 0.0978289992 1.26663005 0.0640100017
v 0.107718997 1.26647997 0.0143630002
v 0.0996659994 1.26644003 -0.0188100003
v 0.0855899975 1.26464999 -0.0385919996
v 0.0453279987 1.2622 -0.0564979985
v 0.0155910002 1.26218998 -0.0578819998
v 0.0663489997 1.26239002 -0.0516769998
v 0 1.26154995 -0.0579609983
v -0.015172 1.2665 0.113989003
v -0.0410719998 1.26652002 0.109200999
v -0.0718989968 1.26554 0.0943540037
v -0.0978289992 1.26663005 0.0640100017
v -0.107718997 1.26647997 0.0143630002
v -0.0996659994 1.26644003 -0.0188100003
v -0.0855899975 1.26464999 -0.0385919996
v -0.0155910002 1.26218998 -0.0578819998
v -0.0453279987 1.2622 -0.0564979985
v -0.0663489997 1.26239002 -0.0516769998
v 0.0657680035 1.57468998 -0.0143710002
v 0.0681129992 1.58406997 -0.0302009992
v 0.0419670008 1.59798002 -0.0474760011
v 0.0620150007 1.58664 -0.0452629998
v 0.0502079986 1.59449995 -0.0300440006
v 0.0948830023 1.57401001 -0.0450970009
v 0.0221829992 1.60048997 -0.0608099997
v 0.0439050011 1.58597004 -0.0158249997
v 0 1.56502998 0.0177870002
v 0.0144060003 1.56637001 0.0166379996
v 0.032912001 1.57486999 0.000855999999
v 0 1.60052001 -0.0667989999
v -0.0502079986 1.59449995 -0.0300440006
v -0.0419670008 1.59798002 -0.0474760011
v -0.0620150007 1.58664 -0.0452629998
v -0.0681129992 1.58406997 -0.0302009992
v -0.0948830023 1.57401001 -0.0450970009
v -0.0221829992 1.60048997 -0.0608099997
v -0.0657680035 1.57468998 -0.0143710002
v -0.0439050011 1.58597004 -0.0158249997
v -0.0144060003 1.56637001 0.0166379996
v -0.032912001 1.57486999 0.000855999999
v 0 1.58299005 0.0177049991
v 0.0422799997 1.65727997 -0.0374099985
v 0.0467600003 1.65357995 -0.0184300002
v 0.0407189988 1.63683999 -0.0400599986
v 0.0449739993 1.63190997 -0.0233309995
v 0 1.60470998 0.0227669999
v 0.0135840001 1.60766995 0.0194850005
v 0 1.62476003 0.0313600004
v 0.0154100005 1.62768996 0.0278200004
v 0.0402569994 1.61610997 -0.0434239991
v 0.0448700003 1.61098003 -0.0274199992
v 0.0135159995 1.58465004 0.0148449996
v 0.0236200001 1.65786004 -0.0510599986
v 0.0229749996 1.64012003 -0.0533489995
v 0.0226750001 1.61943996 -0.0563529991
v 0.0355399996 1.63849998 0.0130000003
v 0.0258600004 1.63209999 0.0227499995
v 0.0346149988 1.61714995 0.00700000022
v 0.0263769999 1.61177003 0.0140239997
v 0.0284369998 1.58993995 0.00718499999
v 0.0326690003 1.59344995 0.00177500001
v 0.0400939994 1.60302997 -0.0124270003
v 0.0418139994 1.62528002 -0.0074339998
v 0.0456500016 1.64751005 -0.00218000007
v 0 1.62042999 -0.0621699989
v 0 1.64091003 -0.0593790002
v 0 1.65823996 -0.0582300015
v -0.0449739993 1.63190997 -0.0233309995
v -0.0467600003 1.65357995 -0.0184300002
v -0.0407189988 1.63683999 -0.0400599986
v -0.0422799997 1.65727997 -0.0374099985
v -0.0135840001 1.60766995 0.0194850005
v -0.0154100005 1.62768996 0.0278200004
v -0.0402569994 1.61610997 -0.0434239991
v -0.0448700003 1.61098003 -0.0274199992
v -0.0135159995 1.58465004 0.0148449996
v -0.0229749996 1.64012003 -0.0533489995
v -0.0236099996 1.65786004 -0.0510599986
v -0.0226750001 1.61943996 -0.0563529991
v -0.0263769999 1.61177003 0.0140239997
v -0.0258600004 1.63209999 0.0227499995
v -0.0346149988 1.61714995 0.00700000022
v -0.0355399996 1.63849998 0.0130000003
v -0.0326690003 1.59344995 0.00177500001
v -0.0284369998 1.58993995 0.00718499999
v -0.0418139994 1.62528002 -0.0074339998
v -0.0400939994 1.60302997 -0.0124270003
v -0.0456500016 1.64751005 -0.00218000007
v -0.0257079992 1.76560998 -0.100685
v -0.0255449992 1.79155004 -0.100441001
v 0 1.76627004 -0.104843996
v -0.0790039971 1.70639002 -0.0164609998
v -0.0841810033 1.70706999 -0.0156759992
v -0.0845569968 1.71489 -0.0187950004
v -0.0881500021 1.71616006 -0.0181120001
v -0.087669 1.71937001 -0.0171499997
v -0.0836220011 1.71054995 -0.0103890002
v -0.0725739971 1.69658005 -0.00530900015
v -0.0791530013 1.69800997 -0.00260300003
v -0.0767309964 1.70054996 -0.0137799997
v -0.0819810033 1.70148003 -0.0113169998
v -0.070739001 1.69997001 0.00860899966
v -0.0757950023 1.69774997 0.00473800022
v -0.068095997 1.69708002 0.00389400008
v -0.0690969974 1.69606996 0.00146699999
v -0.0838799998 1.74082005 7.20000025e-05
v -0.0844969973 1.73784006 -0.00389000005
v -0.0788590014 1.73478997 0.00195499999
v -0.0809359998 1.72783995 -0.0020310001
v -0.0707020015 1.70128 -0.00615399983
v -0.0720200017 1.70850003 -0.0183189996
v -0.0675449967 1.69755006 -0.00470700022
v -0.07553 1.71103001 -0.0181029998
v -0.0822620019 1.70951998 -0.00676999986
v -0.079915002 1.71086001 -0.00165800005
v -0.0786800012 1.75231004 0.00316100009
v -0.0764510036 1.74501002 0.0211159997
v -0.0779170021 1.76935005 0.0118880002
v -0.0747879967 1.76329994 0.0298629999
v -0.0772039965 1.71366 0.00251000002
v -0.0822060034 1.71862996 -0.00346400007
v -0.0776989982 1.72528005 0.00281900004
v -0.0753189996 1.73104 0.0208889991
v -0.0757810026 1.73538005 0.00665700017
v -0.0741939992 1.72508001 0.00803699996
v -0.0733160004 1.71518004 0.00872800034
v -0.0749849975 1.72068 0.0218940005
v -0.0857890025 1.71982002 -0.0173170008
v -0.0815490037 1.71141005 -0.0108789997
v -0.0777330026 1.71299005 -0.00304899993
v -0.0783350021 1.71826005 -0.00492700003
v -0.0838759989 1.73317003 -0.00545000006
v -0.0827459991 1.73407996 -0.00677300012
v -0.0826959983 1.73854005 -0.00560399983
v -0.0819849968 1.72590005 -0.0047050002
v -0.0815809965 1.71651995 -0.0103430003
v -0.0866329968 1.72372997 -0.0160360001
v -0.0846450031 1.73978996 -0.0133229997
v -0.0827110037 1.72873998 -0.015044
v -0.0800819993 1.72325003 -0.012604
v -0.068843998 1.76074004 -0.0715430006
v -0.0488010012 1.76440001 -0.0920249969
v -0.0616450012 1.74147999 -0.0698689967
v -0.0350820012 1.74044001 -0.0894849971
v -0.0402280018 1.71155 -0.0705400035
v 0 1.74142003 -0.0973929986
v 0 1.82166004 -0.0958100036
v -0.0243309997 1.81959999 -0.090902999
v 0 1.84057999 -0.0843880028
v -0.0240800008 1.83837998 -0.0790430009
v -0.0620260015 1.83211994 -0.0505429991
v -0.047375001 1.83485997 -0.0688040033
v -0.0677630007 1.81446004 -0.0590929985
v -0.0506730005 1.81589997 -0.0799319968
v -0.0595480017 1.84599996 0.00364000001
v -0.0575050004 1.84789002 -0.0226930007
v -0.0751219988 1.82493997 -0.00633700006
v -0.0718209967 1.82840002 -0.0309580006
v -0.0387380011 1.86084998 -0.0242270008
v -0.0353009999 1.86142004 0.00970899966
v -0.0124620004 1.86701 0.0120959999
v -0.0172959995 1.86705005 -0.0248019993
v 0 1.86949003 -0.0252599996
v 0 1.86833 0.0125489999
v 0 1.79284 -0.105686001
v -0.071333997 1.78577006 -0.0694070011
v -0.0510779992 1.78889 -0.0901840031
v -0.0797709972 1.79964995 0.00667899987
v -0.0804179981 1.80560994 -0.0153209995
v -0.0806400031 1.77537 -0.00524399988
v -0.0812439993 1.77888 -0.0225399993
v -0.0795909986 1.7823 -0.0464439988
v -0.0781859979 1.81075001 -0.0391520001
v -0.076681003 1.79347003 0.0266479999
v -0.0729639977 1.81887996 0.0212730002
v -0.069885999 1.81019998 0.0421199985
v 0 1.85977995 -0.0580689982
v -0.0225889999 1.85634995 -0.055342
v -0.0535090007 1.84618998 -0.0412219986
v -0.0435900018 1.85099006 -0.049203001
v -0.0674559996 1.70898998 -0.0216809995
v -0.0632399991 1.69746995 -0.0183179993
v -0.067809999 1.70846999 -0.0192879997
v -0.0654970035 1.69326997 -0.00420999993
v -0.0753419995 1.73909998 -0.0471649989
v -0.0649809986 1.71262002 -0.0384350009
v -0.0750809982 1.73624003 -0.0329429992
v -0.0577999987 1.69679999 -0.0359110013
v -0.0345790014 1.69625998 -0.0593230017
v 0 1.71299005 -0.0809670016
v 0 1.69825006 -0.0693209991
v -0.0789700001 1.75975001 -0.0493209995
v -0.0801960006 1.71056998 -0.008103
v 0.0790039971 1.70639002 -0.0164609998
v 0.0845569968 1.71489 -0.0187950004
v 0.0841810033 1.70706999 -0.0156759992
v 0.0881500021 1.71616006 -0.0181109998
v 0.0836220011 1.71054995 -0.0103890002
v 0.087669 1.71937001 -0.0171489995
v 0.0819810033 1.70148003 -0.0113169998
v 0.0791530013 1.69800997 -0.00260300003
v 0.0767309964 1.70054996 -0.0137799997
v 0.0725739971 1.69658005 -0.00530900015
v 0.0707840025 1.69993997 0.00862199999
v 0.0680970028 1.69707 0.00389400008
v 0.0757950023 1.69774997 0.00473800022
v 0.0690969974 1.69606996 0.00146699999
v 0.0838799998 1.74082005 7.20000025e-05
v 0.0788590014 1.73478997 0.00195499999
v 0.0844969973 1.73784006 -0.00389000005
v 0.0809359998 1.72783995 -0.0020310001
v 0.0720200017 1.70850003 -0.0183189996
v 0.0707020015 1.70128 -0.00615399983
v 0.0675449967 1.69755006 -0.00470700022
v 0.07553 1.71103001 -0.0181029998
v 0.079915002 1.71086001 -0.00165800005
v 0.0822620019 1.70951998 -0.00676999986
v 0.0776989982 1.72528005 0.00281900004
v 0.0772039965 1.71366 0.00251000002
v 0.0822060034 1.71862996 -0.00346400007
v 0.0095619997 1.82072997 0.0933839977
v 0.0235370006 1.81974006 0.090745002
v 0.00858400017 1.84217 0.0793989971
v 0.0237479992 1.84055996 0.076748997
v 0.0741939992 1.72508001 0.00803699996
v 0.0749849975 1.72068 0.0218940005
v 0.0733160004 1.71518004 0.00872800034
v 0 1.82064998 0.0941679999
v 0 1.84265006 0.0804949999
v 0.0857890025 1.71982002 -0.0173170008
v 0.0815490037 1.71141005 -0.0108789997
v 0.0777330026 1.71299005 -0.00304899993
v 0.0783350021 1.71826005 -0.00492700003
v 0.0826959983 1.73854005 -0.00560399983
v 0.0827459991 1.73407996 -0.00677300012
v 0.0838759989 1.73317003 -0.00545000006
v 0.0819849968 1.72590005 -0.0047050002
v 0.0866329968 1.72372997 -0.0160360001
v 0.0815809965 1.71651995 -0.0103430003
v 0.0800819993 1.72325003 -0.012604
v 0.068843998 1.76074004 -0.0715420023
v 0.0616450012 1.74147999 -0.0698679984
v 0.0488010012 1.76440001 -0.0920239985
v 0.0350820012 1.74044001 -0.0894839987
v 0.0402280018 1.71155 -0.0705389977
v 0.0257079992 1.76560998 -0.100685
v 0.0243309997 1.81959999 -0.090902999
v 0.0240800008 1.83837998 -0.0790430009
v 0.0506730005 1.81589997 -0.0799319968
v 0.047375001 1.83485997 -0.0688040033
v 0.0677630007 1.81446004 -0.0590929985
v 0.0620260015 1.83211994 -0.0505429991
v 0.0353009999 1.86142004 0.00970899966
v 0.0124620004 1.86701 0.0120959999
v 0.0341989994 1.85443997 0.0499810018
v 0.0124559999 1.85933006 0.0547030009
v 0 1.85999 0.0563860014
v 0.0595480017 1.84599996 0.00364000001
v 0.0751219988 1.82493997 -0.00633700006
v 0.0575050004 1.84789002 -0.0226930007
v 0.0718209967 1.82840002 -0.0309580006
v 0.0387380011 1.86084998 -0.0242270008
v 0.0172959995 1.86705005 -0.0248009991
v 0.0255449992 1.79155004 -0.100441001
v 0.071333997 1.78577006 -0.0694070011
v 0.0510779992 1.78889 -0.0901840031
v 0.0812439993 1.77888 -0.0225399993
v 0.0804179981 1.80560994 -0.0153200002
v 0.0806400031 1.77537 -0.00524399988
v 0.0797709972 1.79964995 0.00667899987
v 0.0781859979 1.81075001 -0.0391520001
v 0.0795909986 1.7823 -0.0464430004
v 0.0803790018 1.76029003 -0.0279690009
v 0.0750809982 1.73624003 -0.0329420008
v 0.0789700001 1.75975001 -0.0493200012
v 0.0753419995 1.73909998 -0.0471640006
v 0.0757810026 1.73538005 0.00665700017
v 0.0753189996 1.73104 0.0208889991
v 0.076681003 1.79347003 0.0266479999
v 0.0747879967 1.76329994 0.0298629999
v 0.0779170021 1.76935005 0.0118880002
v 0.0225889999 1.85634995 -0.055342
v 0.0435900018 1.85099006 -0.049203001
v 0.0535090007 1.84618998 -0.0412219986
v 0.0305659994 1.83971 0.0753320009
v 0.0302889999 1.81923997 0.0887899995
v 0.0649809986 1.71262002 -0.0384339988
v 0.0674559996 1.70898998 -0.0216799993
v 0.0345790014 1.69625998 -0.0593219995
v 0.0577999987 1.69679999 -0.0359099992
v 0.0811159983 1.75870001 -0.0259850007
v 0.0632399991 1.69746995 -0.0183179993
v 0.0801960006 1.71056998 -0.008103
v 0.0654970035 1.69326997 -0.00420999993
v 0.0729639977 1.81887996 0.0212730002
v 0.0567799993 1.84054995 0.0368830003
v 0.046418 1.83448005 0.068595998
v 0.0543060005 1.82947004 0.0627029985
v 0.0610690005 1.82305002 0.0553920008
v 0.069885999 1.81019998 0.0421199985
v 0.0364300013 1.83843994 0.0735279992
v 0.0587709993 1.80712998 0.0704580024
v 0.0667200014 1.79744005 0.0581680015
v 0.0509949997 1.81289005 0.0775860026
v 0.043903999 1.81637001 0.0826020017
v 0.0365779996 1.81830001 0.0863260031
v -0.0095619997 1.82072997 0.0933839977
v -0.00858400017 1.84217 0.0793989971
v -0.0235370006 1.81974006 0.090745002
v -0.0237479992 1.84055996 0.076748997
v -0.0124559999 1.85933006 0.0547030009
v -0.0302889999 1.81923997 0.0887899995
v -0.0305659994 1.83971 0.0753320009
v -0.0364300013 1.83843994 0.0735279992
v -0.0365779996 1.81830001 0.0863260031
v -0.0567799993 1.84054995 0.0368830003
v -0.0341989994 1.85443997 0.0499810018
v -0.046418 1.83448005 0.068595998
v -0.0543060005 1.82947004 0.0627029985
v -0.0610690005 1.82305002 0.0553920008
v -0.0587709993 1.80712998 0.0704580024
v -0.0667200014 1.79744005 0.0581680015
v -0.0509949997 1.81289005 0.0775860026
v -0.043903999 1.81637001 0.0826020017
v 0.0788939968 1.75161004 0.00125500001
v 0.0832220018 1.75010002 -0.00519199995
v 0.0808499977 1.75797999 -0.0124530001
v 0.0841080025 1.75112998 -0.00883499999
v 0.0868180022 1.74467003 -0.00797499996
v 0.0867490023 1.74834001 -0.00622500014
v 0.0875890031 1.74899006 -0.00903800037
v 0.0877249986 1.74593997 -0.010361
v 0.0786800012 1.75231004 0.00316100009
v 0.0764510036 1.74501002 0.0211159997
v 0.0844750032 1.74400997 -0.0087580001
v 0.0854490027 1.74523997 -0.0109940004
v 0.0814990029 1.76248002 -0.0115520004
v 0.0884300023 1.74963999 -0.0118509997
v 0.0886320025 1.74721003 -0.0127480002
v 0.0849940032 1.75215006 -0.0124779996
v 0.0862789974 1.75163996 -0.0160189997
v 0.0892049968 1.74908996 -0.0149680004
v 0.0891029984 1.74686003 -0.015191
v 0.0895809978 1.74285996 -0.0184959993
v 0.089974001 1.74453998 -0.019506
v 0.0895740017 1.74652004 -0.0176340006
v 0.0899799988 1.74854004 -0.0180840008
v 0.0875390023 1.74637997 -0.0206739996
v 0.087563999 1.75111997 -0.0195599999
v 0.0875739977 1.74225998 -0.0186320003
v 0.0874890015 1.74576998 -0.0179019999
v 0.0869570002 1.74611998 -0.0155659998
v 0.0860989988 1.74649 -0.0211159997
v 0.0864240006 1.74646997 -0.0132299997
v -0.0867490023 1.74834001 -0.00622500014
v -0.0868180022 1.74467003 -0.00797499996
v -0.0841080025 1.75112998 -0.00883499999
v -0.0849940032 1.75215006 -0.0124779996
v -0.0875890031 1.74899006 -0.00903800037
v -0.0884300023 1.74963999 -0.0118509997
v -0.0877249986 1.74593997 -0.010361
v -0.0886320025 1.74721003 -0.0127480002
v -0.0788939968 1.75161004 0.00125500001
v -0.0832220018 1.75010002 -0.00519199995
v -0.0891029984 1.74686003 -0.015191
v -0.0892049968 1.74908996 -0.0149680004
v -0.0844750032 1.74400997 -0.0087580001
v -0.0854490027 1.74523997 -0.0109940004
v -0.0864240006 1.74646997 -0.0132299997
v -0.0803790018 1.76029003 -0.0279699992
v -0.0814990029 1.76248002 -0.0115529997
v -0.0808499977 1.75797999 -0.0124540003
v -0.0862789974 1.75163996 -0.0160189997
v -0.0869570002 1.74611998 -0.0155659998
v -0.0899799988 1.74854004 -0.0180840008
v -0.087563999 1.75111997 -0.0195599999
v -0.0895740017 1.74652004 -0.0176340006
v -0.0874890015 1.74576998 -0.0179019999
v -0.0875739977 1.74225998 -0.0186320003
v -0.0895809978 1.74285996 -0.0184959993
v -0.089974001 1.74453998 -0.019506
v -0.0875390023 1.74637997 -0.0206739996
v -0.0860989988 1.74649 -0.0211159997
v -0.0833579972 1.72855997 -0.0238099992
v -0.0794840008 1.73140001 -0.0263650008
v -0.0899759978 1.72758996 -0.0216119997
v -0.0872119963 1.72748995 -0.0223510005
v -0.0896390006 1.72893 -0.0200750008
v -0.0877870023 1.72897005 -0.0200510006
v -0.0879900008 1.72983003 -0.0175480004
v -0.0858310014 1.72930002 -0.0157559998
v -0.0748940036 1.73557997 -0.0306299999
v -0.0811159983 1.75870001 -0.0259860009
v -0.0839949995 1.73520994 -0.0232410002
v -0.0873629972 1.73457003 -0.0220699999
v -0.0899719968 1.73406005 -0.0212699994
v -0.0896129981 1.73406994 -0.0197160002
v -0.0877230018 1.73386002 -0.0197069999
v -0.0879800022 1.73370004 -0.0174180008
v -0.0899680033 1.74054003 -0.0209270008
v -0.089587003 1.7392 -0.0193569995
v -0.0875129998 1.74163997 -0.0217879992
v -0.087658003 1.73874998 -0.0193629991
v -0.0872469991 1.74084997 -0.013971
v -0.0879700035 1.73757005 -0.0172889996
v -0.0836990029 1.75564003 -0.0229620002
v -0.081592001 1.74352002 -0.0246639997
v -0.0846330002 1.74186003 -0.0226729997
v 0.0872119963 1.72748995 -0.0223510005
v 0.0899759978 1.72758996 -0.0216119997
v 0.0896390006 1.72893 -0.0200750008
v 0.0877870023 1.72897005 -0.0200510006
v 0.0879900008 1.72983003 -0.0175480004
v 0.0858310014 1.72930002 -0.0157559998
v 0.0827110037 1.72873998 -0.0150429998
v 0.067809999 1.70846999 -0.0192869995
v 0.0748940036 1.73557997 -0.0306289997
v 0.0846450031 1.73978996 -0.0133229997
v 0.0833579972 1.72855997 -0.0238090008
v 0.0794840008 1.73140001 -0.0263650008
v 0.0873629972 1.73457003 -0.0220699999
v 0.0839949995 1.73520994 -0.0232410002
v 0.0875129998 1.74163997 -0.0217879992
v 0.0846330002 1.74186003 -0.0226729997
v 0.0899719968 1.73406005 -0.0212699994
v 0.0899680033 1.74054003 -0.0209270008
v 0.0896129981 1.73406994 -0.0197160002
v 0.089587003 1.7392 -0.0193569995
v 0.0877230018 1.73386002 -0.0197069999
v 0.087658003 1.73874998 -0.0193629991
v 0.0879800022 1.73370004 -0.0174180008
v 0.0879700035 1.73757005 -0.0172889996
v 0.0872469991 1.74084997 -0.013971
v 0.0836990029 1.75564003 -0.0229620002
v 0.081592001 1.74352002 -0.0246629994
v -0.0714830011 1.70431006 0.00930900034
v -0.072296001 1.70877004 0.0216380004
v 0.0715190023 1.70431006 0.00932000019
v 0.072296001 1.70877004 0.0216380004
v -0.0575949997 1.68346 -0.0177389998
v -0.0464890003 1.67214 -0.0361870006
v -0.0523610003 1.66979003 -0.0182240009
v -0.0509160012 1.68471003 -0.0356989987
v -0.0142710004 1.63660002 0.0448280014
v 0 1.63244998 0.0447349995
v -0.0121339997 1.63602996 0.0556060001
v 0 1.63363004 0.055381
v 0 1.62928998 0.0374989994
v -0.0188209992 1.63659 0.0342760012
v -0.0294119995 1.64286995 0.0435439982
v -0.0436059982 1.65130997 0.044941999
v -0.0337669998 1.64525998 0.036293
v -0.0593519993 1.68045998 -0.00271899998
v -0.0532350019 1.66340995 -0.0038960001
v -0.0479499996 1.65683997 0.0052769999
v -0.0547389984 1.66665006 0.0100870002
v -0.0253020003 1.64108002 0.051479999
v -0.0269099995 1.63856006 0.0296359994
v -0.0402510017 1.64874005 0.0151490001
v -0.0462540016 1.6566 0.02128
v -0.0324789993 1.64239001 0.0228410009
v -0.040693 1.65059996 0.0284000002
v -0.0299110003 1.68454003 -0.054818999
v -0.026486 1.67256999 -0.0519259982
v 0 1.68463004 -0.0632999986
v 0 1.67316997 -0.0602280013
v 0.0523610003 1.66979003 -0.0182240009
v 0.0464890003 1.67214 -0.0361859985
v 0.0509160012 1.68471003 -0.0356980003
v 0.0575949997 1.68346 -0.0177389998
v 0.0121339997 1.63602996 0.0556069985
v 0.0142710004 1.63660002 0.0448280014
v 0.0188209992 1.63659 0.0342760012
v 0.0337669998 1.64525998 0.036293
v 0.0436059982 1.65130997 0.044941999
v 0.0294119995 1.64286995 0.0435439982
v 0.0532350019 1.66340995 -0.0038960001
v 0.0593519993 1.68045998 -0.00271899998
v 0.0479499996 1.65683997 0.0052769999
v 0.0547389984 1.66665006 0.0100870002
v 0.0253020003 1.64108002 0.051479999
v 0.0269099995 1.63856006 0.0296359994
v 0.0402510017 1.64874005 0.0151490001
v 0.0462540016 1.6566 0.02128
v 0.040693 1.65059996 0.0284000002
v 0.0324789993 1.64239001 0.0228410009
v 0.0299110003 1.68454003 -0.0548180006
v 0.026486 1.67256999 -0.0519249998
v -0.0281140003 1.64067996 0.0683489963
v -0.0391770005 1.6494 0.0691229999
v -0.0335050002 1.64400005 0.0606469996
v -0.0171300005 1.64558995 0.0962150022
v -0.0252260007 1.64980996 0.0890939981
v -0.0178759992 1.63909996 0.090297997
v -0.0249249991 1.64162004 0.0839259997
v -0.0221549999 1.63796997 0.0754150003
v -0.0161680002 1.63565004 0.0812020004
v -0.0461210012 1.65404999 0.0606359988
v -0.0387290008 1.64761996 0.0525839999
v -0.00973900035 1.64286005 0.100527003
v -0.00985199958 1.63663995 0.0961019993
v 0 1.64104998 0.102605999
v 0 1.63483 0.0980679989
v -0.0095619997 1.63365996 0.085777998
v 0 1.63162005 0.0876950026
v -0.032912001 1.64554 0.0760779977
v -0.0101659996 1.63578999 0.0664210021
v 0 1.63344002 0.0678080022
v -0.00858400017 1.63434005 0.0760120004
v 0 1.63262999 0.077068001
v -0.0176219996 1.63766003 0.067553997
v -0.0145439999 1.63587999 0.0737179965
v -0.0211549997 1.63935006 0.0601809993
v -0.0330159999 1.65448999 0.0827220008
v 0.0249249991 1.64162004 0.0839259997
v 0.0252250005 1.64980996 0.0890939981
v 0.0178759992 1.63909996 0.090297997
v 0.0171300005 1.64558995 0.0962150022
v 0.0221549999 1.63796997 0.0754150003
v 0.0161680002 1.63565004 0.0812020004
v 0.0387290008 1.64761996 0.0525839999
v 0.0461210012 1.65404999 0.0606359988
v 0.0335050002 1.64400005 0.0606480017
v 0.00985199958 1.63663995 0.0961019993
v 0.00973900035 1.64286005 0.100527003
v 0.0095619997 1.63365996 0.085777998
v 0.0281140003 1.64067996 0.0683489963
v 0.032912001 1.64554 0.0760779977
v 0.00858400017 1.63434005 0.0760120004
v 0.0101659996 1.63578999 0.0664210021
v 0.0176219996 1.63766003 0.067553997
v 0.0145439999 1.63587999 0.0737179965
v 0.0211549997 1.63935006 0.0601809993
v 0.0391770005 1.6494 0.0691229999
v 0.0329799987 1.65448999 0.0827179998
v -0.070171997 1.69738996 0.0103979995
v -0.0705239996 1.69845998 0.0208260007
v -0.0690020025 1.69085002 0.0205889996
v -0.0717710033 1.73863006 0.0427689999
v -0.0618560016 1.67347002 0.0149670001
v -0.0549140014 1.66305006 0.0267779995
v -0.0624229982 1.67137003 0.0315710008
v -0.0656879991 1.67904997 0.0192310009
v -0.0634879991 1.68368995 0.00670500007
v -0.0664850026 1.68765998 0.0112140002
v -0.051213 1.65856004 0.0525720008
v -0.0656920001 1.68251002 0.0342929997
v -0.0722630024 1.72126997 0.0522300005
v -0.0679780021 1.69175005 0.0366480015
v -0.0726739988 1.71159005 0.0460919999
v -0.0706280023 1.70167005 0.0413499996
v -0.0545989983 1.66972995 0.0594630018
v -0.0488150008 1.66515994 0.0688079968
v -0.0560010001 1.67904997 0.0656270012
v -0.0571630001 1.66471004 0.0423900001
v -0.0497229993 1.65725994 0.0353330001
v -0.0603699982 1.67502999 0.0488240011
v -0.0621969998 1.68412006 0.053247001
v -0.0639130026 1.69379997 0.0588909984
v -0.0653290004 1.70333004 0.0646869987
v -0.0669490024 1.69373 0.00459499983
v -0.0431200005 1.67360997 0.0818379968
v -0.0494190007 1.67534995 0.0748170018
v -0.0374890007 1.68146002 0.089459002
v -0.0376939997 1.67376995 0.0866300017
v -0.0344850011 1.68025994 0.0903550014
v -0.0338210016 1.67385006 0.0889139995
v -0.0489329994 1.68570006 0.0808599964
v -0.0563730001 1.68873 0.072405003
v -0.0425239988 1.68340003 0.0867170021
v -0.0469349995 1.69363999 0.0871659964
v -0.0398610011 1.69001997 0.0909390002
v -0.0352130011 1.68690002 0.0922510028
v -0.0314409994 1.69209003 0.0949959978
v -0.0344289988 1.69575 0.0943629965
v -0.0223689992 1.69658995 0.0996939987
v -0.0408569984 1.66119003 0.077343002
v 0.0408569984 1.66119003 0.077343002
v 0.0545989983 1.66972995 0.0594630018
v 0.0571630001 1.66471004 0.0423900001
v 0.0603699982 1.67502999 0.0488240011
v 0.0690020025 1.69085002 0.0205889996
v 0.0701979995 1.69737995 0.0103940004
v 0.0705239996 1.69845998 0.0208260007
v 0.0717710033 1.73863006 0.0427689999
v 0.0549140014 1.66305006 0.0267779995
v 0.0618490018 1.67347002 0.0149689997
v 0.0656860024 1.67904997 0.0192319993
v 0.0624229982 1.67137003 0.0315710008
v 0.0634879991 1.68368995 0.00670500007
v 0.0664890036 1.68765998 0.0112129999
v 0.051213 1.65856004 0.0525720008
v 0.0656920001 1.68251002 0.0342929997
v 0.0722630024 1.72126997 0.0522300005
v 0.0679780021 1.69175005 0.0366480015
v 0.0726739988 1.71159005 0.0460919999
v 0.0706280023 1.70167005 0.0413499996
v 0.0488150008 1.66515994 0.0688079968
v 0.0560010001 1.67904997 0.0656270012
v 0.0497229993 1.65725994 0.0353330001
v 0.0621969998 1.68412006 0.053247001
v 0.0639130026 1.69379997 0.0588909984
v 0.0653290004 1.70333004 0.0646869987
v 0.0669490024 1.69373 0.00459499983
v 0.0673969984 1.73938 0.0571510009
v 0.0646009967 1.71076 0.0714000016
v 0.0705000013 1.75706995 0.0473139994
v 0.0664499998 1.75067997 0.0591240004
v 0.0563730001 1.68873 0.072405003
v 0.0374890007 1.68146002 0.089459002
v 0.0344850011 1.68025994 0.0903550014
v 0.0376939997 1.67376995 0.0866300017
v 0.0338210016 1.67385006 0.0889139995
v 0.0404120013 1.70077002 0.0936440006
v 0.0469349995 1.69363999 0.0871659964
v 0.0538760014 1.70484996 0.0845519975
v 0.0561150014 1.69733 0.0787049979
v 0.0489329994 1.68570006 0.0808599964
v 0.0494190007 1.67534995 0.0748170018
v 0.0431200005 1.67360997 0.0818379968
v 0.0425239988 1.68340003 0.0867170021
v 0.0398610011 1.69001997 0.0909390002
v 0.0344339982 1.69575 0.0943719968
v 0.0352130011 1.68690002 0.0922510028
v 0.0314409994 1.69209003 0.0949959978
v 0.0223689992 1.69658995 0.0996939987
v 0.0248099994 1.72060001 0.0970079973
v 0.015106 1.71877003 0.101374
v 0.0241369996 1.71439004 0.0983669981
v -0.0225799996 1.70106995 0.0995350033
v -0.0233459994 1.70731997 0.0993179977
v 0.0161109995 1.72503996 0.0996019989
v 0.0386379994 1.71099997 0.0952859968
v 0.0233459994 1.70731997 0.0993179977
v 0.0370000005 1.71814001 0.0949599966
v 0.0225799996 1.70106995 0.0995350033
v 0.0439339988 1.72420001 0.0917290002
v 0.0343080014 1.72368002 0.0939209983
v 0.0564149991 1.72248006 0.0830269977
v 0.0616319999 1.71630001 0.0772420019
v 0.0630830005 1.72955 0.0732410029
v 0.0684430003 1.72648001 0.0640640035
v 0.0470199995 1.71956003 0.0911519974
v 0.0508549996 1.71103001 0.0877560005
v 0.0646329969 1.73949003 0.0643339977
v 0.0155499997 1.73178995 0.0947180018
v 0.0245350003 1.72626996 0.0948479995
v 0.0607599989 1.74052 0.0700910017
v 0.0316380002 1.74283004 0.0797360018
v 0.0257629994 1.73837996 0.0902530029
v 0.0330899991 1.73596001 0.091196999
v 0.0585700013 1.73222995 0.0778139979
v 0.0524609983 1.72713995 0.0850730017
v 0.0252989996 1.73794997 0.0917109996
v 0.0197359994 1.73728001 0.0902609974
v 0.0246380009 1.73301005 0.0925119966
v 0.0171290003 1.73418999 0.0909169987
v 0.0513449982 1.73461998 0.0816560015
v 0.0539660007 1.73353004 0.0798119977
v 0.0560030006 1.74170995 0.0755229965
v 0.0578670017 1.74135005 0.0735360011
v 0.0247109998 1.73139 0.0927739963
v 0.0323119983 1.72783995 0.0923720002
v 0.0412850007 1.72733998 0.0906789973
v 0.0321080014 1.72985995 0.0922359973
v 0.0405629985 1.72905004 0.0909020007
v 0.049465999 1.73915994 0.0857810006
v 0.0479030013 1.73933005 0.0855010003
v 0.0440049991 1.73637998 0.0896530002
v 0.0432190001 1.73705995 0.088955
v 0.046670001 1.73135996 0.0863889977
v 0.0389130004 1.73501003 0.0925329998
v 0.0330960006 1.73537004 0.0927919969
v 0.0487589985 1.72943997 0.0855619982
v 0.0382089987 1.73575997 0.0908140019
v 0.0217829999 1.73829997 0.0879499987
v 0.0376800001 1.74346006 0.0793410018
v 0.0426120013 1.74404001 0.0777140036
v 0.0250400007 1.74249005 0.0788180009
v 0.0217170008 1.74118996 0.0769620016
v 0.0177560002 1.69912004 0.101843998
v 0.0193169992 1.70255005 0.100722
v 0.0141200004 1.71171999 0.102794997
v 0.0152780004 1.69726002 0.103704996
v 0.0161669999 1.70002997 0.102518998
v 0.0170549992 1.70279002 0.101333998
v 0.0149189997 1.70902002 0.104152001
v 0.0128760003 1.71081996 0.109770998
v 0.00687499996 1.69992995 0.110385001
v 0.00677799992 1.69799995 0.109617002
v 0.00962700043 1.69918001 0.111316003
v 0.0114080003 1.69825995 0.110845
v 0.00472600013 1.69840002 0.113893002
v 0.0166650005 1.70512998 0.106223002
v 0.0149800004 1.70614004 0.109614998
v 0.0132959997 1.70714998 0.113006003
v 0.013514 1.70467997 0.113902003
v 0.0165810008 1.70169997 0.105956003
v -0.0193169992 1.70255005 0.100722
v -0.0141200004 1.71171999 0.102794997
v -0.0161669999 1.70002997 0.102518998
v -0.0177560002 1.69912004 0.101843998
v -0.0152780004 1.69726002 0.103704996
v -0.0170549992 1.70279002 0.101333998
v -0.0128760003 1.71081996 0.109770998
v -0.0149189997 1.70902002 0.104152001
v -0.0114080003 1.69825995 0.110845
v -0.0163349994 1.69973004 0.107887
v -0.00687499996 1.69992995 0.110385001
v -0.00962700043 1.69918001 0.111316003
v -0.00677799992 1.69799995 0.109617002
v -0.00472600013 1.69840002 0.113893002
v -0.0166650005 1.70512998 0.106223002
v -0.0150469998 1.70318997 0.109929003
v -0.0150180003 1.70097005 0.111394003
v -0.013514 1.70467997 0.113902003
v -0.0137010003 1.70220995 0.1149
v -0.0165810008 1.70169997 0.105956003
v -0.0149800004 1.70614004 0.109614998
v -0.0132959997 1.70714998 0.113006003
v 0.0150180003 1.70097005 0.111394003
v 0.0163349994 1.69973004 0.107887
v 0.0150469998 1.70318997 0.109929003
v 0.0137010003 1.70220995 0.1149
v -0.0100689996 1.73653996 0.0998440012
v -0.00564899994 1.73386002 0.108046003
v -0.00625000009 1.74055004 0.104400001
v -0.0102059999 1.72906005 0.103295997
v -0.00997000001 1.72248995 0.106348
v -0.00536500011 1.72555006 0.112810001
v 0 1.73469996 0.108716004
v 0 1.74141002 0.105098002
v 0 1.72590995 0.114055999
v 0.0102059999 1.72906005 0.103295997
v 0.0100689996 1.73653996 0.0998440012
v 0.00625000009 1.74055004 0.104400001
v 0.00564899994 1.73386002 0.108046003
v 0.00536500011 1.72555006 0.112810001
v 0.00997000001 1.72248995 0.106348
v -0.00982999988 1.71416998 0.111772999
v 0 1.71902001 0.118524
v -0.00530100008 1.71801996 0.117271997
v -0.00484000007 1.69877005 0.118522003
v -0.00254800008 1.69725001 0.11964
v 0 1.69683003 0.120327003
v -0.00320399995 1.70003998 0.123939998
v 0 1.70011997 0.124395996
v 0 1.70494998 0.126039997
v -0.00458899979 1.70439005 0.125643
v -0.00529300002 1.7076 0.125861004
v 0 1.70825005 0.126543999
v 0 1.71248996 0.125447005
v -0.00624099979 1.71213996 0.124637
v 0.00530100008 1.71801996 0.117271997
v 0.00484000007 1.69877005 0.118522003
v 0.00254800008 1.69725001 0.11964
v 0.00320399995 1.70003998 0.123939998
v 0.00458899979 1.70439005 0.125643
v 0.00529300002 1.7076 0.125861004
v 0.00624099979 1.71213996 0.124637
v -0.0100520002 1.7098 0.117999002
v -0.0101800002 1.70650995 0.119840004
v -0.00937699992 1.70394003 0.121845998
v -0.00726999994 1.70025003 0.12032
v -0.0115390001 1.70308006 0.118372999
v -0.0118469996 1.70559001 0.116870999
v -0.00921799988 1.70003998 0.117622003
v -0.011167 1.69983006 0.114923999
v -0.011674 1.70846999 0.115502998
v -0.00546200015 1.70046997 0.116218999
v -0.0077010002 1.70000005 0.117078997
v -0.011287 1.69904995 0.112884998
v -0.00915000029 1.69974005 0.112623997
v -0.00867199991 1.70029998 0.113931999
v -0.00818699971 1.70015001 0.115506001
v -0.00607499992 1.70001996 0.113523997
v 0.00982999988 1.71416998 0.111772999
v 0.0100520002 1.7098 0.117999002
v 0.0101800002 1.70650995 0.119840004
v 0.00937699992 1.70394003 0.121845998
v 0.00726999994 1.70025003 0.12032
v 0.0118469996 1.70559001 0.116870999
v 0.0115390001 1.70308006 0.118372999
v 0.00921799988 1.70003998 0.117622003
v 0.011674 1.70846999 0.115502998
v 0.0077010002 1.70000005 0.117078997
v 0.00546200015 1.70046997 0.116218999
v 0.011287 1.69904995 0.112884998
v 0.00915000029 1.69974005 0.112623997
v 0.00818699971 1.70015001 0.115506001
v 0.00607499992 1.70001996 0.113523997
v 0.00867199991 1.70029998 0.113931999
v 0.011167 1.69983006 0.114923999
v 0.0106779998 1.74399996 0.0986339971
v 0.012263 1.74141002 0.0930000022
v 0.0143849999 1.74087 0.0912659988
v 0.0729229972 1.78328001 0.0425290018
v 0.0677890033 1.77302003 0.0560359992
v 0.00677500013 1.74697995 0.103104003
v 0.0194959994 1.74364996 0.0914620012
v 0.0176679995 1.74049997 0.0897160023
v 0.0533119999 1.74318004 0.0818170011
v 0.0208289996 1.74085999 0.0879350007
v 0.0526360013 1.74320996 0.0813359991
v 0.0509810001 1.74764001 0.0838980004
v 0.0517540015 1.74844003 0.0850849971
v 0.0466899984 1.74978995 0.0873679966
v 0.0478979982 1.75038004 0.0886510015
v 0.0198410004 1.74294996 0.0906969979
v 0.0221280009 1.74281001 0.0894720033
v 0.0546169989 1.74627995 0.0798349977
v 0.053208001 1.74580002 0.0804629996
v 0.0519869998 1.74483001 0.0699580014
v 0.0472959988 1.74456 0.0746890008
v 0.0173889995 1.74641001 0.0935200006
v 0.0187609997 1.74514997 0.0930979997
v 0.0236840006 1.74787998 0.0937900022
v 0.0420060009 1.75101995 0.0899619982
v 0.0431380011 1.75180995 0.0916600004
v 0.0382610001 1.75114 0.0910380036
v 0.0388410017 1.75188994 0.0929099992
v 0.0348270014 1.75146997 0.0936100036
v 0.0345229991 1.75075996 0.0916310027
v 0.0239300001 1.74719 0.0932800025
v 0.0243170001 1.74661005 0.0908740014
v 0.0274340007 1.74856997 0.0915070027
v 0.0273819994 1.74915004 0.0938030034
v 0.0307940003 1.74985003 0.0917460024
v 0.0309379995 1.75051999 0.0938379988
v 0.0308679994 1.75137997 0.0940079987
v 0.0391339995 1.75268996 0.0928990021
v 0.0435190015 1.75251997 0.0915990025
v 0.0483670011 1.75093997 0.0880950019
v 0.052228 1.74897003 0.084197998
v 0.0491570011 1.80140996 0.0833389983
v 0.0554569997 1.78896999 0.0808829963
v 0.0570349991 1.79789996 0.0761109963
v 0.0152580002 1.74906003 0.0957119986
v 0.0476070009 1.79100001 0.0876709968
v 0.0539770015 1.77961004 0.084683001
v 0.0643810034 1.78841996 0.0652929991
v 0.0224559996 1.75196004 0.0950689986
v 0.0216840003 1.75434995 0.0967229977
v 0.0231359992 1.74942005 0.0949290022
v 0.0268280003 1.75197995 0.0949259996
v 0.0267360006 1.75496995 0.0953679979
v 0.0272209998 1.74994004 0.094130002
v 0.0306919999 1.75387001 0.0944909975
v 0.0539399981 1.75051999 0.081001997
v 0.0500620008 1.75355005 0.0860930011
v 0.0548489988 1.75144005 0.0776640028
v 0.0512919985 1.75611997 0.0837339982
v 0.0454300009 1.75602996 0.0912949964
v 0.0462450013 1.75804996 0.089240998
v 0.0403500013 1.75591004 0.092840001
v 0.0408140011 1.75817001 0.0917259976
v 0.0265430007 1.75723004 0.0968620032
v 0.0310999993 1.75694001 0.0949480012
v 0.0313749984 1.75917995 0.0963419974
v 0.0478040017 1.76036 0.0893440023
v 0.0421589985 1.76054001 0.0925929993
v 0.0533379987 1.75856996 0.0829079971
v 0.0367569998 1.76022005 0.0949049965
v 0.0358610004 1.75787997 0.0936380029
v 0.0354570001 1.75523996 0.0938699991
v 0.0349540003 1.75232995 0.0936729982
v 0.0638350025 1.76366997 0.0656329989
v 0.0616660006 1.75934005 0.0699680001
v 0.0119460002 1.75197005 0.0986590013
v 0.0637250021 1.74888003 0.0644849986
v 0.0602930002 1.74792004 0.0690269992
v 0.0206809994 1.75724006 0.0984259993
v 0.0567939989 1.74643004 0.0743039995
v 0.0581529997 1.74704003 0.0723429993
v 0.0619300008 1.77993 0.0709929988
v 0.0601520017 1.77469003 0.0747250021
v 0.0462809987 1.78062999 0.0903910026
v 0.0219039991 1.80476999 0.096088998
v 0.0288880002 1.80458999 0.094012998
v 0.0278149992 1.79173005 0.0978860036
v 0.0342869982 1.79180002 0.0953880027
v 0.0353179984 1.80416 0.0914949998
v 0.0207199994 1.79156005 0.0999559984
v 0.00979200006 1.79121995 0.101829
v 0.020056 1.77871001 0.102093004
v 0.00920999981 1.77802002 0.104066998
v 0.0270780008 1.77946997 0.100291997
v 0.0176439993 1.76387 0.102895997
v 0.0260860007 1.76013994 0.0983920023
v 0.0255810004 1.76619995 0.101327002
v 0.031688001 1.76194 0.0975100026
v 0.0326870009 1.76829004 0.0993539989
v 0.0497130007 1.76361001 0.0892169997
v 0.043446999 1.76374996 0.0932419971
v 0.0453040004 1.77016997 0.0928950012
v 0.0518359989 1.76962996 0.0874340013
v 0.0567359999 1.75313997 0.0759809986
v 0.0594259985 1.75539005 0.0730979964
v 0.058143001 1.76678002 0.0799029991
v 0.0554799996 1.76197004 0.0824569985
v 0.0422369987 1.80332005 0.0881429985
v 0.0408740006 1.79180002 0.0922100022
v 0.0397350006 1.78074002 0.0946680009
v 0.0390670002 1.76969004 0.0967390016
v 0.0375639983 1.76320004 0.095912002
v 0.0334330015 1.78015006 0.097969003
v 0.00771899987 1.75437999 0.102443002
v 0.00874499977 1.76259995 0.104547001
v 0.00983200036 1.80492997 0.0982350037
v -0.0729229972 1.78328001 0.0425290018
v 0 1.79120004 0.102421999
v -0.00920999981 1.77802002 0.104066998
v 0 1.77750003 0.104378998
v 0 1.80481005 0.0990250036
v -0.00771899987 1.75437999 0.102443002
v 0 1.74733996 0.104249001
v 0 1.75418997 0.104091004
v -0.00874499977 1.76259995 0.104547001
v 0 1.76112998 0.105176002
v -0.00677500013 1.74697995 0.103104003
v -0.0106779998 1.74399996 0.0986339971
v -0.00979200006 1.79121995 0.101829
v -0.00983200036 1.80492997 0.0982350037
v -0.0705000013 1.75706995 0.0473139994
v -0.0677890033 1.77302003 0.0560359992
v -0.0643810034 1.78841996 0.0652929991
v -0.0570349991 1.79789996 0.0761109963
v -0.0491570011 1.80140996 0.0833389983
v -0.0476070009 1.79100001 0.0876709968
v -0.0554569997 1.78896999 0.0808829963
v -0.0539770015 1.77961004 0.084683001
v -0.0219039991 1.80476999 0.096088998
v -0.0288880002 1.80458999 0.094012998
v -0.0664499998 1.75067997 0.0591240004
v -0.0638350025 1.76366997 0.0656329989
v -0.0619300008 1.77993 0.0709929988
v -0.0601520017 1.77469003 0.0747250021
v -0.0207199994 1.79156005 0.0999559984
v -0.0278149992 1.79173005 0.0978860036
v -0.020056 1.77871001 0.102093004
v -0.0270780008 1.77946997 0.100291997
v -0.0342869982 1.79180002 0.0953880027
v -0.0334330015 1.78015006 0.097969003
v -0.0326870009 1.76829004 0.0993539989
v -0.0255810004 1.76619995 0.101327002
v -0.0616660006 1.75934005 0.0699680001
v -0.0554799996 1.76197004 0.0824569985
v -0.058143001 1.76678002 0.0799029991
v -0.0497130007 1.76361001 0.0892169997
v -0.0518359989 1.76962996 0.0874340013
v -0.0462809987 1.78062999 0.0903910026
v -0.0453040004 1.77016997 0.0928950012
v -0.0434460007 1.76374996 0.0932419971
v -0.0408740006 1.79180002 0.0922100022
v -0.0397350006 1.78074002 0.0946680009
v -0.0422369987 1.80332005 0.0881429985
v -0.0390670002 1.76969004 0.0967390016
v -0.0375970006 1.76320004 0.0958999991
v -0.0353179984 1.80416 0.0914949998
v -0.0317290016 1.76196003 0.097521998
v -0.0260959994 1.76014996 0.0983909965
v -0.0119460002 1.75197005 0.0986580029
v -0.0176439993 1.76387 0.102895997
v -0.0206809994 1.75724006 0.0984259993
v -0.0152580002 1.74906003 0.0957110003
v -0.012263 1.74141002 0.0930000022
v -0.0567930005 1.74643004 0.0743039995
v -0.0567359999 1.75313997 0.0759809986
v -0.0581540018 1.74704003 0.0723429993
v -0.0216840003 1.75434995 0.0967229977
v -0.0265510008 1.75724006 0.0968620032
v -0.0421580002 1.76054001 0.0925929993
v -0.0478040017 1.76036 0.0893440023
v -0.0594259985 1.75539005 0.0730979964
v -0.0602930002 1.74792004 0.0690269992
v -0.0637250021 1.74888003 0.0644849986
v -0.0533379987 1.75856996 0.0829079971
v -0.0367869996 1.76022005 0.0948939994
v -0.0314100012 1.75920999 0.0963530019
v -0.0243170001 1.74661005 0.0908740014
v -0.0198410004 1.74294996 0.0906969979
v -0.0239300001 1.74719 0.0932800025
v -0.0509810001 1.74764001 0.0838980004
v -0.0466899984 1.74978995 0.0873679966
v -0.0517540015 1.74844003 0.0850849971
v -0.0478979982 1.75038004 0.0886510015
v -0.053208001 1.74580002 0.0804629996
v -0.0546169989 1.74627995 0.0798349977
v -0.0208289996 1.74085999 0.0879350007
v -0.0221280009 1.74281001 0.0894720033
v -0.0217170008 1.74118996 0.0769620016
v -0.0519869998 1.74483001 0.0699580014
v -0.0176679995 1.74049997 0.0897160023
v -0.0173889995 1.74641001 0.0935190022
v -0.0143849999 1.74087 0.0912659988
v -0.0187609997 1.74514997 0.0930979997
v -0.0194959994 1.74364996 0.0914620012
v -0.0224559996 1.75196004 0.0950689986
v -0.0231359992 1.74942005 0.0949290022
v -0.0236840006 1.74787998 0.0937900022
v -0.0268350001 1.75198996 0.0949250013
v -0.0267440006 1.75496995 0.0953669995
v -0.0272269994 1.74995005 0.094130002
v -0.0408140011 1.75817001 0.0917270035
v -0.0462450013 1.75804996 0.089240998
v -0.0311280005 1.75697005 0.0949560031
v -0.0307180006 1.75389004 0.0944959968
v -0.0403500013 1.75591004 0.092840001
v -0.0454300009 1.75602996 0.0912949964
v -0.0548489988 1.75144005 0.0776640028
v -0.0539399981 1.75051999 0.081001997
v -0.052228 1.74897003 0.084197998
v -0.0512919985 1.75611997 0.0837339982
v -0.0500620008 1.75355005 0.0860930011
v -0.0483670011 1.75093997 0.0880950019
v -0.0435190015 1.75251997 0.0915990025
v -0.0391339995 1.75268996 0.0928990021
v -0.0358880013 1.75788999 0.0936279967
v -0.035484001 1.75523996 0.0938649997
v -0.0349770002 1.75232995 0.0936700031
v -0.0308919996 1.75139999 0.0940160006
v -0.0431380011 1.75180995 0.0916600004
v -0.0420060009 1.75101995 0.0899619982
v -0.0426120013 1.74404001 0.0777140036
v -0.0308149997 1.74986994 0.0917569995
v -0.0309599992 1.75054002 0.0938469991
v -0.0345439985 1.75075996 0.0916289985
v -0.0348489992 1.75147998 0.093607001
v -0.0388410017 1.75188994 0.0929099992
v -0.0382610001 1.75114 0.0910380036
v -0.0376800001 1.74346006 0.0793410018
v -0.0250400007 1.74249005 0.0788180009
v -0.0273880009 1.74915004 0.0938030034
v -0.0274390001 1.74857998 0.0915080011
v -0.0316380002 1.74283004 0.0797360018
v -0.0470199995 1.71956003 0.0911519974
v -0.0369729996 1.71812999 0.0948769972
v -0.0439339988 1.72420001 0.0917290002
v -0.0161119998 1.72503996 0.0996019989
v -0.0155499997 1.73178995 0.0947180018
v -0.015106 1.71877003 0.101374
v -0.0564149991 1.72248006 0.0830269977
v -0.0630830005 1.72955 0.0732410029
v -0.0616319999 1.71630001 0.0772420019
v -0.0684430003 1.72648001 0.0640640035
v -0.0508549996 1.71103001 0.0877560005
v -0.0386379994 1.71099997 0.0952859968
v -0.0241369996 1.71439004 0.0983669981
v -0.0248099994 1.72060001 0.0970079973
v -0.0538760014 1.70484996 0.0845519975
v -0.0404120013 1.70077002 0.0936440006
v -0.0343049988 1.72368002 0.0939109996
v -0.0646009967 1.71076 0.0714000016
v -0.0646329969 1.73949003 0.0643339977
v -0.0607599989 1.74052 0.0700910017
v -0.0673969984 1.73938 0.0571510009
v -0.0245350003 1.72626996 0.0948479995
v -0.0560030006 1.74170995 0.0755229965
v -0.0578670017 1.74135005 0.0735360011
v -0.0561150014 1.69733 0.0787049979
v -0.0321080014 1.72985995 0.0922359973
v -0.0247109998 1.73139 0.0927739963
v -0.0246380009 1.73301005 0.0925119966
v -0.0585700013 1.73222995 0.0778139979
v -0.0524609983 1.72713995 0.0850730017
v -0.0171290003 1.73418999 0.0909169987
v -0.0197359994 1.73728001 0.0902609974
v -0.0252989996 1.73794997 0.0917109996
v -0.0513449982 1.73461998 0.0816560015
v -0.0533119999 1.74318004 0.0818170011
v -0.049465999 1.73915994 0.0857810006
v -0.0526360013 1.74320996 0.0813359991
v -0.0479030013 1.73933005 0.0855010003
v -0.0539660007 1.73353004 0.0798119977
v -0.0323119983 1.72783995 0.0923720002
v -0.0412850007 1.72733998 0.0906789973
v -0.0405629985 1.72905004 0.0909020007
v -0.0440049991 1.73637998 0.0896530002
v -0.0432190001 1.73705995 0.088955
v -0.046670001 1.73135996 0.0863889977
v -0.0389130004 1.73501003 0.0925329998
v -0.0330960006 1.73537004 0.0927919969
v -0.0487570018 1.72943997 0.0855579972
v -0.0472959988 1.74456 0.0746890008
v -0.0217829999 1.73829997 0.0879499987
v -0.0382089987 1.73575997 0.0908140019
v -0.0257629994 1.73837996 0.0902530029
v -0.0330899991 1.73596001 0.091196999
v -0.0156810004 1.69614995 0.103000998
v -0.0330710001 1.68491006 0.0928080007
v -0.0295320004 1.68889999 0.0958319977
v -0.00354800001 1.69499004 0.110009
v 0.0330710001 1.68491006 0.0928080007
v 0.0295320004 1.68889999 0.0958319977
v 0.0156810004 1.69614995 0.103000998
v 0.00354800001 1.69499004 0.110009
v 0 1.69227004 0.109723002
v 0.00376300002 1.69340003 0.109825
v 0 1.69379997 0.109811999
v -0.0089499997 1.69598997 0.108662002
v -0.00376300002 1.69340003 0.109825
v -0.00954800006 1.69423997 0.108630002
v -0.00259299995 1.69553006 0.112397
v 0 1.69453001 0.111997999
v 0.00954800006 1.69423997 0.108630002
v 0.0089499997 1.69598997 0.108662002
v 0.00259299995 1.69553006 0.112397
v 0.0106480001 1.69045997 0.108107001
v 0.0305729993 1.67864001 0.0927970037
v 0.0292409994 1.68160999 0.0950130001
v 0.0276570003 1.67762005 0.0939820036
v 0.0254030004 1.67911994 0.0965820029
v 0.0252589993 1.67633998 0.0946210027
v 0.0235249996 1.67689002 0.0974579975
v 0.0241640005 1.67596996 0.0948700011
v 0.0224580001 1.67577004 0.0972490013
v 0.0244590007 1.67797005 0.0973069966
v 0.0263129994 1.67691004 0.0946360007
v 0.0183959994 1.67524004 0.099921003
v 0.0213959999 1.67522001 0.0963459983
v 0.0198989995 1.67595994 0.100625001
v 0.0209880006 1.67730999 0.100524999
v 0.0220320001 1.67882001 0.0999850035
v 0.0229860004 1.68043995 0.0993949994
v 0.0263260007 1.68436003 0.0977530032
v 0.0218470003 1.69297004 0.100284003
v 0.0166590009 1.68938994 0.104904003
v 0.0214649998 1.68728995 0.101829998
v 0.0200980008 1.68194997 0.102929004
v 0.0160409994 1.68414998 0.106720999
v 0.010826 1.68612003 0.109704003
v 0.0194080006 1.68017995 0.103221998
v 0.011159 1.68448997 0.110780999
v 0.0159120001 1.68225002 0.107207999
v 0.0170029998 1.67630005 0.103414997
v 0.0185710005 1.67791998 0.103603996
v 0.0100840004 1.68130004 0.110086001
v 0.00855099969 1.67761004 0.108139999
v 0.0149699999 1.67946994 0.107308999
v 0.0139199998 1.67688 0.105875999
v 0.00738700014 1.67591 0.105875
v 0.012112 1.67592001 0.104084
v 0.0153790005 1.67549002 0.102192
v 0.00383000006 1.69112003 0.109577
v 0 1.69028997 0.109605998
v -0.00383000006 1.69112003 0.109577
v -0.0106480001 1.69045997 0.108107001
v -0.00413799984 1.68708003 0.110738002
v -0.0254030004 1.67911994 0.0965820029
v -0.0292409994 1.68160999 0.0950130001
v -0.0276570003 1.67762005 0.0939820036
v -0.0305729993 1.67864001 0.0927970037
v -0.0224580001 1.67577004 0.0972480029
v -0.0235249996 1.67689002 0.0974579975
v -0.0241640005 1.67596996 0.0948700011
v -0.0252589993 1.67633998 0.0946210027
v -0.0263129994 1.67691004 0.0946360007
v -0.0244590007 1.67797005 0.0973069966
v -0.0213959999 1.67522001 0.0963459983
v -0.0198989995 1.67595994 0.100625001
v -0.0183959994 1.67524004 0.099921003
v -0.0209880006 1.67730999 0.100524999
v -0.0220320001 1.67882001 0.0999850035
v -0.0229860004 1.68043995 0.0993949994
v -0.0263260007 1.68436003 0.0977530032
v -0.0218470003 1.69297004 0.100284003
v -0.0166590009 1.68938994 0.104904003
v -0.0214649998 1.68728995 0.101829998
v -0.0200980008 1.68194997 0.102929004
v -0.010826 1.68612003 0.109702997
v -0.0160409994 1.68414998 0.106720999
v -0.0194080006 1.68017995 0.103221998
v -0.00480500003 1.68568003 0.112187997
v -0.011159 1.68448997 0.110780999
v -0.0159120001 1.68225002 0.107207999
v -0.0185710005 1.67791998 0.103603996
v -0.0170029998 1.67630005 0.103414997
v -0.00467499997 1.68203998 0.111694001
v -0.0100840004 1.68130004 0.110086001
v -0.00435600011 1.67774999 0.109393999
v -0.00855099969 1.67761004 0.108139999
v -0.0149699999 1.67946994 0.107308999
v -0.0139199998 1.67688 0.105875999
v 0 1.68063998 0.111116998
v 0 1.67681003 0.109402999
v -0.00738700014 1.67591 0.105875
v -0.00300000003 1.67525005 0.106931999
v -0.012112 1.67592001 0.104083002
v 0 1.67462003 0.106968001
v -0.0153790005 1.67549002 0.102192
v 0 1.68639004 0.109577
v 0 1.68411005 0.111584
v 0.00413799984 1.68708003 0.110738002
v 0.00480500003 1.68568003 0.112187997
v 0.00467499997 1.68203998 0.111694001
v 0.00435600011 1.67774999 0.109393999
v 0.00300000003 1.67525005 0.106932998
v -0.0345759988 1.66573 0.085849002
v -0.0236450005 1.67551005 0.094426997
v -0.025014 1.67531002 0.0937779993
v -0.0300309993 1.67431998 0.0910610035
v -0.0273439996 1.6717 0.0915850028
v -0.0276820008 1.67460001 0.0922370031
v -0.023937 1.67483997 0.0942469984
v -0.0261829998 1.67489004 0.0929739997
v -0.0265229996 1.66579998 0.0907989964
v -0.0304090008 1.66894996 0.0889390036
v -0.0155020002 1.65339994 0.0981369987
v -0.0142090004 1.66122997 0.0981910005
v -0.0227959994 1.65681005 0.0922629982
v -0.0203740001 1.66355002 0.0947830006
v -0.0294979997 1.66095996 0.0882039964
v -0.00867800042 1.65085995 0.101954997
v 0 1.64935005 0.10362
v 0.0236450005 1.67551005 0.094426997
v 0.025014 1.67531002 0.0937779993
v 0.0276810005 1.67460001 0.0922340006
v 0.0273460001 1.6717 0.091587998
v 0.0300319996 1.67431998 0.0910620019
v 0.023937 1.67483997 0.0942469984
v 0.0261829998 1.67489004 0.0929739997
v 0.0304220002 1.66894996 0.0889609978
v 0.0265319999 1.66579998 0.0908090025
v 0.0155020002 1.65339994 0.0981369987
v 0.0227959994 1.65681005 0.0922619998
v 0.0142090004 1.66122997 0.0981910005
v 0.0203789994 1.66355002 0.0947899967
v 0.0295059998 1.66094995 0.0882209986
v 0.00867800042 1.65085995 0.101954997
v 0.0345759988 1.66573 0.085849002
v -0.023519 1.67182004 0.0945539996
v -0.0259230006 1.67305005 0.0928649977
v -0.0244410001 1.67028999 0.0934929997
v -0.0220909994 1.67430997 0.0961489975
v -0.0232480001 1.67535996 0.0945089981
v -0.0217349995 1.67515004 0.0959630013
v -0.0247239992 1.67411005 0.0937149972
v -0.022775 1.67313004 0.0954530016
v -0.00771600008 1.65989995 0.100094996
v 0 1.65954006 0.100716002
v -0.00713500008 1.66394997 0.103381
v -0.0199529994 1.66787004 0.0969090015
v -0.0199030004 1.66916001 0.0980509967
v -0.0197110008 1.67109001 0.0988430008
v -0.0189909991 1.67339003 0.0993880033
v -0.0183249991 1.67497003 0.0986189991
v 0 1.66357005 0.103832997
v -0.0136360005 1.66521001 0.101101004
v -0.0142350001 1.66630006 0.102999002
v -0.0134819997 1.67303002 0.103647001
v -0.0142729999 1.66894996 0.103899002
v -0.012298 1.67567003 0.102041997
v 0.00771600008 1.65989995 0.100094996
v 0.0259230006 1.67305005 0.0928649977
v 0.0244420003 1.67028999 0.0934939981
v -0.00721800001 1.66452003 0.106014997
v -0.0078499997 1.66771996 0.106847003
v -0.00758600002 1.67261004 0.105811
v -0.00744399987 1.67572999 0.103808999
v 0 1.67446995 0.105341002
v 0 1.67139995 0.107128002
v 0 1.66680002 0.107656002
v 0 1.66396999 0.106404997
v 0.0232480001 1.67535996 0.0945089981
v 0.0220909994 1.67430997 0.0961489975
v 0.0217349995 1.67515004 0.0959630013
v 0.023519 1.67182004 0.0945539996
v 0.0247239992 1.67411005 0.0937149972
v 0.022775 1.67313004 0.0954530016
v 0.0199529994 1.66787004 0.0969090015
v 0.0197110008 1.67109001 0.0988430008
v 0.0199030004 1.66916001 0.0980509967
v 0.0183249991 1.67497003 0.0986199975
v 0.0189909991 1.67339003 0.0993880033
v 0.00713500008 1.66394997 0.103381
v 0.0136360005 1.66521001 0.101102002
v 0.0142350001 1.66630006 0.102999002
v 0.00721800001 1.66452003 0.106014997
v 0.0142729999 1.66894996 0.103899002
v 0.0078499997 1.66771996 0.106847003
v 0.0134819997 1.67303002 0.103647001
v 0.012298 1.67567003 0.102041997
v 0.00744399987 1.67572999 0.103808999
v 0.00758600002 1.67261004 0.105811
v -0.0166280009 1.67744005 0.0461630002
v -0.0186449997 1.66907001 0.0504539981
v -0.0164000001 1.67553997 0.0697970018
v -0.0127060004 1.66559005 0.0686559975
v -0.016934 1.67032003 0.0704099983
v -0.0153970001 1.66314006 0.0611680001
v -0.0126879998 1.68011999 0.0701100007
v 0 1.68102002 0.069877997
v 0 1.68219995 0.0409189984
v 0 1.66426003 0.0692989975
v 0 1.66106999 0.0652469993
v 0.0186449997 1.66907001 0.0504539981
v 0.016934 1.67032003 0.0704099983
v 0.0153970001 1.66314006 0.0611680001
v 0.0127060004 1.66559005 0.0686559975
v 0.0164000001 1.67553997 0.0697970018
v 0.0166280009 1.67744005 0.0461630002
v 0.0126879998 1.68011999 0.0701100007
v -0.0183809996 1.67576003 0.0357189998
v 0 1.68185997 0.0298919994
v 0 1.69612002 0.052556999
v -0.0218749996 1.68299997 0.040422
v 0 1.69245994 0.0373670012
v 0.0183809996 1.67576003 0.0357189998
v 0.0218749996 1.68299997 0.0404229984
v 0.00651099999 1.66745996 0.0862990022
v 0.00681200018 1.66842997 0.0880929977
v -0.00651099999 1.66745996 0.0862979963
v 0 1.66754997 0.0862819999
v -0.00681200018 1.66842997 0.0880929977
v -0.00841599982 1.67438996 0.0875409991
v 0 1.66767001 0.0894360021
v 0 1.67510998 0.0886299983
v 0.00841599982 1.67438996 0.0875409991
v -0.01884 1.65801001 0.0583610013
v 0.01884 1.65801001 0.0583610013
v -0.0303809997 1.66969001 0.0616529994
v -0.0242790002 1.67559004 0.0856660008
v -0.0220430009 1.67121994 0.0894899964
v 0 1.65561998 0.0591930002
v 0.0303809997 1.66969001 0.0616529994
v 0.0220430009 1.67121994 0.0894899964
v 0.0242790002 1.67559004 0.0856660008
v 0 1.65919006 0.0916870013
v 0.0285039991 1.67902994 0.0589740016
v 0.0224779993 1.68069005 0.0923419967
v 0 1.69163001 0.0968469977
v 0.0268159993 1.68838 0.0591359995
v -0.0285039991 1.67902994 0.0589729995
v -0.0224779993 1.68069005 0.0923419967
v -0.0268159993 1.68838 0.0591359995
vn 0.247899994 0.955799997 -0.158099994
vn 0.202099994 0.96359998 0.175099999
vn 0.185800001 0.962800026 -0.196400002
vn 0.146799996 0.980199993 0.1329
vn 0.157900006 0.79460001 -0.586199999
vn 0.210199997 0.797500014 -0.565500021
vn 0.122500002 0.843900025 0.522300005
vn 0.134100005 0.827600002 0.545099974
vn 0.752099991 0.171900004 -0.636200011
vn 0.677600026 -0.170100003 -0.715499997
vn 0.171700001 0.366100013 -0.914600015
vn 0.768400013 0.636600018 0.065700002
vn 0.725499988 0.54549998 -0.41960001
vn 0.759500027 0.50940001 0.404599994
vn 0.261500001 0.452899992 0.852400005
vn 0.561999977 0.113300003 0.819400012
vn 0.800700009 0.1373 0.583100021
vn 0.925999999 -0.179700002 0.332100004
vn 0.3398 0.915300012 0.216499999
vn 0.267500013 0.766799986 -0.583400011
vn 0.164199993 0.420399994 -0.89230001
vn 0.2086 0.857599974 0.470200002
vn 0.124300003 0.849799991 0.512199998
vn 0.183300003 0.783500016 0.593800008
vn 0.151800007 0.764500022 0.62650001
vn 0.232299998 0.49059999 -0.839900017
vn 0.312400013 0.68870002 -0.654299974
vn 0.0755999982 0.39199999 -0.916899979
vn 0.134499997 0.457700014 -0.878899992
vn 0.164700001 0.451200008 -0.877099991
vn -0 0.454400003 -0.890799999
vn -0.122500002 0.843900025 0.522300005
vn -0.151800007 0.764500022 0.62650001
vn -0.124300003 0.849799991 0.512199998
vn -0 0.32190001 -0.946799994
vn -0.146799996 0.980199993 0.1329
vn -0.202099994 0.96359998 0.175099999
vn -0.185800001 0.962800026 -0.196400002
vn -0.247899994 0.955799997 -0.158099994
vn -0.210199997 0.797500014 -0.565500021
vn -0.157900006 0.79460001 -0.586199999
vn -0.134100005 0.827600002 0.545099974
vn -0.171700001 0.366100013 -0.914600015
vn -0.677600026 -0.170100003 -0.715499997
vn -0.752099991 0.171900004 -0.636200011
vn -0.768400013 0.636600018 0.065700002
vn -0.725499988 0.54549998 -0.41960001
vn -0.759500027 0.50940001 0.404599994
vn -0.261500001 0.452899992 0.852400005
vn -0.800700009 0.1373 0.583100021
vn -0.561999977 0.113300003 0.819400012
vn -0.925999999 -0.179700002 0.332100004
vn -0.3398 0.915300012 0.216499999
vn -0.267500013 0.766799986 -0.583400011
vn -0.164199993 0.420399994 -0.89230001
vn -0.2086 0.857599974 0.470200002
vn -0.183300003 0.783500016 0.593800008
vn -0.232299998 0.49059999 -0.839900017
vn -0.0755999982 0.39199999 -0.916899979
vn -0.312400013 0.68870002 -0.654299974
vn -0.134499997 0.457700014 -0.878899992
vn -0.164700001 0.451200008 -0.877099991
vn -0 0.179800004 -0.983699977
vn 0.0194000006 0.180899993 -0.983299971
vn 0.146400005 0.527100027 0.837100029
vn 0.40200001 0.385500014 0.830500007
vn 0.257600009 0.399399996 0.879800022
vn 0.121200003 0.583100021 0.803300023
vn 0.0956000015 0.56370002 0.8204
vn 0.102799997 0.507000029 0.855799973
vn 0.1285 0.559499979 0.818799973
vn 0.865700006 -0.275900006 -0.417600006
vn 0.983799994 -0.178800002 -0.0104
vn 0.873399973 -0.304199994 -0.380199999
vn 0.98210001 -0.185900003 -0.0302000009
vn 0.9375 -0.348100007 -0.00469999993
vn 0.743799984 -0.364399999 -0.560299993
vn 0.966099977 -0.254299998 -0.0452000014
vn 0.860800028 -0.336100012 -0.381999999
vn 0.200399995 -0.0763999969 -0.976700008
vn 0.796299994 -0.411799997 -0.443100005
vn 0.0116999997 0.49849999 0.86680001
vn 0.0194000006 0.5546 0.831900001
vn -0 0.556800008 0.83069998
vn -0 0.543299973 0.83950001
vn 0.124399997 0.690100014 0.712899983
vn -0.0289999992 0.565999985 0.823899984
vn -0 0.4542 0.890900016
vn 0.947799981 -0.286199987 0.140799999
vn 0.840900004 -0.0142000001 0.540899992
vn 0.94749999 -0.318699986 0.0253999997
vn 0.191300005 0.0650999993 -0.979399979
vn 0.379700005 -0.152099997 -0.912500024
vn 0.113200001 0.177000001 -0.977699995
vn 0.177599996 0.128700003 -0.975600004
vn 0.128700003 -0.0261000004 -0.991299987
vn 0.237599999 -0.0571000017 -0.969699979
vn 0.123599999 0.667699993 0.734099984
vn -0 0.515699983 0.85680002
vn 0.0154999997 -0.0155999996 -0.999800026
vn 0.50819999 -0.265100002 -0.819400012
vn 0.597000003 -0.330799997 -0.73089999
vn 0.628400028 -0.350499988 -0.694500029
vn 0.0954999998 -0.172399998 -0.980400026
vn 0.277799994 -0.192200005 -0.941200018
vn -0.00949999969 -0.177200004 -0.984099984
vn 0.326400012 -0.289499998 -0.899800003
vn 0.0909999982 -0.26820001 -0.959100008
vn -0.0074 -0.256199986 -0.966600001
vn 0.352999985 -0.326000005 -0.876999974
vn 0.0993999988 -0.298799992 -0.949100018
vn -0.0057000001 -0.280699998 -0.959800005
vn -0 -0.252000004 -0.967700005
vn -0 -0.275599986 -0.961300015
vn -0 -0.177900001 -0.984000027
vn -0 -0.0126999998 -0.999899983
vn -0.257600009 0.399399996 0.879800022
vn -0.40200001 0.385500014 0.830500007
vn -0.146300003 0.527100027 0.837100029
vn -0.121200003 0.583100021 0.803300023
vn -0.1285 0.559499979 0.818799973
vn -0.102799997 0.507000029 0.855799973
vn -0.0956000015 0.56370002 0.8204
vn -0.98210001 -0.185900003 -0.0302000009
vn -0.983799994 -0.178800002 -0.0104
vn -0.873399973 -0.304199994 -0.380199999
vn -0.865700006 -0.275900006 -0.417600006
vn -0.743799984 -0.364399999 -0.560299993
vn -0.9375 -0.348100007 -0.00469999993
vn -0.966099977 -0.254299998 -0.0452000014
vn -0.860800028 -0.336100012 -0.381999999
vn -0.200399995 -0.0763999969 -0.976700008
vn -0.796299994 -0.411799997 -0.443100005
vn -0.0194000006 0.5546 0.831900001
vn -0.0116999997 0.49849999 0.86680001
vn -0.124399997 0.690100014 0.712899983
vn 0.0289999992 0.565999985 0.823899984
vn -0.947799981 -0.286199987 0.140799999
vn -0.840900004 -0.0142000001 0.540899992
vn -0.94749999 -0.318699986 0.0253999997
vn -0.191300005 0.0650999993 -0.979399979
vn -0.379700005 -0.152099997 -0.912500024
vn -0.237599999 -0.0571000017 -0.969699979
vn -0.177599996 0.128700003 -0.975600004
vn -0.128700003 -0.0261000004 -0.991299987
vn -0.113200001 0.177000001 -0.977699995
vn -0.123599999 0.667699993 0.734099984
vn -0.0194000006 0.180899993 -0.983299971
vn -0.0154999997 -0.0155999996 -0.999800026
vn -0.50819999 -0.265100002 -0.819400012
vn -0.628400028 -0.350499988 -0.694500029
vn -0.597000003 -0.330900013 -0.73089999
vn -0.0954999998 -0.172399998 -0.980400026
vn -0.277799994 -0.192200005 -0.941200018
vn 0.00949999969 -0.177200004 -0.984099984
vn -0.0909999982 -0.26820001 -0.959100008
vn -0.326400012 -0.289499998 -0.899800003
vn 0.0074 -0.256199986 -0.966600001
vn -0.0993999988 -0.298799992 -0.949100018
vn -0.352999985 -0.326000005 -0.876999974
vn 0.0057000001 -0.280699998 -0.959800005
vn 0.0698999986 0.69660002 0.713999987
vn -0.0762000009 0.625999987 0.77609998
vn -0.0881000012 0.686999977 0.721300006
vn 0.645900011 -0.410100013 0.643899977
vn 0.82889998 -0.306600004 0.467799991
vn 0.74119997 0.00749999983 0.671299994
vn 0.936800003 -0.0705000013 0.342799991
vn 0.931599975 0.136999995 0.336800009
vn 0.741299987 0.318100005 0.591000021
vn 0.393099993 0.459800005 0.796299994
vn 0.396299988 0.0568000004 0.916400015
vn 0.308200002 -0.415399998 0.855799973
vn 0.750400007 0.321700007 0.577400029
vn 0.54369998 0.520900011 0.657999992
vn 0.850600004 0.294800013 0.435499996
vn 0.650200009 0.493000001 0.578000009
vn 0.272000015 0.694599986 0.666000009
vn 0.353399992 0.679400027 0.643000007
vn 0.102700002 0.749300003 0.654200017
vn -0.0238000005 0.762000024 0.647199988
vn 0.0507999994 0.6954 0.716799974
vn -0.228 0.631399989 0.741100013
vn -0.412200004 0.408499986 0.814400017
vn -0.0278999992 0.493800014 0.869099975
vn -0.450599998 0.0882000029 0.888400018
vn -0.41870001 -0.1514 0.895399988
vn -0.0675999969 0.126300007 0.989700019
vn -0.145699993 -0.283300012 0.947899997
vn 0.519299984 0.536199987 0.665499985
vn 0.847800016 0.254500002 0.46540001
vn 0.842599988 0.144500002 0.51880002
vn 0.491400003 0.480199993 0.726599991
vn 0.209800005 0.6153 0.759800017
vn 0.214900002 0.673200011 0.707499981
vn 0.0763999969 0.637700021 0.766499996
vn 0.837100029 -0.489600003 0.244100004
vn 0.579900026 -0.666800022 0.468100011
vn 0.202399999 -0.706900001 0.677699983
vn 0.843900025 -0.521399975 0.126000002
vn 0.554799974 -0.738200009 0.383700013
vn 0.961700022 0.149700001 0.229399994
vn 0.995800018 -0.0425999984 0.0810000002
vn 0.988300025 -0.136899993 0.0666000023
vn 0.99089998 0.0137 0.134100005
vn 0.971099973 -0.233400002 0.0494000018
vn 0.956900001 -0.289099991 0.0258000009
vn -0.326099992 0.549700022 0.76910001
vn 0.89200002 -0.387300014 0.233099997
vn 0.949599981 -0.262800008 0.170699999
vn 0.986299992 -0.127800003 0.1043
vn 0.986199975 -0.0961999968 0.134599999
vn 0.194499999 0.542999983 0.816900015
vn 0.0956000015 0.576600015 0.811399996
vn 0.00139999995 0.5704 0.821399987
vn 0.989000022 -0.136600003 0.0568000004
vn 0.963 -0.248300001 0.105099998
vn 0.979900002 -0.169499993 0.1052
vn 0.695299983 -0.52670002 0.488999993
vn -0.671199977 -0.322100013 -0.667699993
vn 0.781700015 -0.258100003 0.567799985
vn 0.56190002 -0.0839999989 0.822899997
vn 0.860599995 -0.165700004 0.481599987
vn 0.927200019 -0.296099991 0.229399994
vn 0.967400014 -0.253100008 0.0105999997
vn 0.867900014 -0.313699991 -0.385199994
vn 0.671199977 -0.322100013 -0.667699993
vn 0.393599987 -0.321500003 -0.861199975
vn 0.121100001 -0.301099986 -0.945900023
vn 0.00960000046 -0.289999992 -0.957000017
vn -0 -0.285100013 -0.958500028
vn -0.967400014 -0.253100008 0.0105999997
vn -0.867900014 -0.313699991 -0.385199994
vn -0.121100001 -0.301099986 -0.945900023
vn -0.393599987 -0.321500003 -0.861199975
vn -0.00960000046 -0.289999992 -0.957000017
vn 0.55430001 0.301899999 0.775600016
vn 0.228 0.631399989 0.741100013
vn 0.412200004 0.408499986 0.814400017
vn 0.189799994 -0.79339999 0.578400016
vn -0.256300002 -0.49939999 0.827600002
vn -0.491600007 -0.264499992 0.829699993
vn -0.407000005 -0.245199993 0.879899979
vn -0.263000011 -0.617200017 0.741599977
vn -0.583000004 0.0263 0.811999977
vn -0.55430001 0.301899999 0.775600016
vn -0.482800007 0.254500002 0.837899983
vn -0.571399987 -0.0326000005 0.819999993
vn -0.3046 0.477200001 0.824299991
vn -0.289700001 0.439799994 0.850099981
vn -0.272199988 0.233999997 0.933399975
vn -0.307599992 0.0511999987 0.950100005
vn -0.0828000009 0.00139999995 0.996599972
vn -0.0248000007 -0.355100006 0.934499979
vn 0.350400001 -0.549199998 0.758700013
vn 0.206100002 -0.0515000001 0.977199972
vn 0.269800007 -0.0298999995 0.962499976
vn 0.500899971 -0.162300006 0.850199997
vn -0 0.540000021 0.841600001
vn -0 0.416000009 0.909399986
vn -0 0.239399999 0.970899999
vn -0 0.129899994 0.99150002
vn -0 0.112199999 0.993700027
vn 0.0640999973 0.0410999991 0.997099996
vn -0 0.0654999986 0.997900009
vn 0.112400003 0.0218000002 0.993399978
vn -0 0.0333000012 0.99940002
vn -0.645900011 -0.410100013 0.643899977
vn -0.74119997 0.00749999983 0.671299994
vn -0.82889998 -0.306600004 0.467799991
vn -0.936800003 -0.0705000013 0.342799991
vn -0.741299987 0.318100005 0.591000021
vn -0.931599975 0.136999995 0.336800009
vn -0.396299988 0.0568000004 0.916400015
vn -0.393099993 0.459800005 0.796299994
vn -0.308200002 -0.415399998 0.855799973
vn -0.650200009 0.493000001 0.578000009
vn -0.54369998 0.520900011 0.657999992
vn -0.850600004 0.294800013 0.435499996
vn -0.750400007 0.321700007 0.577400029
vn -0.272000015 0.694599986 0.666000009
vn -0.353399992 0.679400027 0.643000007
vn -0.102700002 0.749300003 0.654200017
vn -0.0507999994 0.6954 0.716799974
vn 0.0238000005 0.762000024 0.647199988
vn 0.0278999992 0.493800014 0.869099975
vn 0.450599998 0.0882000029 0.888400018
vn 0.0675999969 0.126300007 0.989700019
vn 0.41870001 -0.1514 0.895399988
vn 0.145699993 -0.283300012 0.947899997
vn -0.519299984 0.536199987 0.665499985
vn -0.847800016 0.254500002 0.46540001
vn -0.842599988 0.144500002 0.51880002
vn -0.491400003 0.480199993 0.726599991
vn -0.214900002 0.673200011 0.707499981
vn -0.209800005 0.6153 0.759800017
vn -0.0698999986 0.69660002 0.713999987
vn 0.0881000012 0.686999977 0.721300006
vn -0.0763999969 0.637700021 0.766499996
vn 0.0762000009 0.625999987 0.77609998
vn -0.837100029 -0.489600003 0.244100004
vn -0.579900026 -0.666800022 0.468100011
vn -0.202399999 -0.706900001 0.677699983
vn -0.189799994 -0.79339999 0.578400016
vn -0.554799974 -0.738200009 0.383700013
vn -0.843900025 -0.521399975 0.126000002
vn 0.256300002 -0.49939999 0.827600002
vn 0.491600007 -0.264499992 0.829699993
vn 0.263000011 -0.617200017 0.741599977
vn 0.407000005 -0.245199993 0.879899979
vn -0.961700022 0.149700001 0.229399994
vn -0.995800018 -0.0425999984 0.0810000002
vn -0.99089998 0.0137 0.134100005
vn -0.988300025 -0.136899993 0.0666000023
vn -0.971099973 -0.233400002 0.0494000018
vn -0.956900001 -0.289099991 0.0258000009
vn 0.583000004 0.0263 0.811999977
vn 0.482800007 0.254500002 0.837899983
vn 0.571399987 -0.0326000005 0.819999993
vn 0.326099992 0.549700022 0.76910001
vn 0.3046 0.477200001 0.824299991
vn 0.272199988 0.233999997 0.933399975
vn 0.289700001 0.439799994 0.850099981
vn 0.307599992 0.0511999987 0.950100005
vn 0.0828000009 0.00139999995 0.996599972
vn 0.0248000007 -0.355100006 0.934499979
vn -0.350400001 -0.549199998 0.758700013
vn -0.695299983 -0.52670002 0.488999993
vn -0.89200002 -0.387300014 0.233099997
vn -0.949599981 -0.262800008 0.170699999
vn -0.986299992 -0.127800003 0.1043
vn -0.986199975 -0.0961999968 0.134599999
vn -0.194499999 0.542999983 0.816900015
vn -0.0956000015 0.576600015 0.811399996
vn -0.00139999995 0.5704 0.821399987
vn -0.206100002 -0.0515000001 0.977199972
vn -0.500899971 -0.162300006 0.850199997
vn -0.269800007 -0.0298999995 0.962499976
vn -0.56190002 -0.0839999989 0.822899997
vn -0.781700015 -0.258100003 0.567799985
vn -0.860599995 -0.165700004 0.481599987
vn -0.927200019 -0.296099991 0.229399994
vn -0.963 -0.248300001 0.105099998
vn -0.989000022 -0.136600003 0.0568000004
vn -0.979900002 -0.169499993 0.1052
vn -0.0640999973 0.0410999991 0.997099996
vn -0.112400003 0.0218000002 0.993399978
vn 0.0870999992 -0.686500013 0.721899986
vn -0 -0.681100011 0.732200027
vn 0.210199997 -0.67900002 0.703400016
vn 0.432500005 -0.691699982 0.578400016
vn 0.674399972 -0.672699988 0.304500014
vn 0.701200008 -0.712800026 0.0148999998
vn 0.635699987 -0.730099976 -0.25060001
vn 0.476000011 -0.782400012 -0.401600003
vn 0.0883999988 -0.806299984 -0.584800005
vn 0.0313999988 -0.801400006 -0.597299993
vn 0.245800003 -0.843599975 -0.477499992
vn -0 -0.807500005 -0.5898
vn -0.0870999992 -0.686500013 0.721899986
vn -0.210199997 -0.67900002 0.703400016
vn -0.432500005 -0.691699982 0.578400016
vn -0.674399972 -0.672699988 0.304500014
vn -0.701200008 -0.712800026 0.0148999998
vn -0.635699987 -0.730099976 -0.25060001
vn -0.476000011 -0.782400012 -0.401600003
vn -0.0313999988 -0.801400006 -0.597299993
vn -0.0883999988 -0.806299984 -0.584800005
vn -0.245800003 -0.843599975 -0.477499992
vn 0.261200011 0.772599995 0.578700006
vn 0.400599986 0.881299973 0.250800014
vn 0.652899981 0.576200008 -0.491600007
vn 0.424800009 0.873300016 -0.238399997
vn 0.740800023 0.640900016 0.201100007
vn 0.354000002 0.921299994 -0.160799995
vn 0.355300009 0.377600014 -0.855099976
vn 0.63319999 0.457100004 0.624599993
vn -0 0.241300002 0.970499992
vn 0.291000009 0.275400013 0.916199982
vn 0.555499971 0.35679999 0.750999987
vn -0 0.326700002 -0.945100009
vn -0.740800023 0.640900016 0.201100007
vn -0.652899981 0.576200008 -0.491600007
vn -0.424800009 0.873300016 -0.238399997
vn -0.400599986 0.881299973 0.250800014
vn -0.354000002 0.921299994 -0.160799995
vn -0.355300009 0.377600014 -0.855099976
vn -0.261200011 0.772599995 0.578700006
vn -0.63319999 0.457100004 0.624599993
vn -0.291000009 0.275400013 0.916199982
vn -0.555499971 0.35679999 0.750999987
vn -0 -0.0725999996 0.997399986
vn 0.810000002 -0.097649999 -0.567700028
vn 0.952749968 -0.206900001 -0.15715
vn 0.833599985 0.0425999984 -0.550800025
vn 0.996500015 -0.0496000014 -0.0671999976
vn -0 -0.29460001 0.955600023
vn 0.375400007 -0.291799992 0.879700005
vn -0 -0.62379998 0.781599998
vn 0.421999991 -0.516499996 0.745000005
vn 0.825500011 0.130099997 -0.549199998
vn 0.995700002 0.0921000019 0.0115999999
vn 0.345800012 -0.0355999991 0.937600017
vn 0.444450021 -0.0236999989 -0.887899995
vn 0.444700003 0.1052 -0.889500022
vn 0.440299988 0.158899993 -0.883700013
vn 0.828499973 -0.340999991 0.444099993
vn 0.665199995 -0.43810001 0.604600012
vn 0.834699988 -0.191100001 0.516499996
vn 0.604399979 -0.262499988 0.752200007
vn 0.674300015 -0.0868000016 0.733299971
vn 0.852999985 -0.0771000013 0.516099989
vn 0.924499989 -0.0296999998 0.380100012
vn 0.947600007 -0.155000001 0.279199988
vn 0.920949996 -0.313250005 0.187550008
vn -0 0.180099994 -0.98360002
vn -0 0.101599999 -0.994799972
vn -4.99999987e-05 -0.0228499994 -0.993700027
vn -0.996500015 -0.0496000014 -0.0671999976
vn -0.952749968 -0.206900001 -0.15715
vn -0.833599985 0.0425999984 -0.550800025
vn -0.810000002 -0.097649999 -0.567800045
vn -0.375400007 -0.291799992 0.879700005
vn -0.421999991 -0.516499996 0.745100021
vn -0.825500011 0.130099997 -0.549199998
vn -0.995700002 0.0921000019 0.0115999999
vn -0.345800012 -0.0355999991 0.937600017
vn -0.444700003 0.105300002 -0.889500022
vn -0.444350004 -0.0237500034 -0.887899995
vn -0.440299988 0.158899993 -0.883700013
vn -0.604399979 -0.262499988 0.752200007
vn -0.665199995 -0.43810001 0.604600012
vn -0.834699988 -0.191100001 0.516499996
vn -0.828499973 -0.340999991 0.444099993
vn -0.852999985 -0.0771000013 0.516099989
vn -0.674300015 -0.0868000016 0.733299971
vn -0.947700024 -0.155000001 0.279199988
vn -0.924499989 -0.0296999998 0.380100012
vn -0.920949996 -0.313250005 0.187550008
vn -0.251199991 -0.142800003 -0.957300007
vn -0.291500002 0.165000007 -0.942200005
vn -0 -0.146200001 -0.989199996
vn -0.1796 -0.43779999 -0.880999982
vn -0.727800012 -0.509899974 -0.458600014
vn -0.193900004 -0.342099994 -0.919499993
vn -0.901000023 -0.302899987 -0.310699999
vn -0.587100029 0.228599995 0.776600003
vn -0.775300026 0.279199988 0.566500008
vn 0.304699987 -0.878899992 -0.3671
vn -0.713400006 -0.685400009 0.145899996
vn 0.0498000011 -0.76639998 -0.640399992
vn -0.749899983 -0.622300029 -0.224399999
vn -0.8301 -0.444900006 0.336199999
vn -0.575999975 -0.628600001 0.522599995
vn -0.61680001 -0.78490001 0.058600001
vn 0.251599997 -0.967000008 0.0406000018
vn -0.802399993 -0.0702999979 0.592599988
vn -0.959500015 -0.280600011 -0.0271000005
vn -0.787199974 -0.244000003 0.566399992
vn -0.856599987 -0.074500002 0.510599971
vn 0.138099998 -0.763999999 -0.630299985
vn -0.100400001 -0.565299988 -0.818799973
vn -0.756600022 -0.583100021 -0.295899987
vn -0.211400002 -0.324600011 -0.921899974
vn -0.859899998 0.399300009 0.317999989
vn -0.957599998 0.112000003 0.265500009
vn -0.989099979 -0.0753000006 0.126900002
vn -0.989300013 -0.0577000007 0.1338
vn -0.988600016 -0.0280000009 0.147699997
vn -0.980000019 -0.0222999994 0.197600007
vn -0.816399992 -0.0511999987 0.575200021
vn -0.942700028 -0.207300007 -0.261400014
vn -0.827300012 -0.0357000008 0.560599983
vn -0.997200012 -0.0533000007 0.0527999997
vn -0.936699986 -0.1175 0.329699993
vn -0.963199973 -0.0789000019 0.256999999
vn -0.957099974 -0.120499998 0.263700008
vn -0.994099975 -0.108499996 0.00270000007
vn -0.555599988 0.163599998 0.815199971
vn -0.5898 0.476900011 0.651600003
vn -0.910700023 0.103699997 -0.399800003
vn -0.933899999 -0.190099999 -0.302899987
vn -0.998600006 -0.0467999987 -0.0250000004
vn -0.955500007 0.159899995 -0.247999996
vn -0.891600013 -0.227599993 -0.391499996
vn -0.975000024 -0.200599998 0.0957000032
vn -0.840799987 0.0667999983 0.537299991
vn -0.909500003 -0.1197 0.398200005
vn -0.694899976 -0.337300003 0.635100007
vn -0.694299996 -0.0344000012 0.718900025
vn -0.800499976 -0.00340000005 0.599300027
vn -0.801999986 -0.186800003 -0.567300022
vn -0.526499987 -0.1558 -0.835799992
vn -0.700600028 -0.380199999 -0.603900015
vn -0.355399996 -0.406500012 -0.841700017
vn -0.459600002 -0.552399993 -0.695500016
vn -0 -0.403100014 -0.915199995
vn -0 0.422399998 -0.906400025
vn -0.306800008 0.412999988 -0.857500017
vn -0 0.672399998 -0.740199983
vn -0.300000012 0.651799977 -0.696500003
vn -0.741100013 0.552100003 -0.382099986
vn -0.537199974 0.603799999 -0.58890003
vn -0.81129998 0.352200001 -0.466600001
vn -0.573400021 0.391400009 -0.719699979
vn -0.705900013 0.701699972 0.0961999968
vn -0.681699991 0.725700021 -0.0923999995
vn -0.904999971 0.422699988 0.0476000011
vn -0.851700008 0.499799997 -0.157399997
vn -0.420599997 0.899699986 -0.116899997
vn -0.405099988 0.908299983 0.104500003
vn -0.177100003 0.978699982 0.103600003
vn -0.208900005 0.968999982 -0.132100001
vn -0 0.991100013 -0.133300006
vn -0 0.994300008 0.106299996
vn -0 0.152400002 -0.988300025
vn -0.844900012 0.121799998 -0.520900011
vn -0.556599975 0.154200003 -0.816299975
vn -0.987100005 0.103500001 0.122299999
vn -0.987100005 0.159700006 -0.00620000018
vn -0.995299995 -0 0.0966999978
vn -0.99940002 0.0168999992 -0.0294000003
vn -0.974799991 0.0666000023 -0.213
vn -0.939300001 0.257499993 -0.226699993
vn -0.975399971 0.0666999966 0.209999993
vn -0.912 0.355500013 0.204500005
vn -0.924700022 0.254700005 0.282900006
vn -0 0.890600026 -0.454699993
vn -0.260500014 0.858699977 -0.441399992
vn -0.650399983 0.707700014 -0.275999993
vn -0.474599987 0.791599989 -0.384900004
vn -0.903500021 -0.368900001 -0.218400002
vn -0.887499988 -0.382999986 -0.256300002
vn -0.683799982 -0.543299973 -0.487199992
vn -0.891499996 -0.409299999 -0.194199994
vn -0.905700028 -0.307599992 -0.291700006
vn -0.820299983 -0.436300009 -0.369800001
vn -0.958500028 -0.280699998 -0.0504000001
vn -0.782800019 -0.41960001 -0.459399998
vn -0.445499986 -0.537800014 -0.715699971
vn -0 -0.560800016 -0.827899992
vn -0 -0.536199987 -0.844099998
vn -0.957499981 -0.1294 -0.257600009
vn -0.717000008 0.599399984 0.356000006
vn 0.1796 -0.43779999 -0.880999982
vn 0.194000006 -0.342099994 -0.919399977
vn 0.727800012 -0.509899974 -0.458600014
vn 0.901000023 -0.3028 -0.310499996
vn 0.775300026 0.279199988 0.566500008
vn 0.586899996 0.228699997 0.77670002
vn 0.749899983 -0.622300029 -0.224399999
vn 0.713400006 -0.685400009 0.145899996
vn -0.0498000011 -0.76639998 -0.640399992
vn -0.304699987 -0.878899992 -0.3671
vn 0.828800023 -0.4454 0.338800013
vn 0.616400003 -0.78549999 0.0551000014
vn 0.577300012 -0.629100025 0.520600021
vn -0.25029999 -0.967400014 0.0394000001
vn 0.802399993 -0.0702999979 0.592599988
vn 0.787199974 -0.244000003 0.566399992
vn 0.959500015 -0.280600011 -0.0271000005
vn 0.856599987 -0.074500002 0.510599971
vn 0.100299999 -0.565299988 -0.818799973
vn -0.138099998 -0.763999999 -0.630299985
vn 0.756600022 -0.583000004 -0.296099991
vn 0.211400002 -0.324600011 -0.921899974
vn 0.957599998 0.112000003 0.265500009
vn 0.859899998 0.399300009 0.317999989
vn 0.827300012 -0.0357000008 0.560599983
vn 0.816699982 -0.0507999994 0.574800014
vn 0.942700028 -0.207300007 -0.261400014
vn 0.134800002 0.422800004 0.896200001
vn 0.239899993 0.423799992 0.873399973
vn 0.159899995 0.683899999 0.711899996
vn 0.224900007 0.686100006 0.691900015
vn 0.963199973 -0.0789000019 0.256999999
vn 0.994099975 -0.108499996 0.00270000007
vn 0.957199991 -0.119099997 0.263900012
vn -0 0.41139999 0.911499977
vn -0 0.686500013 0.727100015
vn 0.555400014 0.163599998 0.815299988
vn 0.5898 0.476900011 0.651600003
vn 0.910700023 0.103699997 -0.399800003
vn 0.933899999 -0.190099999 -0.302899987
vn 0.891600013 -0.227599993 -0.391499996
vn 0.955500007 0.159899995 -0.247999996
vn 0.998600006 -0.0467999987 -0.0250000004
vn 0.975000024 -0.200599998 0.0957000032
vn 0.909500003 -0.1197 0.398200005
vn 0.840799987 0.0667999983 0.537299991
vn 0.800499976 -0.00340000005 0.599300027
vn 0.801999986 -0.186800003 -0.567300022
vn 0.700600028 -0.380199999 -0.603900015
vn 0.526499987 -0.1558 -0.835799992
vn 0.355399996 -0.406500012 -0.841700017
vn 0.459600002 -0.552399993 -0.695500016
vn 0.251199991 -0.142800003 -0.957300007
vn 0.306800008 0.412999988 -0.857500017
vn 0.300000012 0.651799977 -0.696500003
vn 0.573400021 0.391400009 -0.719699979
vn 0.537199974 0.603799999 -0.58890003
vn 0.811399996 0.352200001 -0.466500014
vn 0.741100013 0.552100003 -0.382099986
vn 0.405099988 0.908299983 0.104500003
vn 0.177100003 0.978699982 0.103600003
vn 0.428000003 0.845099986 0.320199996
vn 0.184499994 0.906899989 0.378899992
vn -0 0.913399994 0.407099992
vn 0.705900013 0.701699972 0.0961999968
vn 0.904999971 0.422699988 0.0476000011
vn 0.681699991 0.725700021 -0.0923999995
vn 0.851700008 0.499799997 -0.157399997
vn 0.420599997 0.899699986 -0.116899997
vn 0.208900005 0.968999982 -0.132100001
vn 0.291500002 0.165000007 -0.942200005
vn 0.844900012 0.121799998 -0.520900011
vn 0.556699991 0.154200003 -0.816299975
vn 0.99940002 0.0168999992 -0.0294000003
vn 0.987100005 0.159700006 -0.00620000018
vn 0.995299995 -0 0.0966999978
vn 0.987100005 0.103500001 0.122299999
vn 0.939300001 0.257499993 -0.226699993
vn 0.974799991 0.0666000023 -0.213
vn 0.989499986 -0.0359000005 -0.140100002
vn 0.958500028 -0.280699998 -0.0504000001
vn 0.957499981 -0.1294 -0.257600009
vn 0.905700028 -0.307599992 -0.291700006
vn 0.936699986 -0.1175 0.329699993
vn 0.997200012 -0.0533000007 0.0527999997
vn 0.975399971 0.0666999966 0.209999993
vn 0.980000019 -0.0222999994 0.197600007
vn 0.988600016 -0.0280000009 0.147699997
vn 0.260500014 0.858699977 -0.441399992
vn 0.474599987 0.791599989 -0.384900004
vn 0.650399983 0.707700014 -0.275999993
vn 0.285100013 0.683300018 0.672100008
vn 0.330599993 0.41049999 0.849799991
vn 0.820299983 -0.436300009 -0.369800001
vn 0.903500021 -0.368900001 -0.218400002
vn 0.445499986 -0.537800014 -0.715699971
vn 0.782800019 -0.41960001 -0.459399998
vn 0.942099988 0.153400004 -0.298200011
vn 0.887499988 -0.382999986 -0.256300002
vn 0.717000008 0.599399984 0.356000006
vn 0.89139998 -0.409399986 -0.194299996
vn 0.912 0.355500013 0.204500005
vn 0.734700024 0.637600005 0.231700003
vn 0.617500007 0.579400003 0.531899989
vn 0.750899971 0.49000001 0.442699999
vn 0.863600016 0.377400011 0.334300011
vn 0.924700022 0.254700005 0.282900006
vn 0.4366 0.641700029 0.630599976
vn 0.826300025 0.241799995 0.50880003
vn 0.92019999 0.130500004 0.368999988
vn 0.699500024 0.31400001 0.64200002
vn 0.570500016 0.360700011 0.737800002
vn 0.43689999 0.390300006 0.810400009
vn -0.134800002 0.422800004 0.896200001
vn -0.159899995 0.683899999 0.711899996
vn -0.239899993 0.423799992 0.873399973
vn -0.224900007 0.686100006 0.691900015
vn -0.184499994 0.906899989 0.378899992
vn -0.330599993 0.41049999 0.849799991
vn -0.285100013 0.683300018 0.672100008
vn -0.4366 0.641700029 0.630599976
vn -0.43689999 0.390300006 0.810400009
vn -0.734700024 0.637600005 0.231700003
vn -0.428000003 0.845099986 0.320199996
vn -0.617500007 0.579400003 0.531899989
vn -0.750899971 0.49000001 0.442699999
vn -0.863600016 0.377400011 0.334300011
vn -0.826300025 0.241799995 0.50880003
vn -0.92019999 0.130500004 0.368999988
vn -0.699500024 0.31400001 0.64200002
vn -0.570599973 0.360700011 0.737800002
vn 0.942900002 0.0987000018 0.318199992
vn 0.681599975 0.555299997 0.476500005
vn 0.970200002 0.202000007 0.133900002
vn 0.646200001 0.679700017 0.34709999
vn 0.86589998 -0.493999988 -0.0786999986
vn 0.788600028 0.380899996 0.48269999
vn 0.843800008 0.404100001 0.353199989
vn 0.809099972 -0.587499976 -0.0131999999
vn 0.989099979 -0.0753000006 0.126900002
vn 0.989300013 -0.0577000007 0.1338
vn 0.783500016 -0.593100011 -0.185499996
vn 0.841499984 -0.53549999 0.0711999983
vn 0.996900022 -0.0516999997 0.0584999993
vn 0.844399989 0.467200011 0.262100011
vn 0.845000029 -0.50819999 0.166500002
vn 0.690100014 0.677999973 0.252999991
vn 0.702400029 0.703999996 0.104800001
vn 0.906899989 0.395399988 0.145899996
vn 0.752600014 -0.609600008 0.2491
vn 0.609600008 -0.184799999 0.770900011
vn 0.934499979 0.105300002 -0.34009999
vn 0.79519999 -0.393099993 0.461699992
vn 0.931400001 0.306800008 -0.195700005
vn 0.447299987 0.219699994 -0.866999984
vn 0.794799984 0.491699994 -0.355800003
vn 0.693400025 -0.114299998 0.711499989
vn 0.606700003 -0.469500005 0.641499996
vn 0.808300018 -0.52670002 0.263099998
vn 0.504899979 0.127200007 -0.853799999
vn 0.765299976 -0.63380003 0.112599999
vn -0.788600028 0.380899996 0.48269999
vn -0.86589998 -0.493999988 -0.0786999986
vn -0.646099985 0.679700017 0.34709999
vn -0.690100014 0.677999973 0.252999991
vn -0.843800008 0.404100001 0.353199989
vn -0.844399989 0.467200011 0.262100011
vn -0.809099972 -0.587499976 -0.0131999999
vn -0.845000029 -0.50819999 0.166500002
vn -0.942900002 0.0987000018 0.318199992
vn -0.681599975 0.555299997 0.476500005
vn -0.752600014 -0.609600008 0.2491
vn -0.906899989 0.395399988 0.145899996
vn -0.783500016 -0.593100011 -0.185499996
vn -0.841499984 -0.53549999 0.0711999983
vn -0.765299976 -0.63380003 0.112599999
vn -0.989499986 -0.0359000005 -0.140100002
vn -0.996900022 -0.0516999997 0.0584999993
vn -0.970200002 0.202000007 0.133900002
vn -0.702400029 0.703999996 0.104800001
vn -0.808300018 -0.52670002 0.263099998
vn -0.931400001 0.306800008 -0.195700005
vn -0.794799984 0.491699994 -0.355800003
vn -0.79519999 -0.393099993 0.461699992
vn -0.606700003 -0.469500005 0.641499996
vn -0.693400025 -0.114299998 0.711499989
vn -0.609600008 -0.184799999 0.770900011
vn -0.934499979 0.105300002 -0.34009999
vn -0.447299987 0.219699994 -0.866999984
vn -0.504899979 0.127200007 -0.853799999
vn -0.33950001 -0.1954 -0.920099974
vn -0.479799986 -0.222399995 -0.848699987
vn -0.843999982 -0.142299995 -0.517199993
vn -0.287999988 -0.158199996 -0.944500029
vn -0.67809999 0.0281000007 0.734499991
vn -0.660600007 0.0155999996 0.75059998
vn -0.932900012 -0.0502000004 0.356700003
vn -0.500699997 0.000300000014 0.86559999
vn -0.894400001 -0.250400007 -0.370599985
vn -0.942099988 0.153300002 -0.298200011
vn -0.447600007 0.0306000002 -0.893700004
vn -0.32280001 0.0379999988 -0.94569999
vn -0.866699994 0.0216000006 -0.498299986
vn -0.627300024 -0.0511999987 0.777100027
vn -0.749599993 -0.0436000004 0.66049999
vn -0.968400002 -0.0687000006 0.239700004
vn -0.861599982 0.0737999976 -0.502200007
vn -0.649699986 -0.108000003 0.752499998
vn -0.366299987 0.1514 -0.918099999
vn -0.743900001 -0.0689999983 0.664699972
vn -0.854799986 -0.137799993 0.50029999
vn -0.998600006 0.0298999995 0.0432000011
vn -0.846199989 0.388000011 -0.365200013
vn -0.616599977 0.00300000003 -0.787299991
vn -0.455000013 0.0691 -0.887799978
vn 0.287999988 -0.158199996 -0.944500029
vn 0.843900025 -0.142299995 -0.517199993
vn 0.67809999 0.0281000007 0.734499991
vn 0.660600007 0.0156999994 0.75059998
vn 0.932900012 -0.0502000004 0.356700003
vn 0.500699997 0.000300000014 0.86559999
vn 0.694400012 -0.0344999991 0.718800008
vn 0.683700025 -0.543299973 -0.487199992
vn 0.894400001 -0.250400007 -0.370599985
vn 0.694899976 -0.337300003 0.635100007
vn 0.339399993 -0.1954 -0.920099974
vn 0.479799986 -0.222399995 -0.848699987
vn 0.322699994 0.0379000008 -0.94569999
vn 0.447600007 0.0305000003 -0.893700004
vn 0.366299987 0.1514 -0.918099999
vn 0.454899997 0.0691 -0.887899995
vn 0.866699994 0.0216000006 -0.498299986
vn 0.861599982 0.0737999976 -0.502200007
vn 0.627300024 -0.0511999987 0.777100027
vn 0.649699986 -0.108000003 0.752499998
vn 0.749599993 -0.0436000004 0.66049999
vn 0.743900001 -0.0689999983 0.664699972
vn 0.968400002 -0.0687000006 0.239700004
vn 0.998600006 0.0298999995 0.0432000011
vn 0.854799986 -0.137799993 0.50029999
vn 0.846199989 0.388000011 -0.3653
vn 0.61650002 0.00300000003 -0.787299991
vn -0.926900029 -0.1338 0.350499988
vn -0.98119998 -0.1928 0.00039999999
vn 0.927299976 -0.132400006 0.350100011
vn 0.981299996 -0.192399994 0.00120000006
vn -0.889299989 -0.375699997 -0.260699987
vn -0.794200003 -0.234300002 -0.560699999
vn -0.914399981 -0.31220001 -0.257800013
vn -0.769999981 -0.365399987 -0.523100019
vn -0.350499988 -0.930899978 0.103
vn -0 -0.970099986 0.242599994
vn -0.284500003 -0.958299994 0.0258000009
vn -0 -0.998399973 0.0560000017
vn -0 -0.868499994 0.495700002
vn -0.424800009 -0.818000019 0.387800008
vn -0.465499997 -0.883099973 0.0592
vn -0.617200017 -0.78640002 -0.0241999999
vn -0.597500026 -0.800300002 0.0505999997
vn -0.8926 -0.404300004 -0.199499995
vn -0.915400028 -0.398200005 -0.0593000017
vn -0.8398 -0.51849997 0.160699993
vn -0.806599975 -0.582700014 -0.0995000005
vn -0.387800008 -0.921599984 -0.0147000002
vn -0.592499971 -0.741699994 0.314399987
vn -0.795599997 -0.570100009 0.204799995
vn -0.719600022 -0.693499982 -0.0353000015
vn -0.738699973 -0.620700002 0.262800008
vn -0.664900005 -0.746900022 -0.00600000005
vn -0.430599988 -0.388099998 -0.814800024
vn -0.440800011 -0.227799997 -0.868200004
vn -0 -0.343300015 -0.939199984
vn -0 -0.1972 -0.980400026
vn 0.914399981 -0.31220001 -0.257800013
vn 0.794200003 -0.234200001 -0.560699999
vn 0.769999981 -0.365399987 -0.523100019
vn 0.889299989 -0.375699997 -0.260699987
vn 0.284500003 -0.958299994 0.0258000009
vn 0.350499988 -0.930899978 0.103
vn 0.424800009 -0.818000019 0.387800008
vn 0.597500026 -0.800300002 0.0505999997
vn 0.617200017 -0.78640002 -0.0241999999
vn 0.465499997 -0.883099973 0.0592
vn 0.915400028 -0.398200005 -0.0593000017
vn 0.8926 -0.404300004 -0.199499995
vn 0.8398 -0.51849997 0.160699993
vn 0.806699991 -0.582499981 -0.0993999988
vn 0.387800008 -0.921599984 -0.0147000002
vn 0.592499971 -0.741699994 0.314399987
vn 0.795599997 -0.570100009 0.204799995
vn 0.719600022 -0.693499982 -0.0353000015
vn 0.664900005 -0.746900022 -0.00600000005
vn 0.738699973 -0.620700002 0.262800008
vn 0.430599988 -0.388099998 -0.814800024
vn 0.440899998 -0.227599993 -0.868200004
vn -0.4639 -0.885900021 0.0037
vn -0.717299998 -0.6329 0.291299999
vn -0.513300002 -0.858200014 -0.0113000004
vn -0.632799983 -0.278800011 0.72240001
vn -0.692099988 -0.278699994 0.665899992
vn -0.589299977 -0.67869997 0.438199997
vn -0.647099972 -0.647199988 0.40290001
vn -0.425599992 -0.904299974 0.0344999991
vn -0.374500006 -0.924000025 0.0766000003
vn -0.755200028 -0.62349999 0.202199996
vn -0.556299984 -0.830900013 -0.0142999999
vn -0.407999992 -0.324299991 0.853399992
vn -0.403299987 -0.739600003 0.538900018
vn -0 -0.376899987 0.926199973
vn -0 -0.807900012 0.589399993
vn -0.296400011 -0.949500024 0.103100002
vn -0 -0.993300021 0.115800001
vn -0.703100026 -0.622799993 0.343199998
vn -0.238800004 -0.969200015 -0.060800001
vn -0 -0.998000026 -0.0625
vn -0.2042 -0.974399984 -0.0939999968
vn -0 -0.995999992 -0.0894000009
vn -0.271499991 -0.95569998 -0.114
vn -0.250200003 -0.962000012 -0.109499998
vn -0.327399999 -0.943700016 -0.0472000018
vn -0.715200007 -0.341399997 0.609899998
vn 0.647400022 -0.646899998 0.402999997
vn 0.692600012 -0.278899997 0.665199995
vn 0.589299977 -0.67869997 0.438199997
vn 0.632799983 -0.278699994 0.72240001
vn 0.425599992 -0.904299974 0.0344999991
vn 0.374500006 -0.924000025 0.0766000003
vn 0.556299984 -0.830900013 -0.0142999999
vn 0.755200028 -0.62349999 0.202199996
vn 0.513300002 -0.858099997 -0.0113000004
vn 0.403299987 -0.739600003 0.538900018
vn 0.407999992 -0.324299991 0.853399992
vn 0.296400011 -0.949500024 0.103100002
vn 0.4639 -0.885900021 0.0037
vn 0.703499973 -0.621900022 0.344000012
vn 0.2042 -0.974399984 -0.0939999968
vn 0.238800004 -0.969200015 -0.060800001
vn 0.271499991 -0.95569998 -0.114
vn 0.250200003 -0.962000012 -0.109499998
vn 0.327399999 -0.943700016 -0.0472000018
vn 0.717199981 -0.632799983 0.291700006
vn 0.715600014 -0.342000008 0.609099984
vn -0.9472 -0.292299986 -0.131999999
vn -0.981100023 -0.192599997 0.0170000009
vn -0.967499971 -0.252299994 -0.0148999998
vn -0.974600017 0.0498000011 0.2183
vn -0.819899976 -0.530300021 -0.216000006
vn -0.709399998 -0.697000027 -0.104599997
vn -0.874300003 -0.484100014 0.0350000001
vn -0.924099982 -0.366100013 -0.109899998
vn -0.891600013 -0.375099987 -0.253699988
vn -0.912999988 -0.33860001 -0.227500007
vn -0.794200003 -0.589900017 0.145699993
vn -0.949100018 -0.287 0.129500002
vn -0.973500013 0.00680000009 0.228599995
vn -0.951900005 -0.280200005 0.124200001
vn -0.97420001 -0.163800001 0.154899999
vn -0.95539999 -0.271600008 0.115800001
vn -0.867299974 -0.392199993 0.306400001
vn -0.807799995 -0.400900006 0.432099998
vn -0.862699986 -0.334899992 0.379000008
vn -0.821399987 -0.560599983 0.104599997
vn -0.676199973 -0.734200001 -0.0606999993
vn -0.903900027 -0.353399992 0.240999997
vn -0.916800022 -0.309300005 0.252799988
vn -0.906599998 -0.314200014 0.281699985
vn -0.905399978 -0.263799995 0.332599998
vn -0.912500024 -0.355399996 -0.202399999
vn -0.690599978 -0.329699993 0.643700004
vn -0.77700001 -0.335599989 0.532599986
vn -0.46540001 -0.292800009 0.835200012
vn -0.553300023 -0.291399986 0.780399978
vn -0.483399987 -0.278899997 0.82980001
vn -0.474900007 -0.279599994 0.834500015
vn -0.730799973 -0.317099988 0.604399979
vn -0.827000022 -0.324999988 0.458700001
vn -0.619099975 -0.295100003 0.727800012
vn -0.63499999 -0.264999986 0.725600004
vn -0.471899986 -0.245100006 0.846899986
vn -0.433999985 -0.221100003 0.873300016
vn -0.441500008 -0.119400002 0.889299989
vn -0.340499997 -0.170000002 0.924799979
vn -0.4366 0.0326999985 0.899100006
vn -0.727100015 -0.384799987 0.568499982
vn 0.726499975 -0.385399997 0.568899989
vn 0.867399991 -0.392199993 0.306400001
vn 0.821399987 -0.560599983 0.104599997
vn 0.903900027 -0.353399992 0.240999997
vn 0.967400014 -0.252700001 -0.0142000001
vn 0.946500003 -0.294999987 -0.130999997
vn 0.981100023 -0.192699999 0.0184000004
vn 0.974600017 0.0498000011 0.2183
vn 0.709399998 -0.697000027 -0.104599997
vn 0.819800019 -0.530300021 -0.216000006
vn 0.923900008 -0.366400003 -0.109999999
vn 0.874300003 -0.484100014 0.0348000005
vn 0.89139998 -0.375400007 -0.253800005
vn 0.912599981 -0.339599997 -0.227599993
vn 0.794200003 -0.589900017 0.145699993
vn 0.949100018 -0.287 0.129500002
vn 0.973500013 0.00680000009 0.228599995
vn 0.951900005 -0.280200005 0.124200001
vn 0.97420001 -0.163800001 0.154899999
vn 0.95539999 -0.271600008 0.115800001
vn 0.807799995 -0.400900006 0.432099998
vn 0.862699986 -0.334899992 0.379000008
vn 0.676199973 -0.734200001 -0.0606999993
vn 0.916800022 -0.309300005 0.252799988
vn 0.906599998 -0.314200014 0.281699985
vn 0.905399978 -0.263799995 0.332599998
vn 0.911899984 -0.356400013 -0.203500003
vn 0.943799973 0.110600002 0.311500013
vn 0.885500014 -0.157399997 0.437099993
vn 0.957300007 -0.00910000037 0.288899988
vn 0.925899982 0.0135000004 0.377600014
vn 0.827000022 -0.324999988 0.458700001
vn 0.46540001 -0.292800009 0.835200012
vn 0.483399987 -0.278899997 0.82980001
vn 0.553300023 -0.291399986 0.780399978
vn 0.475800008 -0.278600007 0.834299982
vn 0.431699991 -0.156100005 0.888400018
vn 0.63499999 -0.264999986 0.725600004
vn 0.702199996 -0.161899999 0.693300009
vn 0.785700023 -0.290399998 0.546299994
vn 0.730799973 -0.317099988 0.604399979
vn 0.77700001 -0.335599989 0.532599986
vn 0.690599978 -0.329699993 0.643700004
vn 0.619099975 -0.295100003 0.727800012
vn 0.472200006 -0.245299995 0.846700013
vn 0.340600014 -0.170300007 0.924700022
vn 0.433999985 -0.221399993 0.873300016
vn 0.440800011 -0.120399997 0.889500022
vn 0.436399996 0.0326000005 0.899200022
vn 0.294999987 0.255100012 0.920799971
vn 0.559800029 0.111500002 0.821099997
vn 0.301099986 0.129600003 0.944700003
vn -0.390700012 0.0130000003 0.920400023
vn -0.327499986 0.00939999986 0.944800019
vn 0.544499993 0.3486 0.762899995
vn 0.361999989 -0.00329999998 0.932200015
vn 0.327399999 0.00949999969 0.944800019
vn 0.255199999 0.175400004 0.950800002
vn 0.390399992 0.0131000001 0.920599997
vn 0.357199997 0.342099994 0.869099975
vn 0.197999999 0.351999998 0.914799988
vn 0.701300025 0.0974000022 0.706200004
vn 0.810899973 -0.0328000002 0.584200025
vn 0.823400021 0.191400006 0.534300029
vn 0.926500022 0.104699999 0.361499995
vn 0.518000007 0.0799999982 0.851599991
vn 0.620700002 -0.0650999993 0.781400025
vn 0.881600022 0.169400007 0.440600008
vn 0.567300022 0.501699984 0.652999997
vn 0.26820001 0.392100006 0.879899979
vn 0.800199986 0.212799996 0.560599983
vn 0.0813999996 0.0307 0.996200025
vn 0.0264999997 0.935800016 0.351599991
vn 0.150800005 0.897700012 0.414000005
vn 0.649100006 0.325500011 0.687600017
vn 0.538399994 0.355100006 0.764199972
vn -0.074500002 0.692099988 0.717999995
vn 0.0388999991 0.42050001 0.906499982
vn -0.104199998 0.1523 0.982800007
vn 0.329299986 0.471100003 0.818300009
vn 0.730300009 0.0399000011 0.681900024
vn 0.539499998 0.368699998 0.756900012
vn 0.819599986 0.0205000006 0.572600007
vn 0.744000018 0.1831 0.642700016
vn 0.105999999 0.30399999 0.946699977
vn 0.173899993 0.266499996 0.948000014
vn 0.331800014 0.310900003 0.890600026
vn 0.0850000009 -0.0159000009 0.996299982
vn 0.370499998 -0.0595000014 0.926900029
vn 0.487100005 0.3292 0.808899999
vn -0.0403999984 0.832499981 0.55250001
vn 0.406599998 0.351099998 0.843400002
vn 0.0401999988 0.79549998 0.604700029
vn 0.61559999 0.0351000018 0.787299991
vn 0.212400004 0.41080001 0.886600018
vn 0.0892999992 0.490799993 0.866699994
vn 0.48269999 0.404300004 0.776899993
vn 0.0276999995 0.885800004 0.463200003
vn 0.280900002 0.845099986 0.45480001
vn 0.180399999 0.00400000019 0.98360002
vn 0.386500001 0.0105999997 0.922200024
vn -0.00319999992 -0.123300001 0.992399991
vn 0.328799993 0.0728999972 0.941600025
vn 0.448700011 0.101800002 0.887899995
vn 0.353199989 0.0326000005 0.935000002
vn 0.730499983 0.244200006 0.637799978
vn 0.762899995 -0.316100001 0.563899994
vn 0.852100015 -0.0504000001 0.521000028
vn 0.670700014 -0.0780000016 0.737600029
vn 0.887600005 0.389999986 0.245000005
vn 0.836099982 0.477299988 0.270399988
vn 0.248899996 -0.737900019 0.627399981
vn 0.304800004 -0.460200012 0.833800018
vn -0.301299989 -0.808899999 0.504999995
vn 0.213499993 -0.846300006 0.488000005
vn 0.768000007 -0.596099973 0.234099999
vn 0.954900026 0.227699995 0.190400004
vn 0.907700002 0.261099994 0.328599989
vn 0.875999987 0.307300001 0.371699989
vn 0.904999971 0.201299995 0.374900013
vn 0.986400008 -0.0960000008 0.133200005
vn -0.353300005 0.0326000005 0.935000002
vn -0.730499983 0.244200006 0.637799978
vn -0.852100015 -0.0504000001 0.521000028
vn -0.448700011 0.101800002 0.887799978
vn -0.762899995 -0.316100001 0.563899994
vn -0.670700014 -0.0780000016 0.737600029
vn -0.836099982 0.477299988 0.270399988
vn -0.887600005 0.389999986 0.245000005
vn -0.213499993 -0.846300006 0.488000005
vn -0.87379998 -0.39230001 0.287400007
vn -0.248899996 -0.737900019 0.627399981
vn 0.301299989 -0.808899999 0.504999995
vn -0.304800004 -0.460200012 0.833800018
vn -0.768100023 -0.596099973 0.234099999
vn -0.954900026 0.227699995 0.190400004
vn -0.935299993 0.1065 0.337300003
vn -0.847500026 -0.323399991 0.421000004
vn -0.904999971 0.201299995 0.374900013
vn -0.850199997 -0.241699994 0.467799991
vn -0.986400008 -0.0960000008 0.133200005
vn -0.907700002 0.261099994 0.328599989
vn -0.875999987 0.307300001 0.371699989
vn 0.847500026 -0.323399991 0.421000004
vn 0.87379998 -0.39230001 0.287400007
vn 0.935299993 0.1065 0.337300003
vn 0.850199997 -0.241699994 0.467799991
vn -0.827400029 0.2007 0.524500012
vn -0.534300029 0.391000003 0.74940002
vn -0.534600019 0.236100003 0.811500013
vn -0.762600005 0.296400011 0.574999988
vn -0.804700017 0.213599995 0.553900003
vn -0.564700007 0.409299999 0.716600001
vn -0 0.485199988 0.87440002
vn -0 0.314300001 0.949299991
vn -0 0.520099998 0.854099989
vn 0.762600005 0.296400011 0.574999988
vn 0.827400029 0.2007 0.524600029
vn 0.534600019 0.236100003 0.811500013
vn 0.534300029 0.391000003 0.74940002
vn 0.564700007 0.409299999 0.716600001
vn 0.804700017 0.213599995 0.553900003
vn -0.839299977 0.400999993 0.367000014
vn -0 0.668099999 0.744099975
vn -0.5995 0.552100003 0.57950002
vn -0.555100024 -0.830299973 -0.0487999991
vn -0.398499995 -0.869700015 0.291200012
vn -0 -0.906899989 0.421400011
vn -0.315600008 -0.609499991 0.727199972
vn -0 -0.558099985 0.82980001
vn -0 -0.233099997 0.972500026
vn -0.333600014 -0.295899987 0.895099998
vn -0.435400009 0.0239000004 0.899900019
vn -0 0.0650999993 0.997900009
vn -0 0.502799988 0.864400029
vn -0.542699993 0.432399988 0.720099986
vn 0.5995 0.552100003 0.57950002
vn 0.555100024 -0.830299973 -0.0487999991
vn 0.398499995 -0.869700015 0.291200012
vn 0.315600008 -0.609499991 0.727199972
vn 0.333600014 -0.295899987 0.895099998
vn 0.435400009 0.0239000004 0.899900019
vn 0.542699993 0.432399988 0.720099986
vn -0.852500021 0.380699992 0.358200014
vn -0.852299988 0.192900002 0.486200005
vn -0.729399979 -0.214200005 0.649699986
vn -0.515999973 -0.739799976 0.431699991
vn -0.806900024 -0.238399997 0.540400028
vn -0.871599972 0.218899995 0.438600004
vn -0.337199986 -0.896799982 0.286300004
vn -0.318699986 -0.885900021 0.336899996
vn -0.853600025 0.35679999 0.379599988
vn -0.475499988 -0.871200025 -0.121799998
vn -0.0615000017 -0.9921 -0.108999997
vn -0.131400004 -0.916400015 0.377999991
vn 0.2315 -0.93779999 0.258700013
vn 0.0692000017 -0.987200022 0.143900007
vn 0.0555000007 -0.997600019 -0.0423999988
vn -0.428600013 -0.882600009 0.193200007
vn 0.839299977 0.400999993 0.367000014
vn 0.852500021 0.380699992 0.358200014
vn 0.852299988 0.192900002 0.486200005
vn 0.729399979 -0.214200005 0.649699986
vn 0.515999973 -0.739799976 0.431699991
vn 0.871599972 0.218899995 0.438600004
vn 0.806900024 -0.238399997 0.540400028
vn 0.337199986 -0.896799982 0.286300004
vn 0.853600025 0.35679999 0.379599988
vn 0.0615000017 -0.9921 -0.108999997
vn 0.475499988 -0.871200025 -0.121799998
vn 0.131400004 -0.916400015 0.377999991
vn -0.2315 -0.93779999 0.258700013
vn -0.0555000007 -0.997600019 -0.0423999988
vn 0.428600013 -0.882600009 0.193200007
vn -0.0692000017 -0.987200022 0.143900007
vn 0.318699986 -0.885900021 0.336899996
vn 0.814800024 -0.124499999 0.566100001
vn 0.771799982 -0.121600002 0.624100029
vn 0.510699987 -0.175699994 0.841600001
vn 0.959299982 0.0165999997 0.282000005
vn 0.935400009 -0.0155999996 0.353399992
vn 0.470800012 0.0498999991 0.880800009
vn 0.280499995 -0.633700013 0.721000016
vn 0.392500013 -0.176599994 0.90259999
vn 0.450300008 0.290699989 0.844200015
vn 0.845300019 -0.219400004 0.487199992
vn -0.485300004 0.713400006 0.505400002
vn -0.0370999984 -0.899200022 0.43599999
vn 0.578599989 -0.384200007 0.719500005
vn 0.00769999996 -0.894400001 0.4472
vn 0.428000003 -0.448000014 0.78490001
vn 0.36590001 -0.636300027 0.679099977
vn 0.583000004 -0.646600008 0.492000014
vn 0.852400005 -0.066200003 0.518700004
vn -0.35589999 -0.484400004 0.799199998
vn -0.223199993 0.0109000001 0.974699974
vn 0.431499988 0.0271000005 0.90170002
vn 0.175899997 -0.403899997 0.897800028
vn 0.122400001 -0.486699998 0.86500001
vn 0.185100004 -0.542900026 0.819100022
vn 0.0781999975 -0.888700008 0.451700002
vn 0.251899987 -0.553799987 0.793600023
vn 0.131999999 -0.890900016 0.434500009
vn 0.200900003 -0.571799994 0.79549998
vn 0.192200005 -0.587599993 0.786000013
vn 0.192000002 -0.89230001 0.408600003
vn 0.333299994 -0.716400027 0.612999976
vn 0.560899973 -0.761900008 0.323799998
vn 0.356299996 -0.872600019 0.334100008
vn 0.281399995 -0.688600004 0.66839999
vn 0.273200005 -0.882499993 0.3829
vn 0.224299997 -0.631200016 0.742500007
vn 0.132100001 -0.191499993 0.972599983
vn 0.238499999 -0.0775000006 0.967999995
vn 0.401199996 -0.130500004 0.906599998
vn 0.69690001 0.070100002 0.713800013
vn 0.839900017 0.101599999 0.533100009
vn 0.653699994 0.230399996 0.720799983
vn 0.779200017 0.146899998 0.609399974
vn 0.799000025 0.177000001 0.574699998
vn 0.437000006 -0.402500004 0.804400027
vn 0.611999989 0.181899995 0.769699991
vn 0.7403 0.0965000018 0.665300012
vn 0.907999992 0.0581 0.414900005
vn 0.129600003 -0.32249999 0.937699974
vn 0.250400007 -0.461199999 0.851199985
vn 0.0118000004 -0.295100003 0.95539999
vn 0.136099994 -0.206300005 0.968999982
vn 0.219999999 -0.34740001 0.911499977
vn 0.162699997 -0.350400001 0.922399998
vn 0.165999994 -0.160400003 0.97299999
vn 0.882700026 0.231000006 0.409299999
vn 0.790000021 0.114799999 0.602199972
vn 0.854799986 -0.0355000012 0.517799973
vn 0.764900029 -0.153400004 0.62559998
vn 0.518000007 0.204500005 0.830600023
vn 0.620199978 -0.0299999993 0.783900023
vn 0.274599999 0.132699996 0.952400029
vn 0.368699998 -0.0604000017 0.927600026
vn 0.26879999 -0.465900004 0.842999995
vn 0.261200011 -0.352899998 0.898500025
vn 0.296499997 -0.464100003 0.834699988
vn 0.560899973 -0.350600004 0.75
vn 0.403600007 -0.41049999 0.817700028
vn 0.683200002 -0.340799987 0.645799994
vn 0.338099986 -0.458099991 0.822099984
vn 0.301600009 -0.248099998 0.920599997
vn 0.201800004 -0.0381000005 0.978699982
vn 0.1567 -0.101599999 0.9824
vn 0.921400011 -0.0232999995 0.387800008
vn 0.893400013 -0.0843999982 0.441300005
vn 0.504299998 -0.265399992 0.821699977
vn 0.858200014 0.00329999998 0.513300002
vn 0.823800027 -0.0131999999 0.566699982
vn 0.257099986 -0.445100009 0.857800007
vn 0.857800007 -0.0151000004 0.513800025
vn 0.825600028 -0.0264999997 0.56370002
vn 0.897599995 0.0267999992 0.439900011
vn 0.895699978 0.0292000007 0.443699986
vn 0.57980001 0.127700001 0.804700017
vn 0.227799997 0.278100014 0.933099985
vn 0.322400004 0.270999998 0.907000005
vn 0.307999998 0.209800005 0.927999973
vn 0.391200006 0.204999998 0.897199988
vn 0.405900002 0.263700008 0.875100017
vn 0.211999997 0.205799997 0.95539999
vn 0.111900002 0.203600004 0.972599983
vn 0.200299993 0.0922000036 0.975399971
vn 0.104099996 0.0904999971 0.990400016
vn 0.279700011 0.111100003 0.953599989
vn 0.2289 -0.217800006 0.948800027
vn 0.260199994 -0.417400002 0.870700002
vn 0.265700012 -0.172600001 0.948499978
vn 0.300599992 -0.365700006 0.880800009
vn 0.336899996 -0.101999998 0.93599999
vn 0.643599987 -0.1822 0.743399978
vn 0.480100006 -0.231399998 0.846199989
vn 0.573000014 0.0291000009 0.819100022
vn 0.701600015 0.0149999997 0.712400019
vn 0.7755 -0.225099996 0.589900017
vn 0.850199997 -0.171900004 0.497700006
vn 0.859799981 -0.0551999994 0.507600009
vn 0.765999973 -0.217399999 0.604900002
vn 0.523400009 0.251100004 0.814199984
vn 0.495200008 0.189300001 0.847899973
vn 0.490700006 0.143000007 0.859499991
vn 0.450800002 -0.0264999997 0.892199993
vn 0.37560001 -0.30430001 0.875400007
vn 0.382099986 0.136399999 0.913999975
vn 0.407700002 -0.139899999 0.9023
vn 0.171200007 -0.150800005 0.97359997
vn 0.1215 0.273999989 0.953999996
vn -0.959299982 0.0165999997 0.282000005
vn -0 0.198699996 0.980099976
vn -0.104099996 0.0904999971 0.990400016
vn -0 0.0869000033 0.996200025
vn -0 0.270700008 0.962700009
vn -0.407799989 -0.139899999 0.9023
vn -0 0.0921000019 0.995800018
vn -0 -0.0653999969 0.997900009
vn -0.171200007 -0.150900006 0.97359997
vn -0 -0.0943000019 0.995500028
vn -0.470800012 0.0500000007 0.880800009
vn -0.814899981 -0.124499999 0.566100001
vn -0.111900002 0.203600004 0.972599983
vn -0.1215 0.273999989 0.953999996
vn -0.957300007 -0.00910000037 0.288899988
vn -0.935400009 -0.0155999996 0.353399992
vn -0.907999992 0.0581 0.414900005
vn -0.799000025 0.177000001 0.574699998
vn -0.653699994 0.230399996 0.720799983
vn -0.611999989 0.181899995 0.769699991
vn -0.779200017 0.146899998 0.609399974
vn -0.7403 0.0965000018 0.665300012
vn -0.227799997 0.278100014 0.933099985
vn -0.322400004 0.270999998 0.907000005
vn -0.925899982 0.0135000004 0.377600014
vn -0.921400011 -0.0232999995 0.387800008
vn -0.897599995 0.0267999992 0.439900011
vn -0.895699978 0.0292000007 0.443699986
vn -0.211999997 0.205799997 0.95539999
vn -0.307999998 0.209800005 0.927999973
vn -0.200299993 0.0922000036 0.975399971
vn -0.279700011 0.111100003 0.953599989
vn -0.391200006 0.204999998 0.897199988
vn -0.382099986 0.136399999 0.913999975
vn -0.337000012 -0.101099998 0.936100006
vn -0.265300006 -0.172499999 0.948599994
vn -0.893400013 -0.0843999982 0.441300005
vn -0.765999973 -0.217399999 0.604900002
vn -0.859799981 -0.0551999994 0.507600009
vn -0.643599987 -0.1822 0.743399978
vn -0.701600015 0.0149999997 0.712400019
vn -0.57980001 0.127700001 0.804700017
vn -0.573000014 0.0291000009 0.819100022
vn -0.480199993 -0.231299996 0.846099973
vn -0.495200008 0.189300001 0.847899973
vn -0.490700006 0.143000007 0.859499991
vn -0.523400009 0.251100004 0.814199984
vn -0.450899988 -0.0263999999 0.892199993
vn -0.376800001 -0.303900003 0.875
vn -0.405900002 0.263700008 0.875100017
vn -0.300799996 -0.36559999 0.880800009
vn -0.259299994 -0.417699993 0.870800018
vn -0.504400015 -0.265399992 0.821699977
vn -0.229000002 -0.217800006 0.948700011
vn -0.257299989 -0.445100009 0.857800007
vn -0.437000006 -0.402500004 0.804400027
vn -0.771799982 -0.121600002 0.624100029
vn -0.857599974 -0.0151000004 0.513999999
vn -0.7755 -0.225099996 0.589900017
vn -0.825500011 -0.0264999997 0.563799977
vn -0.25029999 -0.461100012 0.851300001
vn -0.2685 -0.465499997 0.843299985
vn -0.403800011 -0.41049999 0.817600012
vn -0.560899973 -0.350600004 0.75
vn -0.850199997 -0.171900004 0.497700006
vn -0.823899984 -0.0131999999 0.566600025
vn -0.858200014 0.00329999998 0.513300002
vn -0.683200002 -0.340799987 0.645799994
vn -0.338800013 -0.459199995 0.821200013
vn -0.296299994 -0.465499997 0.833999991
vn -0.561600029 -0.761500001 0.323700011
vn -0.36590001 -0.636300027 0.679099977
vn -0.333499998 -0.716499984 0.612800002
vn 0.0370999984 -0.899200022 0.43599999
vn -0.00769999996 -0.894400001 0.4472
vn -0.578599989 -0.384200007 0.719500005
vn -0.428000003 -0.448000014 0.78490001
vn 0.35589999 -0.484400004 0.799199998
vn -0.852400005 -0.066200003 0.518599987
vn -0.845300019 -0.219400004 0.487199992
vn -0.583000004 -0.646600008 0.492000014
vn -0.328799993 0.0729999989 0.941600025
vn 0.223100007 0.0109999999 0.974699974
vn -0.392500013 -0.176599994 0.90259999
vn -0.175699994 -0.403699994 0.897800028
vn -0.510699987 -0.175699994 0.841600001
vn -0.122199997 -0.486600012 0.865100026
vn -0.280499995 -0.633700013 0.721000016
vn -0.129600003 -0.322600007 0.937600017
vn -0.0120999999 -0.295100003 0.95539999
vn -0.185200006 -0.542699993 0.819199979
vn -0.135399997 -0.206499994 0.968999982
vn -0.219300002 -0.346700013 0.912
vn -0.161599994 -0.348800004 0.923200011
vn -0.368800014 -0.0604000017 0.92750001
vn -0.620199978 -0.0298999995 0.783900023
vn -0.261799991 -0.354099989 0.897800028
vn -0.165800005 -0.160300002 0.97299999
vn -0.274599999 0.132499993 0.952400029
vn -0.518000007 0.204500005 0.830600023
vn -0.854799986 -0.0355999991 0.517799973
vn -0.882700026 0.231000006 0.409299999
vn -0.839900017 0.101599999 0.533100009
vn -0.764900029 -0.153400004 0.62559998
vn -0.790000021 0.114799999 0.602199972
vn -0.69690001 0.070100002 0.713800013
vn -0.401199996 -0.130500004 0.906599998
vn -0.238700002 -0.0775000006 0.967999995
vn -0.302399993 -0.248199999 0.920300007
vn -0.202999994 -0.0377000012 0.978500009
vn -0.157800004 -0.101999998 0.982200027
vn -0.131999999 -0.190699995 0.9727
vn -0.251899987 -0.553799987 0.793600023
vn -0.0781999975 -0.888700008 0.451700002
vn -0.386500001 0.0105999997 0.922200024
vn -0.272199988 -0.8829 0.382600009
vn -0.2236 -0.629599988 0.744000018
vn -0.191200003 -0.891499996 0.410699993
vn -0.192599997 -0.587000012 0.786300004
vn -0.200499997 -0.572000027 0.795300007
vn -0.131899998 -0.890799999 0.434899986
vn -0.180399999 0.00400000019 0.98360002
vn 0.00289999996 -0.123099998 0.992399991
vn -0.281599998 -0.688499987 0.668299973
vn -0.356900007 -0.872799993 0.332800001
vn -0.0811000019 0.0307999998 0.996200025
vn -0.515999973 0.0800999999 0.852800012
vn -0.254099995 0.175899997 0.950999975
vn -0.355699986 0.339700013 0.870700002
vn -0.544499993 0.3486 0.762899995
vn -0.567300022 0.501699984 0.652999997
vn -0.559800029 0.111500002 0.821099997
vn -0.701300025 0.0974000022 0.706200004
vn -0.823400021 0.191400006 0.534300029
vn -0.810899973 -0.0328000002 0.584200025
vn -0.926500022 0.104699999 0.361499995
vn -0.620700002 -0.0650999993 0.781400025
vn -0.361099988 0.000699999975 0.932500005
vn -0.30250001 0.130400002 0.944199979
vn -0.297199994 0.253899992 0.920400023
vn -0.702199996 -0.161899999 0.693300009
vn -0.431400001 -0.156299993 0.888499975
vn -0.199699998 0.345999986 0.916700006
vn -0.885500014 -0.157399997 0.437099993
vn -0.881600022 0.169400007 0.440600008
vn -0.800300002 0.212799996 0.560599983
vn -0.943799973 0.110600002 0.311500013
vn -0.2685 0.39199999 0.879899979
vn -0.819599986 0.0206000004 0.572600007
vn -0.743900001 0.1831 0.642700016
vn -0.785700023 -0.290399998 0.546299994
vn -0.0850000009 -0.0159000009 0.996299982
vn -0.105999999 0.30399999 0.946699977
vn 0.104199998 0.1523 0.982800007
vn -0.649100006 0.325500011 0.687600017
vn -0.538200021 0.355300009 0.764299989
vn -0.329299986 0.471100003 0.818300009
vn -0.0388999991 0.42050001 0.906499982
vn 0.074500002 0.692099988 0.717999995
vn -0.730300009 0.0395999998 0.681999981
vn -0.450300008 0.290699989 0.844200015
vn -0.487100005 0.3292 0.808899999
vn 0.485300004 0.713400006 0.505400002
vn 0.0403999984 0.832499981 0.55250001
vn -0.539499998 0.368699998 0.757000029
vn -0.174099997 0.265599996 0.948199987
vn -0.331699997 0.310600013 0.890799999
vn -0.370499998 -0.0595000014 0.926900029
vn -0.406599998 0.351099998 0.843400002
vn -0.0401999988 0.79549998 0.604700029
vn -0.61589998 0.0344000012 0.787100017
vn -0.212400004 0.41080001 0.886600018
vn -0.0892999992 0.490799993 0.866699994
vn -0.482800007 0.404199988 0.776899993
vn -0.431600004 0.0271000005 0.90170002
vn -0.280900002 0.845099986 0.45480001
vn -0.0276999995 0.885800004 0.463200003
vn -0.0264999997 0.935800016 0.351599991
vn -0.150800005 0.897700012 0.414000005
vn -0.590900004 0.0390999988 0.805800021
vn -0.510200024 -0.226899996 0.829599977
vn -0.518700004 -0.0754000023 0.851599991
vn -0.360199988 -0.4833 0.797900021
vn 0.510200024 -0.226899996 0.829599977
vn 0.518700004 -0.0754000023 0.851599991
vn 0.590799987 0.0390999988 0.805800021
vn 0.360199988 -0.4833 0.797900021
vn -0 -0.0678000003 0.997699976
vn 0.1162 -0.0910999998 0.989000022
vn -0 -0.519900024 0.854200006
vn -0.300500005 -0.300099999 0.905300021
vn -0.1162 -0.0910999998 0.989000022
vn -0.427599996 0.0498000011 0.90259999
vn -0.477200001 -0.824000001 0.305500001
vn -0 -0.955299973 0.29550001
vn 0.427599996 0.0498000011 0.90259999
vn 0.300500005 -0.300099999 0.905300021
vn 0.477200001 -0.824000001 0.305500001
vn 0.409799993 0.209600002 0.887799978
vn 0.520099998 -0.326099992 0.789399981
vn 0.572399974 -0.255600005 0.779100001
vn 0.506099999 -0.439700007 0.741999984
vn 0.652100027 -0.275900006 0.706099987
vn 0.390399992 -0.693000019 0.606100023
vn 0.621800005 -0.560299993 0.547299981
vn 0.39199999 -0.7949 0.463
vn 0.463 -0.804099977 0.372799993
vn 0.686600029 -0.345299989 0.639800012
vn 0.514199972 -0.543200016 0.663800001
vn -0.133900002 -0.976999998 -0.165700004
vn -0.298900008 -0.902100027 -0.311199993
vn 0.486200005 -0.735599995 0.471700013
vn 0.691200018 -0.381500006 0.613699973
vn 0.709200025 -0.229000002 0.666800022
vn 0.689100027 -0.173299998 0.703599989
vn 0.591300011 -0.1171 0.797900021
vn 0.523100019 0.1206 0.843699992
vn 0.538299978 0.251199991 0.804400027
vn 0.65200001 0.0785000026 0.754100025
vn 0.720000029 -0.0908000022 0.688000023
vn 0.632799983 0.167600006 0.755900025
vn 0.393400013 0.451900005 0.800599992
vn 0.71390003 -0.170300007 0.679199994
vn 0.4375 0.146200001 0.887300014
vn 0.6347 -0.0447999984 0.771499991
vn 0.350499988 -0.758300006 0.549600005
vn 0.631600022 -0.367599994 0.682600021
vn 0.300000012 -0.393299997 0.869099975
vn 0.201700002 -0.696099997 0.68900001
vn 0.476399988 -0.360500008 0.801900029
vn 0.248699993 -0.750699997 0.612100005
vn -0.00749999983 -0.987900019 -0.154899999
vn -0.175699994 -0.974600017 -0.138999999
vn -0.185100004 -0.976000011 -0.114299998
vn 0.103 0.0785000026 0.991599977
vn -0 0.0502999984 0.998700023
vn -0.103 0.0785000026 0.991599977
vn -0.409799993 0.2095 0.887799978
vn 0.0335000008 0.476099998 0.878700018
vn -0.652100027 -0.275900006 0.706099987
vn -0.572399974 -0.255600005 0.779100001
vn -0.505999982 -0.439500004 0.742200017
vn -0.520200014 -0.326000005 0.789399981
vn -0.463 -0.804199994 0.372700006
vn -0.621699989 -0.560400009 0.547299981
vn -0.39199999 -0.7949 0.463
vn -0.390399992 -0.693000019 0.606100023
vn -0.514199972 -0.543200016 0.663800001
vn -0.686600029 -0.345299989 0.639800012
vn 0.298900008 -0.902199984 -0.311100006
vn -0.486200005 -0.735599995 0.471700013
vn 0.133900002 -0.976999998 -0.165700004
vn -0.691200018 -0.381500006 0.613699973
vn -0.709100008 -0.229000002 0.666800022
vn -0.689100027 -0.173299998 0.703599989
vn -0.591300011 -0.1171 0.797900021
vn -0.523100019 0.1206 0.843699992
vn -0.538299978 0.251199991 0.804400027
vn -0.65200001 0.0785000026 0.754100025
vn -0.720000029 -0.0908000022 0.688000023
vn -0.393400013 0.451999992 0.800599992
vn -0.632799983 0.167699993 0.755999982
vn -0.71390003 -0.170300007 0.679199994
vn -0.0311999992 0.359899998 0.932500005
vn -0.437400013 0.146300003 0.887300014
vn -0.6347 -0.0447999984 0.771499991
vn -0.631600022 -0.367599994 0.682600021
vn -0.350499988 -0.758300006 0.549600005
vn -0.0819000006 -0.294800013 0.952000022
vn -0.300000012 -0.393299997 0.869099975
vn -0.161200002 -0.611500025 0.774600029
vn -0.201700002 -0.696099997 0.68900001
vn -0.476399988 -0.360500008 0.801900029
vn -0.248699993 -0.750699997 0.612100005
vn -0 -0.32249999 0.94660002
vn -0 -0.60680002 0.7949
vn 0.00749999983 -0.987900019 -0.154799998
vn -0.154400006 -0.981999993 -0.108900003
vn 0.175799996 -0.9745 -0.139200002
vn -0 -0.99119997 -0.132200003
vn 0.185100004 -0.976000011 -0.114299998
vn -0 0.360300004 0.932799995
vn -0 0.214399993 0.976700008
vn -0.0335999988 0.476099998 0.878700018
vn 0.0310999993 0.359899998 0.932500005
vn 0.0819000006 -0.294800013 0.952000022
vn 0.161200002 -0.611500025 0.774699986
vn 0.154400006 -0.981999993 -0.1087
vn -0.587199986 -0.273499995 0.761900008
vn 0.290699989 -0.643000007 0.708500028
vn -0.397199988 -0.435400009 0.807900012
vn -0.418900013 -0.335700005 0.843699992
vn -0.522199988 -0.220500007 0.823800027
vn -0.411300004 -0.321700007 0.852800012
vn -0.534200013 0.0408000015 0.844399989
vn -0.424199998 -0.332700014 0.842299998
vn -0.557299972 -0.150299996 0.816600025
vn -0.482499987 -0.224099994 0.846700013
vn -0.528400004 0.0225000009 0.848699987
vn -0.473100007 -0.217899993 0.853699982
vn -0.598200023 -0.0891000032 0.796400011
vn -0.568899989 -0.202500001 0.797100008
vn -0.591300011 -0.182500005 0.785600007
vn -0.317999989 0.0526000001 0.94660002
vn -0 0.0494000018 0.99879998
vn -0.290699989 -0.643100023 0.708500028
vn 0.397199988 -0.435400009 0.807900012
vn 0.411300004 -0.321099997 0.853100002
vn 0.520799994 -0.218400002 0.825299978
vn 0.418500006 -0.333999991 0.844600022
vn 0.534200013 0.0408000015 0.844399989
vn 0.424800009 -0.332899988 0.841799974
vn 0.4833 -0.222800002 0.846599996
vn 0.555599988 -0.150000006 0.817799985
vn 0.528500021 0.0225000009 0.848699987
vn 0.597500026 -0.0898000002 0.796800017
vn 0.472900003 -0.217999995 0.853699982
vn 0.568199992 -0.202500001 0.797599971
vn 0.592400014 -0.183899999 0.784399986
vn 0.317999989 0.0526000001 0.94660002
vn 0.588800013 -0.274100006 0.760399997
vn -0.668500006 -0.118799999 0.734099984
vn -0.541100025 -0.135600001 0.829900026
vn -0.617500007 -0.177200004 0.76639998
vn -0.663600028 0.229300007 0.712100029
vn 0.138999999 0.910300016 0.389800012
vn -0.1197 0.968100011 0.220100001
vn -0.557500005 -0.0659999996 0.827499986
vn -0.715799987 -0.0313000008 0.697600007
vn -0.243900001 -0.211999997 0.94630003
vn -0 -0.201199993 0.979600012
vn -0.222800002 -0.828700006 0.513400018
vn -0.662400007 -0.372700006 0.649900019
vn -0.725399971 -0.345400006 0.595399976
vn -0.727299988 -0.0778999999 0.681900024
vn -0.618399978 0.299600005 0.726499975
vn -0.106600001 0.987100005 0.119900003
vn -0 -0.861100018 0.50849998
vn -0.487199992 -0.671000004 0.558899999
vn -0.55339998 -0.589900017 0.588
vn -0.429699987 0.367000014 0.824999988
vn -0.548200011 -0.0649000034 0.833800018
vn -0.071800001 0.996100008 0.0507000014
vn 0.243900001 -0.211999997 0.94630003
vn 0.541100025 -0.134900004 0.8301
vn 0.616999984 -0.175999999 0.767099977
vn -0.251700014 -0.71390003 0.653400004
vn -0.285299987 -0.0542000011 0.956900001
vn -0.210899994 0.372299999 0.903800011
vn 0.0504000001 0.992600024 0.110600002
vn -0 0.976300001 0.216299996
vn -0 0.308999985 0.950999975
vn -0 -0.148200005 0.989000022
vn -0 -0.79400003 0.607900023
vn -0.1391 0.910300016 0.389800012
vn 0.663699985 0.229200006 0.712000012
vn 0.1197 0.968100011 0.219999999
vn 0.66839999 -0.118500002 0.734300017
vn 0.557500005 -0.0659999996 0.827499986
vn 0.715699971 -0.0313000008 0.697700024
vn 0.662199974 -0.372099996 0.650399983
vn 0.727299988 -0.0778999999 0.681900024
vn 0.725399971 -0.345400006 0.595399976
vn 0.106700003 0.986999989 0.119999997
vn 0.618399978 0.299400002 0.726499975
vn 0.222800002 -0.828700006 0.513400018
vn 0.487100005 -0.67110002 0.558899999
vn 0.55339998 -0.589900017 0.588
vn 0.251700014 -0.71390003 0.653400004
vn 0.548200011 -0.0649000034 0.833800018
vn 0.285299987 -0.0542000011 0.956900001
vn 0.429699987 0.367000014 0.824999988
vn 0.0716999993 0.996100008 0.0505999997
vn -0.0504000001 0.992600024 0.110600002
vn 0.210899994 0.372299999 0.903800011
vn -0.685199976 0.728100002 0.0196000002
vn -0.992600024 0.103500001 0.0636000037
vn -0.899500012 0.363700002 0.2421
vn -0.412800014 -0.836199999 0.361099988
vn -0.912 -0.239299998 0.333000004
vn -0.682500005 -0.451200008 0.574899971
vn -0.441500008 0.880800009 0.171100006
vn -0 0.990700006 0.136099994
vn -0 0.999899983 -0.0151000004
vn -0 -0.917100012 0.398699999
vn -0 -0.795700014 0.605700016
vn 0.992600024 0.103500001 0.0636000037
vn 0.912 -0.239299998 0.333000004
vn 0.682500005 -0.451200008 0.574899971
vn 0.412800014 -0.836199999 0.361099988
vn 0.899500012 0.363700002 0.2421
vn 0.685199976 0.728100002 0.0196000002
vn 0.441500008 0.880800009 0.171100006
vn 0.289099991 0.554700017 0.780200005
vn -0 0.293199986 0.956099987
vn -0 -0.992900014 0.119000003
vn 0.73089999 -0.400200009 0.5528
vn -0 -0.839999974 0.542500019
vn -0.289099991 0.554700017 0.780200005
vn -0.731000006 -0.400200009 0.5528
vn 0.284399986 -0.901899993 0.324999988
vn 0.464899987 -0.480300009 0.743799984
vn -0.284399986 -0.90200001 0.324900001
vn -0 -0.987800002 0.155399993
vn -0.464899987 -0.480300009 0.743700027
vn -0.566900015 0.425000012 0.70569998
vn -0 -0.640200019 0.76819998
vn -0 0.621500015 0.783399999
vn 0.566900015 0.425000012 0.70569998
vn 0.196799994 0.868200004 0.455599993
vn -0.196799994 0.868200004 0.455599993
vn 0.951499999 0.302300006 0.0566000007
vn 0.980400026 0.0386999995 -0.193000004
vn 0.699299991 0.638300002 -0.321799994
vn -0 0.529999971 0.84799999
vn -0.951499999 0.302300006 0.0566999987
vn -0.699299991 0.638300002 -0.321799994
vn -0.980400026 0.0386999995 -0.193000004
vn -0 0.884299994 -0.467000008
vn -0.982299984 -0.143099993 0.120999999
vn -0.734300017 -0.555999994 -0.389400005
vn -0 -0.861199975 -0.50819999
vn -0.749599993 -0.658800006 0.0632999986
vn 0.982299984 -0.143099993 0.121100001
vn 0.734300017 -0.555999994 -0.389400005
vn 0.749599993 -0.658800006 0.0632999986
g 
f 1//1 2//2 3//3
f 3//3 2//2 4//4
f 3//3 5//5 1//1
f 1//1 5//5 6//6
f 2//2 7//7 4//4
f 4//4 7//7 8//8
f 9//9 10//10 11//11
f 4//4 12//12 3//3
f 12//12 13//13 3//3
f 5//5 3//3 13//13
f 5//5 13//13 11//11
f 11//11 13//13 9//9
f 14//14 12//12 8//8
f 8//8 12//12 4//4
f 15//15 16//16 17//17
f 17//17 16//16 18//18
f 2//2 1//1 19//19
f 20//20 1//1 6//6
f 6//6 5//5 21//21
f 21//21 5//5 11//11
f 7//7 2//2 22//22
f 22//22 2//2 19//19
f 23//23 24//24 25//25
f 26//26 27//27 28//28
f 28//28 27//27 29//29
f 30//30 29//29 20//20
f 20//20 29//29 27//27
f 21//21 30//30 6//6
f 6//6 30//30 20//20
f 7//7 22//22 23//23
f 7//7 23//23 25//25
f 17//17 14//14 15//15
f 15//15 14//14 8//8
f 26//26 28//28 31//31
f 32//32 33//33 34//34
f 31//31 28//28 35//35
f 36//36 37//37 38//38
f 38//38 37//37 39//39
f 40//40 41//41 39//39
f 39//39 41//41 38//38
f 42//42 32//32 36//36
f 36//36 32//32 37//37
f 43//43 44//44 45//45
f 36//36 38//38 46//46
f 46//46 38//38 47//47
f 41//41 47//47 38//38
f 45//45 47//47 43//43
f 43//43 47//47 41//41
f 36//36 46//46 42//42
f 42//42 46//46 48//48
f 49//49 50//50 51//51
f 51//51 50//50 52//52
f 37//37 53//53 39//39
f 40//40 39//39 54//54
f 40//40 55//55 41//41
f 41//41 55//55 43//43
f 32//32 56//56 37//37
f 37//37 56//56 53//53
f 33//33 57//57 34//34
f 58//58 59//59 60//60
f 60//60 59//59 61//61
f 62//62 54//54 61//61
f 61//61 54//54 60//60
f 55//55 40//40 62//62
f 62//62 40//40 54//54
f 32//32 34//34 56//56
f 50//50 49//49 48//48
f 48//48 49//49 42//42
f 58//58 31//31 59//59
f 59//59 31//31 35//35
f 63//63 35//35 64//64
f 65//65 66//66 67//67
f 68//68 67//67 15//15
f 15//15 67//67 16//16
f 69//69 65//65 70//70
f 70//70 65//65 71//71
f 15//15 8//8 68//68
f 68//68 8//8 7//7
f 68//68 71//71 67//67
f 67//67 71//71 65//65
f 7//7 25//25 68//68
f 68//68 25//25 71//71
f 72//72 73//73 74//74
f 74//74 73//73 75//75
f 73//73 72//72 76//76
f 76//76 72//72 77//77
f 78//78 79//79 75//75
f 75//75 79//79 74//74
f 77//77 80//80 81//81
f 81//81 80//80 10//10
f 11//11 10//10 80//80
f 70//70 82//82 69//69
f 69//69 82//82 83//83
f 84//84 83//83 85//85
f 85//85 83//83 82//82
f 70//70 71//71 86//86
f 86//86 71//71 25//25
f 86//86 87//87 70//70
f 70//70 87//87 82//82
f 87//87 88//88 82//82
f 82//82 88//88 85//85
f 76//76 89//89 73//73
f 67//67 66//66 16//16
f 16//16 66//66 90//90
f 89//89 18//18 90//90
f 90//90 18//18 16//16
f 76//76 91//91 89//89
f 89//89 91//91 18//18
f 91//91 76//76 81//81
f 81//81 76//76 77//77
f 80//80 92//92 11//11
f 11//11 92//92 21//21
f 92//92 80//80 93//93
f 93//93 80//80 77//77
f 94//94 95//95 96//96
f 96//96 95//95 97//97
f 95//95 94//94 30//30
f 30//30 94//94 29//29
f 25//25 24//24 86//86
f 98//98 99//99 87//87
f 87//87 99//99 88//88
f 24//24 98//98 86//86
f 86//86 98//98 87//87
f 92//92 95//95 21//21
f 21//21 95//95 30//30
f 95//95 92//92 97//97
f 97//97 92//92 93//93
f 28//28 29//29 64//64
f 64//64 29//29 94//94
f 64//64 94//94 100//100
f 100//100 94//94 96//96
f 72//72 101//101 77//77
f 77//77 101//101 93//93
f 74//74 79//79 102//102
f 102//102 79//79 103//103
f 72//72 74//74 101//101
f 101//101 74//74 102//102
f 96//96 97//97 104//104
f 104//104 97//97 105//105
f 100//100 96//96 106//106
f 106//106 96//96 104//104
f 105//105 107//107 104//104
f 104//104 107//107 108//108
f 104//104 108//108 106//106
f 106//106 108//108 109//109
f 107//107 110//110 108//108
f 108//108 110//110 111//111
f 108//108 111//111 109//109
f 109//109 111//111 112//112
f 105//105 97//97 101//101
f 101//101 97//97 93//93
f 101//101 102//102 105//105
f 105//105 102//102 107//107
f 110//110 107//107 103//103
f 103//103 107//107 102//102
f 113//113 109//109 114//114
f 114//114 109//109 112//112
f 106//106 109//109 115//115
f 115//115 109//109 113//113
f 100//100 106//106 116//116
f 116//116 106//106 115//115
f 63//63 64//64 116//116
f 116//116 64//64 100//100
f 64//64 35//35 28//28
f 117//117 118//118 119//119
f 120//120 49//49 117//117
f 117//117 49//49 51//51
f 121//121 119//119 122//122
f 122//122 119//119 123//123
f 32//32 42//42 120//120
f 120//120 42//42 49//49
f 119//119 121//121 117//117
f 117//117 121//121 120//120
f 121//121 33//33 120//120
f 120//120 33//33 32//32
f 124//124 125//125 126//126
f 126//126 125//125 127//127
f 128//128 127//127 129//129
f 129//129 127//127 125//125
f 130//130 124//124 131//131
f 131//131 124//124 126//126
f 44//44 132//132 133//133
f 133//133 132//132 128//128
f 132//132 44//44 43//43
f 134//134 135//135 123//123
f 123//123 135//135 122//122
f 84//84 85//85 134//134
f 134//134 85//85 135//135
f 122//122 136//136 121//121
f 121//121 136//136 33//33
f 136//136 122//122 137//137
f 137//137 122//122 135//135
f 137//137 135//135 88//88
f 88//88 135//135 85//85
f 125//125 138//138 129//129
f 117//117 51//51 118//118
f 118//118 51//51 139//139
f 51//51 52//52 139//139
f 139//139 52//52 138//138
f 129//129 138//138 140//140
f 140//140 138//138 52//52
f 140//140 133//133 129//129
f 129//129 133//133 128//128
f 55//55 141//141 43//43
f 43//43 141//141 132//132
f 128//128 132//132 142//142
f 142//142 132//132 141//141
f 143//143 144//144 145//145
f 145//145 144//144 146//146
f 61//61 146//146 62//62
f 62//62 146//146 144//144
f 136//136 57//57 33//33
f 88//88 99//99 137//137
f 137//137 99//99 147//147
f 137//137 147//147 136//136
f 136//136 147//147 57//57
f 62//62 144//144 55//55
f 55//55 144//144 141//141
f 142//142 141//141 143//143
f 143//143 141//141 144//144
f 146//146 61//61 148//148
f 148//148 61//61 59//59
f 145//145 146//146 149//149
f 149//149 146//146 148//148
f 127//127 128//128 150//150
f 150//150 128//128 142//142
f 151//151 131//131 152//152
f 152//152 131//131 126//126
f 152//152 126//126 150//150
f 150//150 126//126 127//127
f 145//145 153//153 143//143
f 143//143 153//153 154//154
f 149//149 155//155 145//145
f 145//145 155//155 153//153
f 156//156 157//157 153//153
f 153//153 157//157 154//154
f 158//158 156//156 155//155
f 155//155 156//156 153//153
f 159//159 160//160 156//156
f 156//156 160//160 157//157
f 161//161 159//159 158//158
f 158//158 159//159 156//156
f 142//142 143//143 150//150
f 150//150 143//143 154//154
f 157//157 152//152 154//154
f 154//154 152//152 150//150
f 152//152 157//157 151//151
f 151//151 157//157 160//160
f 113//113 114//114 158//158
f 158//158 114//114 161//161
f 113//113 158//158 115//115
f 115//115 158//158 155//155
f 115//115 155//155 116//116
f 116//116 155//155 149//149
f 149//149 148//148 116//116
f 116//116 148//148 63//63
f 63//63 148//148 35//35
f 35//35 148//148 59//59
f 162//162 163//163 164//164
f 165//165 166//166 167//167
f 167//167 166//166 168//168
f 169//169 170//170 168//168
f 168//168 170//170 167//167
f 171//171 172//172 170//170
f 170//170 172//172 167//167
f 172//172 173//173 167//167
f 167//167 173//173 165//165
f 174//174 175//175 176//176
f 176//176 175//175 177//177
f 175//175 178//178 177//177
f 177//177 178//178 179//179
f 171//171 170//170 179//179
f 179//179 170//170 177//177
f 170//170 169//169 177//177
f 177//177 169//169 176//176
f 180//180 181//181 182//182
f 182//182 181//181 183//183
f 183//183 184//184 182//182
f 182//182 184//184 185//185
f 185//185 171//171 182//182
f 182//182 171//171 179//179
f 178//178 180//180 179//179
f 179//179 180//180 182//182
f 186//186 187//187 188//188
f 188//188 187//187 189//189
f 173//173 172//172 189//189
f 189//189 172//172 188//188
f 172//172 171//171 188//188
f 188//188 171//171 185//185
f 184//184 186//186 185//185
f 185//185 186//186 188//188
f 175//175 174//174 190//190
f 190//190 174//174 191//191
f 191//191 192//192 190//190
f 190//190 192//192 193//193
f 194//194 195//195 193//193
f 193//193 195//195 190//190
f 195//195 178//178 190//190
f 190//190 178//178 175//175
f 181//181 180//180 164//164
f 164//164 180//180 162//162
f 180//180 178//178 162//162
f 162//162 178//178 195//195
f 194//194 196//196 195//195
f 195//195 196//196 162//162
f 196//196 163//163 162//162
f 197//197 166//166 198//198
f 198//198 166//166 165//165
f 173//173 199//199 165//165
f 165//165 199//199 198//198
f 200//200 197//197 201//201
f 201//201 197//197 198//198
f 173//173 189//189 199//199
f 191//191 174//174 202//202
f 202//202 174//174 176//176
f 176//176 169//169 202//202
f 202//202 169//169 203//203
f 204//204 205//205 203//203
f 203//203 205//205 202//202
f 192//192 191//191 205//205
f 205//205 191//191 202//202
f 166//166 197//197 168//168
f 168//168 197//197 206//206
f 197//197 200//200 206//206
f 206//206 200//200 207//207
f 207//207 204//204 206//206
f 206//206 204//204 203//203
f 203//203 169//169 206//206
f 206//206 169//169 168//168
f 183//183 181//181 208//208
f 208//208 181//181 164//164
f 200//200 209//209 207//207
f 207//207 209//209 210//210
f 207//207 210//210 204//204
f 204//204 210//210 211//211
f 204//204 211//211 205//205
f 205//205 211//211 212//212
f 205//205 212//212 192//192
f 192//192 212//212 90//90
f 192//192 90//90 193//193
f 193//193 90//90 66//66
f 66//66 213//213 193//193
f 193//193 213//213 194//194
f 213//213 214//214 194//194
f 194//194 214//214 196//196
f 163//163 196//196 215//215
f 215//215 196//196 214//214
f 75//75 216//216 78//78
f 78//78 216//216 217//217
f 216//216 75//75 218//218
f 218//218 75//75 73//73
f 213//213 66//66 65//65
f 65//65 69//69 213//213
f 213//213 69//69 214//214
f 84//84 215//215 83//83
f 69//69 83//83 214//214
f 214//214 83//83 215//215
f 209//209 200//200 219//219
f 219//219 200//200 201//201
f 73//73 89//89 218//218
f 218//218 89//89 212//212
f 212//212 89//89 90//90
f 211//211 216//216 212//212
f 212//212 216//216 218//218
f 216//216 211//211 217//217
f 217//217 211//211 210//210
f 209//209 217//217 210//210
f 160//160 220//220 151//151
f 221//221 222//222 223//223
f 217//217 224//224 78//78
f 78//78 224//224 225//225
f 225//225 226//226 78//78
f 78//78 226//226 79//79
f 225//225 224//224 223//223
f 223//223 224//224 221//221
f 224//224 217//217 209//209
f 224//224 209//209 221//221
f 221//221 209//209 219//219
f 79//79 226//226 103//103
f 103//103 226//226 227//227
f 110//110 228//228 111//111
f 111//111 228//228 229//229
f 111//111 229//229 112//112
f 112//112 229//229 230//230
f 103//103 227//227 110//110
f 110//110 227//227 228//228
f 114//114 112//112 231//231
f 231//231 112//112 230//230
f 232//232 130//130 233//233
f 233//233 130//130 131//131
f 220//220 233//233 151//151
f 151//151 233//233 131//131
f 234//234 235//235 159//159
f 159//159 235//235 160//160
f 236//236 234//234 161//161
f 161//161 234//234 159//159
f 235//235 220//220 160//160
f 114//114 231//231 161//161
f 161//161 231//231 236//236
f 237//237 238//238 239//239
f 199//199 240//240 198//198
f 198//198 240//240 201//201
f 189//189 187//187 241//241
f 241//241 187//187 242//242
f 243//243 244//244 242//242
f 242//242 244//244 241//241
f 240//240 199//199 244//244
f 244//244 199//199 241//241
f 199//199 189//189 241//241
f 242//242 187//187 245//245
f 245//245 187//187 186//186
f 186//186 184//184 245//245
f 245//245 184//184 246//246
f 246//246 247//247 245//245
f 245//245 247//247 248//248
f 243//243 242//242 248//248
f 248//248 242//242 245//245
f 163//163 249//249 164//164
f 164//164 249//249 208//208
f 249//249 247//247 208//208
f 208//208 247//247 246//246
f 184//184 183//183 246//246
f 246//246 183//183 208//208
f 250//250 251//251 249//249
f 249//249 251//251 247//247
f 247//247 251//251 248//248
f 248//248 251//251 252//252
f 248//248 252//252 243//243
f 243//243 252//252 253//253
f 244//244 243//243 254//254
f 254//254 243//243 253//253
f 244//244 254//254 240//240
f 240//240 254//254 255//255
f 240//240 255//255 201//201
f 201//201 255//255 219//219
f 249//249 163//163 250//250
f 250//250 163//163 215//215
f 256//256 257//257 258//258
f 258//258 257//257 222//222
f 258//258 222//222 221//221
f 215//215 259//259 250//250
f 250//250 259//259 260//260
f 260//260 261//261 250//250
f 250//250 261//261 251//251
f 261//261 262//262 251//251
f 251//251 262//262 252//252
f 253//253 252//252 263//263
f 263//263 252//252 262//262
f 264//264 265//265 266//266
f 266//266 265//265 267//267
f 264//264 266//266 256//256
f 256//256 266//266 257//257
f 259//259 215//215 84//84
f 255//255 258//258 219//219
f 219//219 258//258 221//221
f 254//254 256//256 255//255
f 255//255 256//256 258//258
f 253//253 264//264 254//254
f 254//254 264//264 256//256
f 263//263 265//265 253//253
f 253//253 265//265 264//264
f 268//268 269//269 270//270
f 270//270 269//269 271//271
f 269//269 272//272 271//271
f 271//271 272//272 273//273
f 269//269 274//274 272//272
f 272//272 274//274 275//275
f 274//274 269//269 276//276
f 276//276 269//269 268//268
f 277//277 278//278 279//279
f 279//279 278//278 280//280
f 278//278 277//277 281//281
f 281//281 277//277 282//282
f 277//277 272//272 282//282
f 282//282 272//272 275//275
f 272//272 277//277 273//273
f 273//273 277//277 279//279
f 283//283 284//284 285//285
f 285//285 284//284 238//238
f 238//238 284//284 239//239
f 239//239 284//284 286//286
f 286//286 284//284 275//275
f 275//275 284//284 282//282
f 284//284 283//283 282//282
f 282//282 283//283 281//281
f 287//287 288//288 289//289
f 289//289 288//288 290//290
f 288//288 274//274 290//290
f 290//290 274//274 276//276
f 274//274 288//288 275//275
f 275//275 288//288 286//286
f 288//288 287//287 286//286
f 286//286 287//287 239//239
f 278//278 291//291 280//280
f 280//280 291//291 292//292
f 292//292 291//291 293//293
f 293//293 291//291 294//294
f 291//291 295//295 294//294
f 294//294 295//295 296//296
f 295//295 291//291 281//281
f 281//281 291//291 278//278
f 297//297 283//283 298//298
f 298//298 283//283 285//285
f 283//283 297//297 281//281
f 281//281 297//297 295//295
f 297//297 299//299 295//295
f 295//295 299//299 296//296
f 299//299 297//297 300//300
f 300//300 297//297 298//298
f 301//301 302//302 270//270
f 270//270 302//302 268//268
f 302//302 303//303 268//268
f 268//268 303//303 276//276
f 303//303 302//302 304//304
f 304//304 302//302 305//305
f 302//302 301//301 305//305
f 305//305 301//301 306//306
f 290//290 307//307 289//289
f 289//289 307//307 308//308
f 307//307 309//309 308//308
f 308//308 309//309 310//310
f 307//307 303//303 309//309
f 309//309 303//303 304//304
f 307//307 290//290 303//303
f 303//303 290//290 276//276
f 292//292 311//311 280//280
f 280//280 311//311 279//279
f 279//279 311//311 273//273
f 273//273 311//311 312//312
f 311//311 313//313 312//312
f 312//312 313//313 314//314
f 311//311 292//292 313//313
f 313//313 292//292 293//293
f 315//315 301//301 271//271
f 271//271 301//301 270//270
f 301//301 315//315 306//306
f 306//306 315//315 316//316
f 316//316 315//315 314//314
f 314//314 315//315 312//312
f 312//312 315//315 273//273
f 273//273 315//315 271//271
f 308//308 317//317 289//289
f 289//289 317//317 287//287
f 287//287 317//317 239//239
f 239//239 317//317 237//237
f 237//237 317//317 318//318
f 318//318 317//317 319//319
f 317//317 308//308 319//319
f 319//319 308//308 310//310
f 238//238 320//320 285//285
f 285//285 320//320 298//298
f 320//320 321//321 298//298
f 298//298 321//321 300//300
f 321//321 320//320 318//318
f 318//318 320//320 237//237
f 320//320 238//238 237//237
f 318//318 322//322 321//321
f 321//321 322//322 323//323
f 318//318 319//319 322//322
f 322//322 319//319 324//324
f 319//319 310//310 324//324
f 324//324 310//310 325//325
f 325//325 310//310 326//326
f 326//326 310//310 309//309
f 309//309 304//304 326//326
f 326//326 304//304 327//327
f 304//304 305//305 327//327
f 327//327 305//305 328//328
f 306//306 316//316 329//329
f 329//329 316//316 330//330
f 316//316 314//314 330//330
f 330//330 314//314 331//331
f 314//314 313//313 331//331
f 331//331 313//313 332//332
f 313//313 293//293 332//332
f 332//332 293//293 139//139
f 293//293 294//294 139//139
f 139//139 294//294 118//118
f 296//296 333//333 294//294
f 294//294 333//333 118//118
f 299//299 334//334 296//296
f 296//296 334//334 333//333
f 334//334 299//299 335//335
f 335//335 299//299 300//300
f 335//335 300//300 323//323
f 323//323 300//300 321//321
f 336//336 337//337 338//338
f 338//338 337//337 339//339
f 337//337 340//340 339//339
f 339//339 340//340 341//341
f 232//232 342//342 130//130
f 130//130 342//342 343//343
f 124//124 130//130 344//344
f 344//344 130//130 343//343
f 344//344 345//345 124//124
f 124//124 345//345 125//125
f 119//119 118//118 333//333
f 334//334 123//123 333//333
f 333//333 123//123 119//119
f 335//335 323//323 259//259
f 259//259 323//323 260//260
f 322//322 261//261 323//323
f 323//323 261//261 260//260
f 324//324 262//262 322//322
f 322//322 262//262 261//261
f 262//262 324//324 263//263
f 263//263 324//324 325//325
f 346//346 347//347 265//265
f 265//265 347//347 267//267
f 338//338 347//347 336//336
f 336//336 347//347 346//346
f 134//134 335//335 84//84
f 84//84 335//335 259//259
f 335//335 134//134 334//334
f 334//334 134//134 123//123
f 232//232 341//341 342//342
f 342//342 341//341 340//340
f 329//329 328//328 306//306
f 306//306 328//328 305//305
f 345//345 138//138 125//125
f 345//345 332//332 138//138
f 138//138 332//332 139//139
f 331//331 332//332 344//344
f 344//344 332//332 345//345
f 330//330 331//331 343//343
f 343//343 331//331 344//344
f 342//342 329//329 343//343
f 343//343 329//329 330//330
f 328//328 329//329 340//340
f 340//340 329//329 342//342
f 327//327 328//328 337//337
f 337//337 328//328 340//340
f 326//326 327//327 336//336
f 336//336 327//327 337//337
f 336//336 346//346 326//326
f 326//326 346//346 325//325
f 346//346 265//265 325//325
f 325//325 265//265 263//263
f 266//266 267//267 348//348
f 348//348 267//267 349//349
f 266//266 348//348 257//257
f 257//257 348//348 350//350
f 257//257 350//350 222//222
f 222//222 350//350 351//351
f 352//352 223//223 351//351
f 351//351 223//223 222//222
f 352//352 353//353 223//223
f 223//223 353//353 225//225
f 226//226 225//225 354//354
f 354//354 225//225 353//353
f 354//354 355//355 226//226
f 226//226 355//355 227//227
f 228//228 358//358 229//229
f 229//229 358//358 356//356
f 229//229 356//356 230//230
f 230//230 356//356 357//357
f 227//227 355//355 228//228
f 228//228 355//355 358//358
f 230//230 357//357 231//231
f 231//231 357//357 359//359
f 347//347 360//360 267//267
f 267//267 360//360 349//349
f 361//361 360//360 338//338
f 338//338 360//360 347//347
f 362//362 361//361 339//339
f 339//339 361//361 338//338
f 339//339 341//341 362//362
f 362//362 341//341 363//363
f 363//363 341//341 364//364
f 364//364 341//341 232//232
f 364//364 232//232 365//365
f 365//365 232//232 233//233
f 365//365 233//233 366//366
f 366//366 233//233 220//220
f 368//368 369//369 234//234
f 234//234 369//369 235//235
f 367//367 368//368 236//236
f 236//236 368//368 234//234
f 369//369 366//366 235//235
f 235//235 366//366 220//220
f 359//359 367//367 231//231
f 231//231 367//367 236//236
f 370//370 22//22 371//371
f 27//27 372//372 373//373
f 373//373 372//372 374//374
f 373//373 374//374 371//371
f 27//27 373//373 20//20
f 20//20 373//373 375//375
f 19//19 375//375 371//371
f 371//371 375//375 373//373
f 19//19 1//1 375//375
f 375//375 1//1 20//20
f 26//26 376//376 27//27
f 27//27 376//376 372//372
f 371//371 22//22 19//19
f 371//371 374//374 370//370
f 370//370 374//374 377//377
f 24//24 23//23 370//370
f 370//370 23//23 22//22
f 378//378 99//99 379//379
f 379//379 99//99 98//98
f 379//379 98//98 380//380
f 380//380 98//98 24//24
f 370//370 377//377 24//24
f 24//24 377//377 380//380
f 381//381 376//376 31//31
f 31//31 376//376 26//26
f 382//382 383//383 384//384
f 383//383 60//60 384//384
f 382//382 384//384 385//385
f 60//60 54//54 384//384
f 384//384 54//54 386//386
f 384//384 386//386 385//385
f 385//385 386//386 53//53
f 39//39 53//53 386//386
f 54//54 39//39 386//386
f 58//58 60//60 387//387
f 387//387 60//60 383//383
f 53//53 56//56 385//385
f 385//385 56//56 388//388
f 385//385 388//388 382//382
f 382//382 388//388 389//389
f 56//56 34//34 388//388
f 388//388 34//34 57//57
f 378//378 390//390 99//99
f 99//99 390//390 147//147
f 57//57 147//147 391//391
f 391//391 147//147 390//390
f 388//388 57//57 389//389
f 389//389 57//57 391//391
f 381//381 31//31 387//387
f 387//387 31//31 58//58
f 379//379 392//392 378//378
f 393//393 394//394 395//395
f 395//395 394//394 396//396
f 397//397 398//398 399//399
f 399//399 398//398 400//400
f 395//395 396//396 401//401
f 401//401 396//396 402//402
f 392//392 403//403 397//397
f 397//397 403//403 398//398
f 401//401 402//402 372//372
f 372//372 402//402 374//374
f 393//393 395//395 404//404
f 404//404 395//395 405//405
f 401//401 406//406 395//395
f 395//395 406//406 405//405
f 372//372 376//376 401//401
f 401//401 376//376 406//406
f 407//407 408//408 409//409
f 409//409 408//408 410//410
f 411//411 412//412 410//410
f 410//410 412//412 409//409
f 412//412 413//413 409//409
f 409//409 413//413 414//414
f 415//415 407//407 414//414
f 414//414 407//407 409//409
f 413//413 402//402 414//414
f 414//414 402//402 396//396
f 394//394 415//415 396//396
f 396//396 415//415 414//414
f 374//374 402//402 377//377
f 377//377 402//402 413//413
f 377//377 413//413 380//380
f 380//380 413//413 412//412
f 380//380 412//412 411//411
f 403//403 392//392 379//379
f 408//408 400//400 410//410
f 410//410 400//400 398//398
f 403//403 411//411 398//398
f 398//398 411//411 410//410
f 380//380 411//411 379//379
f 379//379 411//411 403//403
f 406//406 376//376 416//416
f 416//416 376//376 381//381
f 405//405 406//406 417//417
f 417//417 406//406 416//416
f 404//404 405//405 418//418
f 418//418 405//405 417//417
f 419//419 420//420 421//421
f 421//421 420//420 422//422
f 397//397 399//399 423//423
f 423//423 399//399 424//424
f 421//421 425//425 419//419
f 419//419 425//425 426//426
f 392//392 397//397 427//427
f 427//427 397//397 423//423
f 425//425 383//383 426//426
f 426//426 383//383 382//382
f 428//428 421//421 429//429
f 429//429 421//421 422//422
f 425//425 421//421 430//430
f 430//430 421//421 428//428
f 383//383 425//425 387//387
f 387//387 425//425 430//430
f 431//431 432//432 433//433
f 433//433 432//432 434//434
f 433//433 435//435 431//431
f 431//431 435//435 436//436
f 437//437 438//438 433//433
f 433//433 438//438 435//435
f 433//433 434//434 437//437
f 437//437 434//434 439//439
f 419//419 426//426 437//437
f 437//437 426//426 438//438
f 437//437 439//439 419//419
f 419//419 439//439 420//420
f 438//438 426//426 389//389
f 389//389 426//426 382//382
f 389//389 391//391 438//438
f 438//438 391//391 435//435
f 391//391 436//436 435//435
f 378//378 392//392 390//390
f 390//390 392//392 427//427
f 423//423 424//424 431//431
f 431//431 424//424 432//432
f 431//431 436//436 423//423
f 423//423 436//436 427//427
f 391//391 390//390 436//436
f 436//436 390//390 427//427
f 430//430 416//416 387//387
f 387//387 416//416 381//381
f 428//428 417//417 430//430
f 430//430 417//417 416//416
f 417//417 428//428 418//418
f 418//418 428//428 429//429
f 440//440 441//441 442//442
f 443//443 444//444 445//445
f 445//445 444//444 446//446
f 447//447 446//446 448//448
f 448//448 446//446 444//444
f 449//449 450//450 451//451
f 451//451 450//450 452//452
f 453//453 454//454 455//455
f 455//455 454//454 456//456
f 457//457 458//458 459//459
f 459//459 458//458 460//460
f 449//449 451//451 461//461
f 461//461 451//451 462//462
f 455//455 456//456 463//463
f 463//463 456//456 461//461
f 464//464 443//443 445//445
f 452//452 450//450 465//465
f 465//465 450//450 466//466
f 467//467 468//468 469//469
f 469//469 468//468 470//470
f 466//466 471//471 472//472
f 472//472 471//471 473//473
f 474//474 468//468 475//475
f 475//475 468//468 467//467
f 476//476 477//477 478//478
f 447//447 448//448 479//479
f 479//479 448//448 480//480
f 466//466 472//472 481//481
f 481//481 472//472 482//482
f 483//483 458//458 484//484
f 484//484 458//458 485//485
f 472//472 473//473 460//460
f 460//460 473//473 459//459
f 482//482 472//472 486//486
f 486//486 472//472 460//460
f 480//480 487//487 479//479
f 479//479 487//487 488//488
f 489//489 490//490 484//484
f 486//486 491//491 482//482
f 482//482 491//491 487//487
f 490//490 483//483 484//484
f 458//458 483//483 460//460
f 460//460 483//483 486//486
f 491//491 486//486 490//490
f 490//490 486//486 483//483
f 492//492 493//493 494//494
f 494//494 493//493 495//495
f 494//494 495//495 496//496
f 495//495 440//440 497//497
f 497//497 440//440 442//442
f 498//498 499//499 500//500
f 500//500 499//499 501//501
f 502//502 503//503 504//504
f 504//504 503//503 505//505
f 506//506 507//507 508//508
f 508//508 507//507 509//509
f 507//507 506//506 510//510
f 510//510 506//506 511//511
f 512//512 513//513 511//511
f 511//511 513//513 510//510
f 513//513 512//512 514//514
f 514//514 512//512 515//515
f 442//442 441//441 516//516
f 517//517 518//518 492//492
f 492//492 518//518 493//493
f 519//519 520//520 521//521
f 521//521 520//520 522//522
f 523//523 522//522 524//524
f 524//524 522//522 520//520
f 518//518 517//517 505//505
f 505//505 517//517 504//504
f 498//498 516//516 499//499
f 499//499 516//516 441//441
f 475//475 476//476 474//474
f 474//474 476//476 478//478
f 476//476 475//475 473//473
f 473//473 475//475 459//459
f 476//476 473//473 477//477
f 477//477 473//473 471//471
f 470//470 525//525 469//469
f 521//521 469//469 519//519
f 519//519 469//469 525//525
f 519//519 525//525 526//526
f 526//526 525//525 527//527
f 520//520 519//519 508//508
f 508//508 519//519 526//526
f 524//524 520//520 509//509
f 509//509 520//520 508//508
f 500//500 501//501 528//528
f 528//528 501//501 529//529
f 530//530 531//531 502//502
f 502//502 531//531 503//503
f 532//532 533//533 534//534
f 534//534 533//533 535//535
f 536//536 537//537 538//538
f 538//538 537//537 532//532
f 529//529 513//513 528//528
f 528//528 513//513 514//514
f 531//531 510//510 529//529
f 529//529 510//510 513//513
f 501//501 503//503 529//529
f 529//529 503//503 531//531
f 499//499 505//505 501//501
f 501//501 505//505 503//503
f 518//518 505//505 441//441
f 441//441 505//505 499//499
f 493//493 518//518 440//440
f 440//440 518//518 441//441
f 495//495 493//493 440//440
f 507//507 530//530 509//509
f 509//509 530//530 502//502
f 536//536 494//494 537//537
f 537//537 494//494 496//496
f 539//539 537//537 540//540
f 540//540 537//537 496//496
f 507//507 510//510 530//530
f 530//530 510//510 531//531
f 497//497 541//541 495//495
f 495//495 541//541 496//496
f 541//541 542//542 496//496
f 496//496 542//542 540//540
f 492//492 494//494 543//543
f 543//543 494//494 536//536
f 523//523 517//517 543//543
f 543//543 517//517 492//492
f 517//517 523//523 504//504
f 504//504 523//523 524//524
f 509//509 502//502 524//524
f 524//524 502//502 504//504
f 533//533 532//532 539//539
f 539//539 532//532 537//537
f 449//449 461//461 456//456
f 450//450 449//449 454//454
f 454//454 449//449 456//456
f 450//450 454//454 466//466
f 466//466 454//454 471//471
f 465//465 466//466 544//544
f 544//544 466//466 481//481
f 465//465 448//448 452//452
f 452//452 448//448 444//444
f 451//451 452//452 443//443
f 443//443 452//452 444//444
f 462//462 534//534 461//461
f 461//461 534//534 463//463
f 464//464 462//462 443//443
f 443//443 462//462 451//451
f 487//487 480//480 544//544
f 465//465 544//544 448//448
f 448//448 544//544 480//480
f 487//487 544//544 482//482
f 482//482 544//544 481//481
f 535//535 455//455 463//463
f 534//534 535//535 463//463
f 545//545 546//546 547//547
f 547//547 546//546 548//548
f 547//547 548//548 549//549
f 549//549 548//548 550//550
f 551//551 552//552 553//553
f 553//553 552//552 554//554
f 555//555 556//556 557//557
f 557//557 556//556 558//558
f 559//559 560//560 561//561
f 561//561 560//560 562//562
f 563//563 553//553 564//564
f 564//564 553//553 554//554
f 564//564 558//558 565//565
f 565//565 558//558 556//556
f 566//566 546//546 545//545
f 567//567 552//552 568//568
f 568//568 552//552 551//551
f 569//569 570//570 571//571
f 571//571 570//570 567//567
f 572//572 573//573 574//574
f 574//574 573//573 575//575
f 576//576 577//577 578//578
f 579//579 572//572 580//580
f 580//580 572//572 574//574
f 550//550 581//581 549//549
f 549//549 581//581 582//582
f 567//567 583//583 571//571
f 571//571 583//583 584//584
f 585//585 561//561 586//586
f 586//586 561//561 587//587
f 560//560 569//569 562//562
f 562//562 569//569 571//571
f 584//584 588//588 571//571
f 571//571 588//588 562//562
f 589//589 590//590 581//581
f 581//581 590//590 582//582
f 590//590 591//591 584//584
f 584//584 591//591 588//588
f 588//588 587//587 562//562
f 562//562 587//587 561//561
f 592//592 593//593 594//594
f 594//594 593//593 595//595
f 593//593 596//596 595//595
f 595//595 497//497 597//597
f 597//597 497//497 442//442
f 498//498 500//500 598//598
f 598//598 500//500 599//599
f 600//600 601//601 602//602
f 602//602 601//601 603//603
f 604//604 605//605 606//606
f 606//606 605//605 607//607
f 608//608 607//607 515//515
f 515//515 607//607 605//605
f 609//609 610//610 611//611
f 611//611 610//610 612//612
f 604//604 609//609 613//613
f 613//613 609//609 611//611
f 605//605 604//604 614//614
f 614//614 604//604 613//613
f 515//515 605//605 514//514
f 514//514 605//605 614//614
f 580//580 574//574 608//608
f 608//608 574//574 607//607
f 597//597 442//442 615//615
f 615//615 442//442 516//516
f 616//616 592//592 617//617
f 617//617 592//592 594//594
f 618//618 619//619 620//620
f 620//620 619//619 621//621
f 619//619 618//618 622//622
f 622//622 618//618 623//623
f 602//602 616//616 600//600
f 600//600 616//616 617//617
f 498//498 598//598 516//516
f 516//516 598//598 615//615
f 624//624 625//625 626//626
f 626//626 625//625 627//627
f 628//628 629//629 576//576
f 576//576 629//629 577//577
f 576//576 569//569 628//628
f 628//628 569//569 560//560
f 570//570 569//569 578//578
f 578//578 569//569 576//576
f 630//630 631//631 632//632
f 630//630 632//632 621//621
f 621//621 632//632 620//620
f 622//622 612//612 619//619
f 619//619 612//612 610//610
f 500//500 528//528 599//599
f 599//599 528//528 633//633
f 601//601 634//634 603//603
f 603//603 634//634 635//635
f 636//636 575//575 637//637
f 637//637 575//575 573//573
f 627//627 625//625 638//638
f 638//638 625//625 639//639
f 514//514 614//614 528//528
f 528//528 614//614 633//633
f 574//574 575//575 607//607
f 607//607 575//575 606//606
f 614//614 613//613 633//633
f 633//633 613//613 634//634
f 599//599 633//633 601//601
f 601//601 633//633 634//634
f 598//598 599//599 600//600
f 600//600 599//599 601//601
f 598//598 600//600 615//615
f 615//615 600//600 617//617
f 594//594 597//597 617//617
f 617//617 597//597 615//615
f 595//595 597//597 594//594
f 603//603 635//635 612//612
f 612//612 635//635 611//611
f 627//627 638//638 593//593
f 593//593 638//638 596//596
f 596//596 638//638 640//640
f 640//640 638//638 641//641
f 634//634 613//613 635//635
f 635//635 613//613 611//611
f 497//497 595//595 541//541
f 541//541 595//595 596//596
f 640//640 542//542 596//596
f 596//596 542//542 541//541
f 627//627 593//593 626//626
f 626//626 593//593 592//592
f 623//623 626//626 616//616
f 616//616 626//626 592//592
f 622//622 623//623 602//602
f 602//602 623//623 616//616
f 602//602 603//603 622//622
f 622//622 603//603 612//612
f 618//618 624//624 623//623
f 623//623 624//624 626//626
f 624//624 642//642 625//625
f 643//643 641//641 639//639
f 639//639 641//641 638//638
f 554//554 558//558 564//564
f 558//558 554//554 557//557
f 557//557 554//554 552//552
f 552//552 567//567 557//557
f 557//557 567//567 570//570
f 583//583 567//567 644//644
f 644//644 567//567 568//568
f 547//547 549//549 551//551
f 551//551 549//549 568//568
f 553//553 545//545 551//551
f 551//551 545//545 547//547
f 566//566 545//545 563//563
f 563//563 545//545 553//553
f 590//590 644//644 582//582
f 582//582 644//644 549//549
f 549//549 644//644 568//568
f 583//583 644//644 584//584
f 584//584 644//644 590//590
f 565//565 556//556 645//645
f 610//610 609//609 646//646
f 646//646 609//609 647//647
f 606//606 647//647 604//604
f 604//604 647//647 609//609
f 648//648 649//649 647//647
f 649//649 650//650 647//647
f 621//621 646//646 630//630
f 630//630 646//646 651//651
f 619//619 610//610 621//621
f 621//621 610//610 646//646
f 575//575 636//636 606//606
f 636//636 652//652 606//606
f 646//646 647//647 651//651
f 651//651 647//647 650//650
f 653//653 654//654 650//650
f 650//650 654//654 651//651
f 650//650 649//649 653//653
f 653//653 649//649 655//655
f 656//656 655//655 648//648
f 648//648 655//655 649//649
f 648//648 652//652 656//656
f 656//656 652//652 657//657
f 637//637 657//657 636//636
f 636//636 657//657 652//652
f 647//647 606//606 648//648
f 648//648 606//606 652//652
f 658//658 659//659 660//660
f 660//660 659//659 661//661
f 579//579 580//580 658//658
f 658//658 580//580 659//659
f 512//512 662//662 515//515
f 515//515 662//662 608//608
f 580//580 608//608 659//659
f 659//659 608//608 662//662
f 660//660 661//661 663//663
f 663//663 661//661 664//664
f 665//665 666//666 664//664
f 664//664 666//666 663//663
f 667//667 506//506 526//526
f 526//526 506//506 508//508
f 662//662 512//512 668//668
f 668//668 512//512 511//511
f 506//506 667//667 511//511
f 511//511 667//667 668//668
f 659//659 662//662 661//661
f 661//661 662//662 668//668
f 669//669 667//667 670//670
f 667//667 671//671 670//670
f 526//526 527//527 667//667
f 667//667 527//527 671//671
f 672//672 671//671 673//673
f 673//673 671//671 527//527
f 671//671 672//672 670//670
f 670//670 672//672 674//674
f 675//675 669//669 674//674
f 674//674 669//669 670//670
f 666//666 665//665 675//675
f 675//675 665//665 669//669
f 661//661 668//668 664//664
f 664//664 668//668 665//665
f 667//667 669//669 668//668
f 668//668 669//669 665//665
f 676//676 677//677 678//678
f 678//678 677//677 679//679
f 561//561 680//680 559//559
f 559//559 680//680 681//681
f 682//682 679//679 681//681
f 681//681 679//679 677//677
f 683//683 682//682 680//680
f 680//680 682//682 681//681
f 676//676 628//628 559//559
f 559//559 628//628 560//560
f 676//676 559//559 677//677
f 677//677 559//559 681//681
f 684//684 632//632 685//685
f 685//685 632//632 631//631
f 684//684 685//685 628//628
f 628//628 685//685 629//629
f 561//561 585//585 680//680
f 680//680 585//585 686//686
f 683//683 680//680 687//687
f 687//687 680//680 686//686
f 632//632 684//684 620//620
f 620//620 684//684 688//688
f 620//620 688//688 618//618
f 618//618 688//688 624//624
f 678//678 642//642 688//688
f 688//688 642//642 624//624
f 676//676 678//678 684//684
f 684//684 678//678 688//688
f 628//628 676//676 684//684
f 682//682 683//683 689//689
f 689//689 683//683 690//690
f 679//679 682//682 691//691
f 691//691 682//682 689//689
f 678//678 679//679 691//691
f 692//692 678//678 691//691
f 693//693 692//692 689//689
f 689//689 692//692 691//691
f 694//694 693//693 690//690
f 690//690 693//693 689//689
f 695//695 696//696 697//697
f 697//697 696//696 698//698
f 696//696 699//699 698//698
f 698//698 699//699 700//700
f 693//693 694//694 698//698
f 698//698 694//694 697//697
f 693//693 698//698 692//692
f 692//692 698//698 700//700
f 701//701 695//695 702//702
f 702//702 695//695 697//697
f 703//703 702//702 694//694
f 694//694 702//702 697//697
f 699//699 704//704 700//700
f 687//687 705//705 683//683
f 683//683 705//705 690//690
f 703//703 694//694 705//705
f 705//705 694//694 690//690
f 706//706 707//707 457//457
f 457//457 707//707 458//458
f 708//708 709//709 710//710
f 710//710 709//709 711//711
f 710//710 711//711 712//712
f 712//712 711//711 713//713
f 714//714 457//457 475//475
f 475//475 457//457 459//459
f 714//714 715//715 457//457
f 457//457 715//715 706//706
f 716//716 713//713 717//717
f 717//717 713//713 711//711
f 458//458 707//707 485//485
f 485//485 707//707 718//718
f 719//719 712//712 720//720
f 720//720 712//712 713//713
f 484//484 485//485 489//489
f 489//489 485//485 718//718
f 536//536 538//538 543//543
f 543//543 538//538 721//721
f 469//469 521//521 467//467
f 467//467 521//521 722//722
f 521//521 522//522 722//722
f 722//722 522//522 721//721
f 522//522 523//523 721//721
f 721//721 523//523 543//543
f 475//475 467//467 714//714
f 712//712 719//719 707//707
f 707//707 719//719 718//718
f 712//712 707//707 710//710
f 710//710 707//707 706//706
f 710//710 706//706 708//708
f 708//708 706//706 715//715
f 714//714 723//723 715//715
f 715//715 723//723 708//708
f 717//717 711//711 724//724
f 724//724 711//711 709//709
f 725//725 720//720 716//716
f 716//716 720//720 713//713
f 723//723 724//724 709//709
f 714//714 467//467 723//723
f 723//723 467//467 722//722
f 708//708 723//723 709//709
f 717//717 724//724 726//726
f 726//726 724//724 727//727
f 717//717 726//726 716//716
f 716//716 726//726 728//728
f 725//725 716//716 729//729
f 729//729 716//716 728//728
f 730//730 729//729 731//731
f 731//731 729//729 728//728
f 731//731 728//728 732//732
f 732//732 728//728 726//726
f 732//732 726//726 733//733
f 733//733 726//726 727//727
f 734//734 733//733 727//727
f 735//735 736//736 464//464
f 464//464 736//736 462//462
f 737//737 738//738 446//446
f 446//446 738//738 445//445
f 735//735 464//464 445//445
f 446//446 447//447 737//737
f 737//737 447//447 739//739
f 739//739 447//447 740//740
f 740//740 447//447 479//479
f 479//479 488//488 740//740
f 740//740 488//488 741//741
f 741//741 488//488 742//742
f 488//488 487//487 742//742
f 490//490 742//742 491//491
f 491//491 742//742 487//487
f 743//743 534//534 736//736
f 736//736 534//534 462//462
f 735//735 445//445 738//738
f 538//538 532//532 743//743
f 743//743 532//532 534//534
f 721//721 538//538 744//744
f 744//744 538//538 743//743
f 745//745 735//735 746//746
f 746//746 735//735 738//738
f 746//746 738//738 747//747
f 747//747 738//738 737//737
f 748//748 747//747 739//739
f 739//739 747//747 737//737
f 748//748 739//739 749//749
f 749//749 739//739 740//740
f 750//750 749//749 741//741
f 741//741 749//749 740//740
f 732//732 751//751 731//731
f 731//731 751//751 752//752
f 733//733 753//753 732//732
f 732//732 753//753 751//751
f 731//731 752//752 730//730
f 730//730 752//752 754//754
f 755//755 730//730 756//756
f 756//756 730//730 754//754
f 742//742 755//755 750//750
f 750//750 755//755 756//756
f 725//725 755//755 720//720
f 490//490 489//489 742//742
f 742//742 489//489 755//755
f 489//489 718//718 755//755
f 755//755 719//719 720//720
f 723//723 744//744 757//757
f 744//744 743//743 757//757
f 758//758 743//743 736//736
f 758//758 736//736 745//745
f 745//745 736//736 735//735
f 734//734 757//757 759//759
f 733//733 734//734 753//753
f 753//753 734//734 759//759
f 723//723 722//722 744//744
f 744//744 722//722 721//721
f 719//719 755//755 718//718
f 723//723 757//757 724//724
f 724//724 757//757 727//727
f 755//755 725//725 729//729
f 730//730 755//755 729//729
f 757//757 734//734 727//727
f 742//742 750//750 741//741
f 750//750 756//756 749//749
f 749//749 756//756 754//754
f 749//749 754//754 748//748
f 748//748 754//754 752//752
f 748//748 752//752 747//747
f 747//747 752//752 751//751
f 747//747 751//751 746//746
f 746//746 751//751 753//753
f 746//746 753//753 745//745
f 745//745 753//753 759//759
f 745//745 759//759 758//758
f 758//758 759//759 757//757
f 743//743 758//758 757//757
f 546//546 760//760 548//548
f 548//548 760//760 761//761
f 548//548 761//761 550//550
f 550//550 761//761 762//762
f 762//762 763//763 550//550
f 550//550 763//763 581//581
f 764//764 589//589 763//763
f 763//763 589//589 581//581
f 764//764 765//765 589//589
f 589//589 765//765 590//590
f 766//766 591//591 765//765
f 765//765 591//591 590//590
f 766//766 586//586 587//587
f 587//587 588//588 766//766
f 766//766 588//588 591//591
f 645//645 643//643 767//767
f 767//767 643//643 639//639
f 625//625 768//768 639//639
f 639//639 768//768 767//767
f 625//625 642//642 768//768
f 565//565 767//767 564//564
f 564//564 767//767 563//563
f 767//767 565//565 645//645
f 769//769 586//586 766//766
f 686//686 585//585 769//769
f 769//769 585//585 586//586
f 770//770 566//566 771//771
f 771//771 566//566 563//563
f 772//772 773//773 774//774
f 774//774 773//773 775//775
f 776//776 772//772 777//777
f 777//777 772//772 774//774
f 770//770 546//546 566//566
f 778//778 776//776 779//779
f 779//779 776//776 777//777
f 780//780 778//778 781//781
f 781//781 778//778 779//779
f 782//782 780//780 783//783
f 783//783 780//780 781//781
f 768//768 771//771 767//767
f 767//767 771//771 563//563
f 770//770 760//760 546//546
f 784//784 701//701 702//702
f 765//765 782//782 784//784
f 784//784 782//782 783//783
f 703//703 784//784 702//702
f 766//766 765//765 769//769
f 769//769 765//765 784//784
f 769//769 784//784 686//686
f 784//784 687//687 686//686
f 678//678 785//785 642//642
f 642//642 785//785 768//768
f 786//786 768//768 785//785
f 678//678 692//692 785//785
f 785//785 692//692 700//700
f 773//773 786//786 775//775
f 775//775 786//786 785//785
f 704//704 785//785 700//700
f 687//687 784//784 705//705
f 784//784 703//703 705//705
f 784//784 783//783 701//701
f 701//701 783//783 781//781
f 695//695 701//701 779//779
f 779//779 701//701 781//781
f 696//696 695//695 777//777
f 777//777 695//695 779//779
f 699//699 696//696 774//774
f 774//774 696//696 777//777
f 699//699 774//774 704//704
f 704//704 774//774 775//775
f 785//785 704//704 775//775
f 782//782 765//765 764//764
f 782//782 764//764 780//780
f 780//780 764//764 763//763
f 778//778 780//780 762//762
f 762//762 780//780 763//763
f 778//778 762//762 776//776
f 776//776 762//762 761//761
f 772//772 776//776 760//760
f 760//760 776//776 761//761
f 773//773 772//772 770//770
f 770//770 772//772 760//760
f 786//786 773//773 771//771
f 771//771 773//773 770//770
f 768//768 786//786 771//771
f 477//477 787//787 788//788
f 787//787 477//477 471//471
f 478//478 477//477 788//788
f 453//453 787//787 454//454
f 454//454 787//787 471//471
f 789//789 570//570 578//578
f 578//578 577//577 790//790
f 790//790 789//789 578//578
f 570//570 789//789 557//557
f 557//557 789//789 555//555
f 533//533 539//539 791//791
f 792//792 422//422 793//793
f 791//791 539//539 794//794
f 795//795 796//796 797//797
f 797//797 796//796 798//798
f 796//796 795//795 799//799
f 799//799 795//795 800//800
f 801//801 802//802 803//803
f 791//791 793//793 804//804
f 804//804 793//793 805//805
f 791//791 794//794 793//793
f 793//793 794//794 792//792
f 806//806 807//807 805//805
f 805//805 807//807 804//804
f 795//795 797//797 808//808
f 808//808 801//801 795//795
f 795//795 801//801 800//800
f 800//800 801//801 809//809
f 809//809 801//801 803//803
f 810//810 811//811 806//806
f 806//806 811//811 807//807
f 812//812 813//813 810//810
f 810//810 813//813 811//811
f 813//813 812//812 803//803
f 803//803 812//812 809//809
f 802//802 813//813 803//803
f 814//814 794//794 540//540
f 540//540 794//794 539//539
f 815//815 792//792 814//814
f 814//814 792//792 794//794
f 792//792 815//815 422//422
f 422//422 815//815 429//429
f 816//816 814//814 542//542
f 542//542 814//814 540//540
f 817//817 815//815 816//816
f 816//816 815//815 814//814
f 815//815 817//817 429//429
f 429//429 817//817 418//418
f 533//533 791//791 535//535
f 535//535 791//791 804//804
f 818//818 393//393 819//819
f 820//820 641//641 821//821
f 821//821 641//641 643//643
f 798//798 796//796 822//822
f 822//822 796//796 823//823
f 796//796 799//799 823//823
f 823//823 799//799 824//824
f 825//825 826//826 827//827
f 828//828 818//818 829//829
f 829//829 818//818 821//821
f 819//819 820//820 818//818
f 818//818 820//820 821//821
f 830//830 828//828 831//831
f 831//831 828//828 829//829
f 823//823 832//832 822//822
f 824//824 827//827 823//823
f 823//823 827//827 832//832
f 824//824 833//833 827//827
f 827//827 833//833 825//825
f 834//834 830//830 835//835
f 835//835 830//830 831//831
f 835//835 836//836 834//834
f 834//834 836//836 837//837
f 833//833 837//837 825//825
f 825//825 837//837 836//836
f 825//825 836//836 826//826
f 838//838 640//640 820//820
f 820//820 640//640 641//641
f 839//839 838//838 819//819
f 819//819 838//838 820//820
f 404//404 839//839 393//393
f 393//393 839//839 819//819
f 816//816 542//542 838//838
f 838//838 542//542 640//640
f 817//817 816//816 839//839
f 839//839 816//816 838//838
f 839//839 404//404 817//817
f 817//817 404//404 418//418
f 643//643 645//645 821//821
f 821//821 645//645 829//829
f 840//840 841//841 842//842
f 843//843 844//844 845//845
f 845//845 844//844 846//846
f 847//847 848//848 846//846
f 846//846 848//848 845//845
f 849//849 802//802 850//850
f 842//842 850//850 808//808
f 808//808 850//850 801//801
f 851//851 852//852 853//853
f 853//853 852//852 854//854
f 855//855 856//856 852//852
f 852//852 856//856 854//854
f 846//846 857//857 847//847
f 847//847 857//857 840//840
f 850//850 802//802 801//801
f 858//858 859//859 860//860
f 860//860 859//859 861//861
f 862//862 863//863 847//847
f 847//847 863//863 848//848
f 808//808 864//864 842//842
f 842//842 864//864 840//840
f 851//851 843//843 852//852
f 852//852 843//843 845//845
f 848//848 855//855 845//845
f 845//845 855//855 852//852
f 857//857 865//865 841//841
f 857//857 846//846 865//865
f 865//865 846//846 844//844
f 857//857 841//841 840//840
f 850//850 842//842 849//849
f 849//849 842//842 841//841
f 860//860 861//861 855//855
f 855//855 861//861 856//856
f 855//855 848//848 860//860
f 860//860 848//848 863//863
f 797//797 798//798 858//858
f 858//858 798//798 859//859
f 864//864 862//862 840//840
f 840//840 862//862 847//847
f 860//860 863//863 858//858
f 858//858 863//863 862//862
f 797//797 858//858 864//864
f 864//864 858//858 862//862
f 808//808 797//797 864//864
f 866//866 867//867 868//868
f 868//868 867//867 869//869
f 870//870 866//866 871//871
f 871//871 866//866 868//868
f 872//872 826//826 873//873
f 827//827 872//872 832//832
f 832//832 872//872 874//874
f 854//854 875//875 853//853
f 853//853 875//875 876//876
f 877//877 875//875 856//856
f 856//856 875//875 854//854
f 878//878 879//879 870//870
f 870//870 879//879 866//866
f 827//827 826//826 872//872
f 861//861 859//859 880//880
f 880//880 859//859 881//881
f 882//882 870//870 883//883
f 883//883 870//870 871//871
f 832//832 874//874 884//884
f 884//884 874//874 878//878
f 868//868 869//869 875//875
f 875//875 869//869 876//876
f 871//871 868//868 877//877
f 877//877 868//868 875//875
f 879//879 885//885 886//886
f 879//879 886//886 866//866
f 866//866 886//886 867//867
f 874//874 885//885 878//878
f 878//878 885//885 879//879
f 872//872 873//873 874//874
f 874//874 873//873 885//885
f 856//856 861//861 877//877
f 877//877 861//861 880//880
f 883//883 871//871 880//880
f 880//880 871//871 877//877
f 859//859 798//798 881//881
f 881//881 798//798 822//822
f 884//884 878//878 882//882
f 882//882 878//878 870//870
f 882//882 883//883 881//881
f 881//881 883//883 880//880
f 822//822 884//884 881//881
f 881//881 884//884 882//882
f 822//822 832//832 884//884
f 787//787 887//887 888//888
f 888//888 887//887 889//889
f 890//890 470//470 468//468
f 891//891 807//807 892//892
f 892//892 807//807 811//811
f 892//892 893//893 891//891
f 891//891 893//893 894//894
f 807//807 891//891 804//804
f 804//804 891//891 895//895
f 896//896 895//895 894//894
f 894//894 895//895 891//891
f 897//897 802//802 849//849
f 887//887 896//896 889//889
f 889//889 896//896 894//894
f 893//893 898//898 894//894
f 894//894 898//898 889//889
f 899//899 890//890 474//474
f 474//474 890//890 468//468
f 888//888 889//889 900//900
f 900//900 889//889 898//898
f 478//478 788//788 901//901
f 901//901 788//788 902//902
f 903//903 897//897 904//904
f 904//904 897//897 849//849
f 788//788 787//787 888//888
f 788//788 888//888 902//902
f 902//902 888//888 900//900
f 904//904 905//905 903//903
f 849//849 841//841 904//904
f 893//893 892//892 906//906
f 906//906 892//892 907//907
f 898//898 893//893 908//908
f 908//908 893//893 906//906
f 900//900 898//898 909//909
f 909//909 898//898 908//908
f 902//902 900//900 910//910
f 910//910 900//900 909//909
f 902//902 910//910 901//901
f 901//901 910//910 911//911
f 474//474 478//478 899//899
f 899//899 478//478 901//901
f 901//901 911//911 899//899
f 804//804 895//895 535//535
f 535//535 895//895 912//912
f 895//895 896//896 912//912
f 912//912 896//896 887//887
f 813//813 907//907 811//811
f 811//811 907//907 892//892
f 907//907 813//813 802//802
f 906//906 907//907 897//897
f 897//897 907//907 802//802
f 908//908 906//906 903//903
f 903//903 906//906 897//897
f 905//905 909//909 903//903
f 903//903 909//909 908//908
f 905//905 910//910 909//909
f 453//453 455//455 887//887
f 887//887 455//455 912//912
f 912//912 455//455 535//535
f 787//787 453//453 887//887
f 904//904 913//913 914//914
f 915//915 916//916 917//917
f 917//917 916//916 918//918
f 919//919 920//920 914//914
f 914//914 920//920 905//905
f 914//914 913//913 919//919
f 919//919 913//913 921//921
f 914//914 905//905 904//904
f 919//919 921//921 922//922
f 922//922 921//921 923//923
f 913//913 916//916 921//921
f 921//921 916//916 915//915
f 924//924 923//923 915//915
f 915//915 923//923 921//921
f 925//925 926//926 924//924
f 924//924 926//926 923//923
f 927//927 926//926 925//925
f 920//920 910//910 905//905
f 920//920 911//911 910//910
f 904//904 841//841 928//928
f 841//841 865//865 928//928
f 928//928 913//913 904//904
f 886//886 885//885 929//929
f 799//799 424//424 399//399
f 793//793 422//422 420//420
f 439//439 805//805 420//420
f 420//420 805//805 793//793
f 434//434 810//810 439//439
f 439//439 810//810 806//806
f 800//800 424//424 799//799
f 809//809 432//432 800//800
f 800//800 432//432 424//424
f 810//810 434//434 812//812
f 812//812 434//434 432//432
f 439//439 806//806 805//805
f 812//812 432//432 809//809
f 394//394 393//393 818//818
f 415//415 394//394 828//828
f 828//828 394//394 818//818
f 407//407 415//415 834//834
f 834//834 415//415 830//830
f 399//399 400//400 799//799
f 799//799 400//400 824//824
f 833//833 824//824 408//408
f 408//408 824//824 400//400
f 834//834 837//837 407//407
f 407//407 837//837 408//408
f 415//415 828//828 830//830
f 837//837 833//833 408//408
f 930//930 931//931 932//932
f 933//933 934//934 935//935
f 935//935 934//934 789//789
f 685//685 631//631 936//936
f 835//835 831//831 937//937
f 937//937 831//831 938//938
f 939//939 940//940 938//938
f 938//938 940//940 937//937
f 831//831 829//829 938//938
f 938//938 829//829 941//941
f 938//938 941//941 939//939
f 939//939 941//941 942//942
f 873//873 826//826 943//943
f 939//939 942//942 933//933
f 933//933 942//942 934//934
f 933//933 944//944 939//939
f 939//939 944//944 940//940
f 945//945 629//629 936//936
f 936//936 629//629 685//685
f 935//935 946//946 933//933
f 933//933 946//946 944//944
f 577//577 947//947 790//790
f 790//790 947//947 948//948
f 873//873 943//943 949//949
f 949//949 943//943 930//930
f 935//935 789//789 790//790
f 790//790 948//948 935//935
f 935//935 948//948 946//946
f 950//950 949//949 930//930
f 873//873 949//949 885//885
f 885//885 949//949 929//929
f 940//940 931//931 937//937
f 937//937 931//931 951//951
f 944//944 932//932 940//940
f 940//940 932//932 931//931
f 932//932 944//944 952//952
f 952//952 944//944 946//946
f 952//952 946//946 953//953
f 953//953 946//946 948//948
f 954//954 953//953 947//947
f 947//947 953//953 948//948
f 629//629 945//945 577//577
f 577//577 945//945 947//947
f 945//945 954//954 947//947
f 829//829 645//645 941//941
f 941//941 645//645 955//955
f 941//941 955//955 942//942
f 942//942 955//955 934//934
f 937//937 951//951 835//835
f 835//835 951//951 836//836
f 826//826 836//836 951//951
f 826//826 951//951 943//943
f 943//943 951//951 931//931
f 943//943 931//931 930//930
f 950//950 930//930 952//952
f 952//952 930//930 932//932
f 953//953 950//950 952//952
f 955//955 556//556 934//934
f 934//934 556//556 555//555
f 645//645 556//556 955//955
f 789//789 934//934 555//555
f 936//936 956//956 945//945
f 957//957 954//954 945//945
f 936//936 631//631 958//958
f 959//959 956//956 958//958
f 958//958 956//956 936//936
f 954//954 960//960 953//953
f 961//961 962//962 963//963
f 963//963 962//962 964//964
f 965//965 966//966 967//967
f 967//967 966//966 968//968
f 969//969 970//970 960//960
f 960//960 970//970 950//950
f 970//970 969//969 971//971
f 971//971 969//969 972//972
f 966//966 965//965 973//973
f 973//973 965//965 974//974
f 970//970 971//971 949//949
f 949//949 971//971 929//929
f 970//970 949//949 950//950
f 969//969 966//966 972//972
f 972//972 966//966 973//973
f 961//961 963//963 972//972
f 972//972 963//963 971//971
f 975//975 961//961 973//973
f 973//973 961//961 972//972
f 976//976 975//975 974//974
f 974//974 975//975 973//973
f 974//974 977//977 976//976
f 966//966 969//969 968//968
f 968//968 969//969 960//960
f 960//960 950//950 953//953
f 968//968 960//960 954//954
f 967//967 968//968 957//957
f 957//957 968//968 954//954
f 978//978 979//979 980//980
f 981//981 982//982 926//926
f 981//981 926//926 927//927
f 983//983 979//979 978//978
f 965//965 984//984 985//985
f 985//985 984//984 980//980
f 984//984 986//986 980//980
f 980//980 986//986 978//978
f 965//965 985//985 974//974
f 974//974 985//985 987//987
f 987//987 977//977 974//974
f 986//986 988//988 989//989
f 990//990 991//991 992//992
f 992//992 991//991 993//993
f 986//986 984//984 994//994
f 994//994 984//984 995//995
f 984//984 965//965 995//995
f 995//995 965//965 967//967
f 994//994 988//988 986//986
f 945//945 993//993 957//957
f 957//957 993//993 991//991
f 959//959 996//996 956//956
f 997//997 983//983 998//998
f 998//998 983//983 978//978
f 945//945 956//956 993//993
f 992//992 993//993 996//996
f 996//996 993//993 956//956
f 996//996 999//999 992//992
f 998//998 978//978 989//989
f 989//989 978//978 986//986
f 995//995 967//967 991//991
f 991//991 967//967 957//957
f 994//994 995//995 990//990
f 990//990 995//995 991//991
f 1000//1000 1001//1001 1002//1002
f 992//992 1003//1003 990//990
f 990//990 1003//1003 1004//1004
f 992//992 999//999 1003//1003
f 1005//1005 1006//1006 1007//1007
f 1007//1007 1006//1006 1008//1008
f 1009//1009 1010//1010 1011//1011
f 1011//1011 1010//1010 1012//1012
f 998//998 1013//1013 997//997
f 997//997 1013//1013 1008//1008
f 989//989 1014//1014 998//998
f 998//998 1014//1014 1013//1013
f 988//988 1015//1015 989//989
f 989//989 1015//1015 1014//1014
f 1013//1013 1007//1007 1008//1008
f 1014//1014 1016//1016 1013//1013
f 1013//1013 1016//1016 1007//1007
f 1015//1015 1017//1017 1014//1014
f 1014//1014 1017//1017 1016//1016
f 999//999 1012//1012 1003//1003
f 1003//1003 1012//1012 1010//1010
f 1018//1018 1019//1019 1020//1020
f 1020//1020 1019//1019 1021//1021
f 1009//1009 1018//1018 1022//1022
f 1022//1022 1018//1018 1020//1020
f 1017//1017 1023//1023 1016//1016
f 1016//1016 1023//1023 1024//1024
f 1016//1016 1024//1024 1007//1007
f 1007//1007 1024//1024 1005//1005
f 1003//1003 1010//1010 1004//1004
f 1004//1004 1010//1010 1025//1025
f 1010//1010 1009//1009 1025//1025
f 1025//1025 1009//1009 1022//1022
f 990//990 1004//1004 994//994
f 994//994 1004//1004 988//988
f 1004//1004 1025//1025 988//988
f 988//988 1025//1025 1015//1015
f 1025//1025 1022//1022 1015//1015
f 1015//1015 1022//1022 1017//1017
f 1022//1022 1020//1020 1017//1017
f 1017//1017 1020//1020 1023//1023
f 1023//1023 1020//1020 1026//1026
f 1026//1026 1020//1020 1021//1021
f 1006//1006 1005//1005 1027//1027
f 1027//1027 1005//1005 1001//1001
f 1002//1002 1024//1024 1026//1026
f 1026//1026 1024//1024 1023//1023
f 1001//1001 1005//1005 1002//1002
f 1002//1002 1005//1005 1024//1024
f 1026//1026 1021//1021 1028//1028
f 1028//1028 1021//1021 1029//1029
f 1019//1019 1029//1029 1021//1021
f 1002//1002 1026//1026 1000//1000
f 1000//1000 1026//1026 1028//1028
f 1030//1030 1001//1001 1000//1000
f 1001//1001 1030//1030 1027//1027
f 1027//1027 1030//1030 1031//1031
f 1032//1032 987//987 1033//1033
f 979//979 1034//1034 980//980
f 980//980 1034//1034 985//985
f 1034//1034 1033//1033 985//985
f 985//985 1033//1033 987//987
f 1035//1035 1032//1032 1036//1036
f 977//977 987//987 1032//1032
f 1036//1036 1032//1032 1037//1037
f 1037//1037 1032//1032 1033//1033
f 1038//1038 1034//1034 1039//1039
f 1040//1040 1041//1041 1042//1042
f 1042//1042 1041//1041 1043//1043
f 1034//1034 1038//1038 1033//1033
f 1033//1033 1038//1038 1037//1037
f 1040//1040 1044//1044 1041//1041
f 1037//1037 1038//1038 1045//1045
f 1039//1039 1046//1046 1038//1038
f 1038//1038 1046//1046 1045//1045
f 1046//1046 1039//1039 1047//1047
f 1048//1048 1046//1046 1047//1047
f 1049//1049 1035//1035 1036//1036
f 981//981 1050//1050 982//982
f 982//982 1050//1050 1051//1051
f 1052//1052 1053//1053 1054//1054
f 1050//1050 981//981 1053//1053
f 1053//1053 981//981 927//927
f 1052//1052 1055//1055 1053//1053
f 1053//1053 1055//1055 1050//1050
f 1056//1056 1051//1051 1057//1057
f 1054//1054 1058//1058 1059//1059
f 1060//1060 1061//1061 1062//1062
f 1062//1062 1061//1061 1058//1058
f 1055//1055 1057//1057 1050//1050
f 1050//1050 1057//1057 1051//1051
f 1062//1062 1063//1063 1060//1060
f 1055//1055 1064//1064 1057//1057
f 1065//1065 1066//1066 1067//1067
f 1067//1067 1066//1066 1068//1068
f 1059//1059 1069//1069 1054//1054
f 1054//1054 1069//1069 1052//1052
f 1056//1056 1070//1070 1071//1071
f 1064//1064 1055//1055 1069//1069
f 1069//1069 1055//1055 1052//1052
f 1065//1065 1067//1067 1070//1070
f 1070//1070 1067//1067 1071//1071
f 1056//1056 1057//1057 1070//1070
f 1070//1070 1057//1057 1064//1064
f 1070//1070 1064//1064 1065//1065
f 1065//1065 1064//1064 1069//1069
f 1066//1066 1065//1065 1059//1059
f 1059//1059 1065//1065 1069//1069
f 1058//1058 1066//1066 1059//1059
f 1072//1072 1043//1043 1073//1073
f 1035//1035 1073//1073 1043//1043
f 1072//1072 1073//1073 1074//1074
f 1074//1074 1073//1073 1049//1049
f 1073//1073 1035//1035 1049//1049
f 1036//1036 1037//1037 1049//1049
f 1049//1049 1037//1037 1045//1045
f 1046//1046 1074//1074 1045//1045
f 1045//1045 1074//1074 1049//1049
f 1074//1074 1046//1046 1048//1048
f 1074//1074 1048//1048 1072//1072
f 1072//1072 1048//1048 1075//1075
f 1076//1076 1077//1077 1078//1078
f 1079//1079 1077//1077 1076//1076
f 1080//1080 1081//1081 1079//1079
f 1079//1079 1081//1081 1077//1077
f 1077//1077 1082//1082 1078//1078
f 1078//1078 1082//1082 1083//1083
f 1084//1084 1082//1082 1081//1081
f 1081//1081 1082//1082 1077//1077
f 983//983 997//997 1085//1085
f 1085//1085 997//997 1086//1086
f 1087//1087 1088//1088 1086//1086
f 1086//1086 1088//1088 1085//1085
f 1088//1088 1089//1089 1085//1085
f 1085//1085 1089//1089 1090//1090
f 1085//1085 1090//1090 983//983
f 983//983 1090//1090 979//979
f 1083//1083 1082//1082 1087//1087
f 1087//1087 1082//1082 1088//1088
f 1088//1088 1082//1082 1089//1089
f 1089//1089 1082//1082 1084//1084
f 979//979 1090//1090 1034//1034
f 1091//1091 1051//1051 1056//1056
f 1092//1092 1084//1084 1093//1093
f 1093//1093 1084//1084 1081//1081
f 1094//1094 1063//1063 1095//1095
f 1095//1095 1096//1096 1097//1097
f 1097//1097 1096//1096 1098//1098
f 1098//1098 1099//1099 1097//1097
f 1097//1097 1099//1099 1100//1100
f 1100//1100 1099//1099 1101//1101
f 1101//1101 1099//1099 1102//1102
f 1103//1103 1092//1092 1104//1104
f 1104//1104 1092//1092 1093//1093
f 1102//1102 1103//1103 1101//1101
f 1101//1101 1103//1103 1104//1104
f 1089//1089 1084//1084 1105//1105
f 1105//1105 1084//1084 1092//1092
f 1106//1106 1107//1107 1044//1044
f 1107//1107 1108//1108 1096//1096
f 1096//1096 1108//1108 1098//1098
f 1109//1109 1099//1099 1108//1108
f 1108//1108 1099//1099 1098//1098
f 1109//1109 1110//1110 1099//1099
f 1099//1099 1110//1110 1102//1102
f 1105//1105 1092//1092 1111//1111
f 1111//1111 1092//1092 1103//1103
f 1102//1102 1110//1110 1103//1103
f 1103//1103 1110//1110 1111//1111
f 1080//1080 1091//1091 1081//1081
f 1081//1081 1091//1091 1093//1093
f 1080//1080 1051//1051 1091//1091
f 1104//1104 1093//1093 1112//1112
f 1112//1112 1093//1093 1091//1091
f 1113//1113 1114//1114 1101//1101
f 1101//1101 1114//1114 1100//1100
f 1097//1097 1115//1115 1095//1095
f 1095//1095 1115//1115 1094//1094
f 1116//1116 1117//1117 1068//1068
f 1068//1068 1117//1117 1067//1067
f 1118//1118 1116//1116 1119//1119
f 1119//1119 1116//1116 1068//1068
f 1120//1120 1056//1056 1071//1071
f 1121//1121 1094//1094 1122//1122
f 1122//1122 1094//1094 1115//1115
f 1066//1066 1123//1123 1068//1068
f 1068//1068 1123//1123 1119//1119
f 1123//1123 1124//1124 1119//1119
f 1119//1119 1124//1124 1125//1125
f 1118//1118 1119//1119 1126//1126
f 1126//1126 1119//1119 1125//1125
f 1094//1094 1121//1121 1063//1063
f 1063//1063 1121//1121 1127//1127
f 1060//1060 1063//1063 1127//1127
f 1127//1127 1126//1126 1125//1125
f 1124//1124 1127//1127 1125//1125
f 1120//1120 1071//1071 1117//1117
f 1117//1117 1071//1071 1067//1067
f 1112//1112 1113//1113 1104//1104
f 1104//1104 1113//1113 1101//1101
f 1114//1114 1115//1115 1100//1100
f 1100//1100 1115//1115 1097//1097
f 1127//1127 1121//1121 1126//1126
f 1126//1126 1121//1121 1122//1122
f 1126//1126 1122//1122 1118//1118
f 1118//1118 1122//1122 1115//1115
f 1118//1118 1115//1115 1116//1116
f 1116//1116 1115//1115 1114//1114
f 1117//1117 1116//1116 1113//1113
f 1113//1113 1116//1116 1114//1114
f 1120//1120 1117//1117 1112//1112
f 1112//1112 1117//1117 1113//1113
f 1056//1056 1120//1120 1091//1091
f 1091//1091 1120//1120 1112//1112
f 1123//1123 1066//1066 1058//1058
f 1124//1124 1123//1123 1061//1061
f 1061//1061 1123//1123 1058//1058
f 1127//1127 1124//1124 1060//1060
f 1060//1060 1124//1124 1061//1061
f 1090//1090 1089//1089 1128//1128
f 1128//1128 1089//1089 1105//1105
f 1034//1034 1090//1090 1128//1128
f 1128//1128 1105//1105 1129//1129
f 1129//1129 1105//1105 1111//1111
f 1130//1130 1110//1110 1131//1131
f 1131//1131 1110//1110 1109//1109
f 1106//1106 1132//1132 1107//1107
f 1107//1107 1132//1132 1108//1108
f 1039//1039 1034//1034 1128//1128
f 1133//1133 1130//1130 1134//1134
f 1134//1134 1130//1130 1131//1131
f 1135//1135 1134//1134 1132//1132
f 1132//1132 1134//1134 1131//1131
f 1039//1039 1128//1128 1136//1136
f 1136//1136 1128//1128 1129//1129
f 1132//1132 1106//1106 1137//1137
f 1137//1137 1106//1106 1138//1138
f 1139//1139 1043//1043 1072//1072
f 1140//1140 1042//1042 1139//1139
f 1139//1139 1042//1042 1043//1043
f 1141//1141 1135//1135 1137//1137
f 1137//1137 1135//1135 1132//1132
f 1106//1106 1044//1044 1138//1138
f 1138//1138 1044//1044 1142//1142
f 1142//1142 1044//1044 1040//1040
f 1137//1137 1138//1138 1141//1141
f 1141//1141 1138//1138 1142//1142
f 1142//1142 1040//1040 1140//1140
f 1140//1140 1040//1040 1042//1042
f 1136//1136 1129//1129 1133//1133
f 1133//1133 1129//1129 1130//1130
f 1129//1129 1111//1111 1130//1130
f 1130//1130 1111//1111 1110//1110
f 1108//1108 1132//1132 1109//1109
f 1109//1109 1132//1132 1131//1131
f 1141//1141 1142//1142 1143//1143
f 1135//1135 1141//1141 1144//1144
f 1144//1144 1141//1141 1143//1143
f 1135//1135 1144//1144 1134//1134
f 1134//1134 1144//1144 1075//1075
f 1134//1134 1075//1075 1133//1133
f 1133//1133 1075//1075 1048//1048
f 1136//1136 1133//1133 1047//1047
f 1047//1047 1133//1133 1048//1048
f 1039//1039 1136//1136 1047//1047
f 1072//1072 1075//1075 1139//1139
f 1139//1139 1075//1075 1144//1144
f 1139//1139 1144//1144 1140//1140
f 1140//1140 1144//1144 1143//1143
f 1142//1142 1140//1140 1143//1143
f 1145//1145 1086//1086 1146//1146
f 1146//1146 1086//1086 997//997
f 997//997 1008//1008 1146//1146
f 1146//1146 1008//1008 1147//1147
f 1148//1148 631//631 630//630
f 631//631 1148//1148 958//958
f 958//958 1148//1148 1149//1149
f 654//654 1149//1149 1148//1148
f 630//630 651//651 1148//1148
f 1148//1148 651//651 654//654
f 1150//1150 1083//1083 1087//1087
f 1150//1150 1087//1087 1145//1145
f 1145//1145 1087//1087 1086//1086
f 1151//1151 1147//1147 1152//1152
f 1006//1006 1152//1152 1008//1008
f 1008//1008 1152//1152 1147//1147
f 1011//1011 1153//1153 1009//1009
f 1009//1009 1153//1153 1018//1018
f 1152//1152 1006//1006 1154//1154
f 1154//1154 1006//1006 1027//1027
f 1153//1153 1155//1155 1018//1018
f 1018//1018 1155//1155 1019//1019
f 1156//1156 1157//1157 1158//1158
f 1158//1158 1157//1157 1159//1159
f 1152//1152 1154//1154 1160//1160
f 1160//1160 1154//1154 1161//1161
f 1162//1162 1163//1163 1153//1153
f 1153//1153 1163//1163 1155//1155
f 1011//1011 1162//1162 1153//1153
f 1156//1156 1163//1163 1157//1157
f 1157//1157 1163//1163 1162//1162
f 1164//1164 1165//1165 1155//1155
f 1155//1155 1165//1165 1019//1019
f 1154//1154 1031//1031 1161//1161
f 1027//1027 1031//1031 1154//1154
f 1163//1163 1164//1164 1155//1155
f 1158//1158 1165//1165 1156//1156
f 1156//1156 1165//1165 1164//1164
f 1156//1156 1164//1164 1163//1163
f 1147//1147 1166//1166 1146//1146
f 1147//1147 1167//1167 1166//1166
f 1167//1167 1147//1147 1151//1151
f 1151//1151 1168//1168 1167//1167
f 1169//1169 1158//1158 1170//1170
f 1170//1170 1158//1158 1159//1159
f 1169//1169 1029//1029 1158//1158
f 1158//1158 1029//1029 1165//1165
f 1165//1165 1029//1029 1019//1019
f 1171//1171 1169//1169 1172//1172
f 1172//1172 1169//1169 1170//1170
f 1029//1029 1169//1169 1028//1028
f 1028//1028 1169//1169 1171//1171
f 1172//1172 1173//1173 1171//1171
f 1171//1171 1173//1173 1174//1174
f 1174//1174 1028//1028 1171//1171
f 1175//1175 1160//1160 1176//1176
f 1176//1176 1160//1160 1161//1161
f 1176//1176 1177//1177 1175//1175
f 1175//1175 1177//1177 1178//1178
f 1031//1031 1030//1030 1161//1161
f 1161//1161 1030//1030 1176//1176
f 1030//1030 1000//1000 1177//1177
f 1177//1177 1000//1000 1179//1179
f 1177//1177 1179//1179 1178//1178
f 1178//1178 1179//1179 1180//1180
f 1179//1179 1000//1000 1174//1174
f 1174//1174 1000//1000 1028//1028
f 1179//1179 1174//1174 1180//1180
f 1180//1180 1174//1174 1173//1173
f 1030//1030 1177//1177 1176//1176
f 1152//1152 1160//1160 1151//1151
f 1160//1160 1175//1175 1151//1151
f 1151//1151 1175//1175 1168//1168
f 1175//1175 1178//1178 1168//1168
f 1180//1180 1173//1173 1181//1181
f 1172//1172 1170//1170 1182//1182
f 1182//1182 1170//1170 1183//1183
f 1170//1170 1159//1159 1183//1183
f 1183//1183 1159//1159 1184//1184
f 1159//1159 1157//1157 1184//1184
f 1184//1184 1157//1157 1185//1185
f 1157//1157 1162//1162 1185//1185
f 1186//1186 1187//1187 1188//1188
f 1189//1189 1145//1145 1146//1146
f 1187//1187 1190//1190 1191//1191
f 1192//1192 1149//1149 654//654
f 1188//1188 1192//1192 653//653
f 653//653 1192//1192 654//654
f 653//653 655//655 1188//1188
f 1188//1188 655//655 1186//1186
f 1187//1187 1192//1192 1188//1188
f 1190//1190 1187//1187 1186//1186
f 1146//1146 1166//1166 1189//1189
f 1167//1167 1193//1193 1166//1166
f 1166//1166 1193//1193 1189//1189
f 1189//1189 1193//1193 1194//1194
f 1195//1195 1196//1196 1193//1193
f 1193//1193 1196//1196 1197//1197
f 1167//1167 1168//1168 1195//1195
f 1193//1193 1167//1167 1195//1195
f 1168//1168 1198//1198 1195//1195
f 1195//1195 1198//1198 1196//1196
f 1198//1198 1181//1181 1196//1196
f 1196//1196 1181//1181 1199//1199
f 1162//1162 1200//1200 1185//1185
f 1201//1201 1202//1202 1203//1203
f 1200//1200 1201//1201 1185//1185
f 1185//1185 1201//1201 1184//1184
f 1204//1204 1203//1203 1205//1205
f 1183//1183 1184//1184 1204//1204
f 1204//1204 1184//1184 1201//1201
f 1182//1182 1183//1183 1206//1206
f 1206//1206 1183//1183 1204//1204
f 1206//1206 1204//1204 1207//1207
f 1207//1207 1204//1204 1205//1205
f 1203//1203 1204//1204 1201//1201
f 1202//1202 1201//1201 1200//1200
f 1193//1193 1197//1197 1194//1194
f 1194//1194 1197//1197 1208//1208
f 1197//1197 1209//1209 1208//1208
f 1208//1208 1209//1209 1210//1210
f 1211//1211 1212//1212 1205//1205
f 1205//1205 1212//1212 1207//1207
f 1203//1203 1202//1202 1213//1213
f 1205//1205 1203//1203 1211//1211
f 1211//1211 1203//1203 1213//1213
f 1212//1212 1214//1214 1207//1207
f 1207//1207 1214//1214 1215//1215
f 1206//1206 1216//1216 1182//1182
f 1182//1182 1216//1216 1217//1217
f 1207//1207 1215//1215 1206//1206
f 1206//1206 1215//1215 1216//1216
f 1181//1181 1217//1217 1199//1199
f 1199//1199 1217//1217 1216//1216
f 1199//1199 1216//1216 1209//1209
f 1209//1209 1216//1216 1215//1215
f 1209//1209 1215//1215 1210//1210
f 1210//1210 1215//1215 1214//1214
f 1196//1196 1199//1199 1197//1197
f 1197//1197 1199//1199 1209//1209
f 656//656 1186//1186 655//655
f 1168//1168 1178//1178 1198//1198
f 1178//1178 1180//1180 1198//1198
f 1198//1198 1180//1180 1181//1181
f 1181//1181 1173//1173 1217//1217
f 1173//1173 1172//1172 1217//1217
f 1217//1217 1172//1172 1182//1182
f 1218//1218 1219//1219 959//959
f 1220//1220 1145//1145 1189//1189
f 996//996 1221//1221 999//999
f 999//999 1221//1221 1222//1222
f 1221//1221 996//996 959//959
f 1223//1223 1189//1189 1194//1194
f 1224//1224 1162//1162 1011//1011
f 1222//1222 1225//1225 999//999
f 999//999 1225//1225 1012//1012
f 1225//1225 1224//1224 1012//1012
f 1012//1012 1224//1224 1011//1011
f 959//959 1219//1219 1221//1221
f 1187//1187 1191//1191 1226//1226
f 1226//1226 1191//1191 1227//1227
f 1149//1149 1218//1218 958//958
f 958//958 1218//1218 959//959
f 1218//1218 1227//1227 1219//1219
f 1218//1218 1226//1226 1227//1227
f 1191//1191 1190//1190 1228//1228
f 572//572 1229//1229 573//573
f 1229//1229 1230//1230 573//573
f 573//573 1230//1230 637//637
f 1218//1218 1149//1149 1226//1226
f 1226//1226 1149//1149 1192//1192
f 1226//1226 1192//1192 1187//1187
f 1231//1231 1232//1232 1230//1230
f 1230//1230 1232//1232 1233//1233
f 1234//1234 1231//1231 1229//1229
f 1229//1229 1231//1231 1230//1230
f 1202//1202 1200//1200 1224//1224
f 1224//1224 1200//1200 1162//1162
f 1234//1234 1235//1235 1236//1236
f 1236//1236 1235//1235 1237//1237
f 1236//1236 1238//1238 1234//1234
f 1234//1234 1238//1238 1231//1231
f 1239//1239 1220//1220 1223//1223
f 1223//1223 1220//1220 1189//1189
f 1194//1194 1208//1208 1223//1223
f 1223//1223 1208//1208 1240//1240
f 1239//1239 1241//1241 1236//1236
f 1236//1236 1241//1241 1238//1238
f 1223//1223 1240//1240 1239//1239
f 1239//1239 1240//1240 1241//1241
f 1208//1208 1210//1210 1240//1240
f 1240//1240 1210//1210 1242//1242
f 1240//1240 1242//1242 1241//1241
f 1241//1241 1242//1242 1243//1243
f 1244//1244 1245//1245 1211//1211
f 1211//1211 1245//1245 1212//1212
f 1245//1245 1244//1244 1246//1246
f 1246//1246 1244//1244 1247//1247
f 1248//1248 1225//1225 1249//1249
f 1249//1249 1225//1225 1222//1222
f 1227//1227 1191//1191 1250//1250
f 1221//1221 1219//1219 1222//1222
f 1222//1222 1219//1219 1249//1249
f 1219//1219 1227//1227 1250//1250
f 1225//1225 1248//1248 1224//1224
f 1224//1224 1248//1248 1202//1202
f 1213//1213 1248//1248 1251//1251
f 1251//1251 1248//1248 1249//1249
f 1251//1251 1219//1219 1250//1250
f 1213//1213 1202//1202 1248//1248
f 1250//1250 1191//1191 1247//1247
f 1246//1246 1247//1247 1228//1228
f 1228//1228 1247//1247 1191//1191
f 1244//1244 1250//1250 1247//1247
f 1211//1211 1213//1213 1244//1244
f 1244//1244 1213//1213 1251//1251
f 1250//1250 1244//1244 1251//1251
f 1219//1219 1251//1251 1249//1249
f 1186//1186 1252//1252 1190//1190
f 1190//1190 1252//1252 1253//1253
f 1228//1228 1254//1254 1246//1246
f 1246//1246 1254//1254 1255//1255
f 1246//1246 1255//1255 1245//1245
f 1245//1245 1255//1255 1256//1256
f 1245//1245 1256//1256 1212//1212
f 1212//1212 1256//1256 1214//1214
f 1190//1190 1253//1253 1228//1228
f 1228//1228 1253//1253 1254//1254
f 1210//1210 1214//1214 1242//1242
f 1242//1242 1214//1214 1256//1256
f 1242//1242 1256//1256 1243//1243
f 1243//1243 1256//1256 1255//1255
f 1243//1243 1255//1255 1257//1257
f 1257//1257 1255//1255 1254//1254
f 1257//1257 1254//1254 1232//1232
f 1232//1232 1254//1254 1253//1253
f 1232//1232 1253//1253 1233//1233
f 1233//1233 1253//1253 1252//1252
f 1241//1241 1243//1243 1238//1238
f 1238//1238 1243//1243 1257//1257
f 1238//1238 1257//1257 1231//1231
f 1231//1231 1257//1257 1232//1232
f 1252//1252 1186//1186 656//656
f 1233//1233 1252//1252 657//657
f 657//657 1252//1252 656//656
f 1230//1230 1233//1233 637//637
f 637//637 1233//1233 657//657
f 1258//1258 1150//1150 1220//1220
f 1220//1220 1150//1150 1145//1145
f 1258//1258 1220//1220 1259//1259
f 1259//1259 1220//1220 1239//1239
f 1236//1236 1237//1237 1239//1239
f 1239//1239 1237//1237 1259//1259
f 1235//1235 1234//1234 1260//1260
f 1261//1261 525//525 470//470
f 525//525 1261//1261 527//527
f 527//527 1261//1261 673//673
f 1262//1262 1263//1263 1264//1264
f 572//572 579//579 1260//1260
f 1260//1260 579//579 1265//1265
f 1260//1260 1229//1229 572//572
f 1260//1260 1234//1234 1229//1229
f 1262//1262 1235//1235 1265//1265
f 1265//1265 1235//1235 1260//1260
f 1235//1235 1262//1262 1237//1237
f 1237//1237 1262//1262 1264//1264
f 1266//1266 1267//1267 1268//1268
f 1269//1269 1266//1266 1270//1270
f 1270//1270 1266//1266 1268//1268
f 1267//1267 1271//1271 1083//1083
f 1083//1083 1271//1271 1078//1078
f 1076//1076 1078//1078 1272//1272
f 1272//1272 1078//1078 1271//1271
f 1267//1267 1258//1258 1268//1268
f 1267//1267 1083//1083 1150//1150
f 1270//1270 1264//1264 1269//1269
f 1269//1269 1264//1264 1263//1263
f 1268//1268 1258//1258 1270//1270
f 1270//1270 1258//1258 1259//1259
f 1237//1237 1264//1264 1259//1259
f 1259//1259 1264//1264 1270//1270
f 1267//1267 1266//1266 1271//1271
f 1258//1258 1267//1267 1150//1150
f 1273//1273 1265//1265 1274//1274
f 1273//1273 1263//1263 1262//1262
f 658//658 1274//1274 579//579
f 579//579 1274//1274 1265//1265
f 1262//1262 1265//1265 1273//1273
f 1275//1275 1261//1261 470//470
f 1275//1275 470//470 890//890
f 1276//1276 1261//1261 1275//1275
f 1261//1261 1276//1276 673//673
f 673//673 1276//1276 1277//1277
f 1278//1278 672//672 1277//1277
f 1277//1277 672//672 673//673
f 672//672 1278//1278 674//674
f 674//674 1278//1278 1279//1279
f 1280//1280 1279//1279 1281//1281
f 1281//1281 1279//1279 1278//1278
f 1277//1277 1281//1281 1278//1278
f 1281//1281 1282//1282 1280//1280
f 674//674 1279//1279 675//675
f 1283//1283 660//660 1284//1284
f 1285//1285 1286//1286 1275//1275
f 1275//1275 1286//1286 1276//1276
f 1277//1277 1276//1276 1287//1287
f 1287//1287 1276//1276 1286//1286
f 660//660 1283//1283 658//658
f 658//658 1283//1283 1274//1274
f 1284//1284 660//660 663//663
f 1287//1287 1286//1286 1288//1288
f 1273//1273 1274//1274 1289//1289
f 1289//1289 1274//1274 1283//1283
f 1289//1289 1283//1283 1290//1290
f 1290//1290 1283//1283 1284//1284
f 1287//1287 1281//1281 1277//1277
f 1289//1289 1291//1291 1273//1273
f 1273//1273 1291//1291 1263//1263
f 1291//1291 1289//1289 1292//1292
f 1292//1292 1289//1289 1290//1290
f 1293//1293 1294//1294 1290//1290
f 1290//1290 1294//1294 1292//1292
f 1294//1294 1295//1295 1292//1292
f 1292//1292 1295//1295 1296//1296
f 1285//1285 1297//1297 1286//1286
f 1281//1281 1287//1287 1282//1282
f 1282//1282 1287//1287 1288//1288
f 1297//1297 1288//1288 1286//1286
f 1297//1297 1298//1298 1299//1299
f 1299//1299 1282//1282 1288//1288
f 1299//1299 1288//1288 1297//1297
f 1299//1299 1300//1300 1301//1301
f 1301//1301 1282//1282 1299//1299
f 1282//1282 1301//1301 1302//1302
f 1302//1302 1301//1301 1303//1303
f 1280//1280 1282//1282 1302//1302
f 1301//1301 1300//1300 1303//1303
f 1303//1303 1300//1300 1304//1304
f 1300//1300 1299//1299 1298//1298
f 1280//1280 1302//1302 1305//1305
f 1305//1305 1302//1302 1306//1306
f 1305//1305 1307//1307 1280//1280
f 1280//1280 1307//1307 1279//1279
f 1308//1308 1306//1306 1303//1303
f 1303//1303 1306//1306 1302//1302
f 1309//1309 1308//1308 1304//1304
f 1304//1304 1308//1308 1303//1303
f 1293//1293 1310//1310 1305//1305
f 1305//1305 1310//1310 1307//1307
f 1294//1294 1293//1293 1306//1306
f 1306//1306 1293//1293 1305//1305
f 1295//1295 1294//1294 1308//1308
f 1308//1308 1294//1294 1306//1306
f 1311//1311 1295//1295 1309//1309
f 1309//1309 1295//1295 1308//1308
f 1290//1290 1284//1284 1293//1293
f 1293//1293 1284//1284 1310//1310
f 1312//1312 1296//1296 1311//1311
f 1311//1311 1296//1296 1295//1295
f 666//666 1310//1310 663//663
f 663//663 1310//1310 1284//1284
f 675//675 1279//1279 1307//1307
f 1310//1310 666//666 1307//1307
f 1307//1307 666//666 675//675
f 1266//1266 1313//1313 1271//1271
f 1271//1271 1313//1313 1272//1272
f 1314//1314 1313//1313 1269//1269
f 1269//1269 1313//1313 1266//1266
f 1291//1291 1314//1314 1263//1263
f 1263//1263 1314//1314 1269//1269
f 1315//1315 1313//1313 1314//1314
f 1314//1314 1291//1291 1296//1296
f 1296//1296 1291//1291 1292//1292
f 1315//1315 1314//1314 1312//1312
f 1312//1312 1314//1314 1296//1296
f 1316//1316 1272//1272 1313//1313
f 1317//1317 1076//1076 1272//1272
f 1318//1318 1319//1319 1320//1320
f 1315//1315 1321//1321 1316//1316
f 1321//1321 1315//1315 1322//1322
f 1322//1322 1315//1315 1312//1312
f 1323//1323 1304//1304 1324//1324
f 1324//1324 1304//1304 1300//1300
f 1325//1325 1297//1297 1326//1326
f 1326//1326 1297//1297 1327//1327
f 1327//1327 1297//1297 1285//1285
f 1319//1319 1325//1325 1320//1320
f 1320//1320 1325//1325 1326//1326
f 1328//1328 1298//1298 1319//1319
f 1319//1319 1298//1298 1325//1325
f 1298//1298 1328//1328 1300//1300
f 1300//1300 1328//1328 1324//1324
f 1298//1298 1297//1297 1325//1325
f 1329//1329 1309//1309 1323//1323
f 1323//1323 1309//1309 1304//1304
f 1330//1330 1311//1311 1329//1329
f 1329//1329 1311//1311 1309//1309
f 1322//1322 1312//1312 1330//1330
f 1330//1330 1312//1312 1311//1311
f 1317//1317 1272//1272 1316//1316
f 1316//1316 1313//1313 1315//1315
f 1331//1331 1332//1332 1333//1333
f 1334//1334 1335//1335 1336//1336
f 1336//1336 1335//1335 1337//1337
f 1334//1334 1336//1336 1338//1338
f 1338//1338 1336//1336 1339//1339
f 1340//1340 1341//1341 1342//1342
f 1334//1334 1338//1338 1343//1343
f 1341//1341 1340//1340 1332//1332
f 1332//1332 1340//1340 1344//1344
f 1316//1316 1345//1345 1317//1317
f 1317//1317 1345//1345 1346//1346
f 1346//1346 1345//1345 1347//1347
f 1344//1344 1346//1346 1348//1348
f 1348//1348 1346//1346 1347//1347
f 1349//1349 1347//1347 1345//1345
f 1347//1347 1349//1349 1350//1350
f 1350//1350 1351//1351 1347//1347
f 1347//1347 1351//1351 1348//1348
f 1350//1350 1349//1349 1352//1352
f 1352//1352 1349//1349 1353//1353
f 1351//1351 1350//1350 1354//1354
f 1354//1354 1350//1350 1352//1352
f 1355//1355 1323//1323 1356//1356
f 1356//1356 1323//1323 1324//1324
f 1357//1357 1358//1358 1353//1353
f 1353//1353 1358//1358 1352//1352
f 1359//1359 1355//1355 1360//1360
f 1360//1360 1355//1355 1356//1356
f 1361//1361 1318//1318 1362//1362
f 1361//1361 1319//1319 1318//1318
f 1363//1363 1362//1362 1339//1339
f 1339//1339 1362//1362 1318//1318
f 1319//1319 1361//1361 1328//1328
f 1328//1328 1361//1361 1364//1364
f 1365//1365 1361//1361 1362//1362
f 1366//1366 1365//1365 1363//1363
f 1363//1363 1365//1365 1362//1362
f 1328//1328 1364//1364 1324//1324
f 1324//1324 1364//1364 1356//1356
f 1360//1360 1364//1364 1365//1365
f 1365//1365 1366//1366 1360//1360
f 1360//1360 1366//1366 1367//1367
f 1360//1360 1367//1367 1359//1359
f 1359//1359 1367//1367 1368//1368
f 1364//1364 1360//1360 1356//1356
f 1361//1361 1365//1365 1364//1364
f 1321//1321 1349//1349 1316//1316
f 1316//1316 1349//1349 1345//1345
f 1349//1349 1321//1321 1353//1353
f 1353//1353 1321//1321 1322//1322
f 1355//1355 1359//1359 1369//1369
f 1369//1369 1359//1359 1370//1370
f 1369//1369 1329//1329 1355//1355
f 1355//1355 1329//1329 1323//1323
f 1371//1371 1370//1370 1368//1368
f 1368//1368 1370//1370 1359//1359
f 1357//1357 1330//1330 1369//1369
f 1369//1369 1330//1330 1329//1329
f 1358//1358 1357//1357 1370//1370
f 1370//1370 1357//1357 1369//1369
f 1372//1372 1358//1358 1371//1371
f 1371//1371 1358//1358 1370//1370
f 1353//1353 1322//1322 1357//1357
f 1357//1357 1322//1322 1330//1330
f 1354//1354 1352//1352 1372//1372
f 1372//1372 1352//1352 1358//1358
f 1337//1337 1335//1335 1373//1373
f 1373//1373 1335//1335 1374//1374
f 1374//1374 1335//1335 1375//1375
f 1376//1376 1377//1377 1378//1378
f 1378//1378 1377//1377 1379//1379
f 1373//1373 1374//1374 1380//1380
f 1380//1380 1374//1374 1381//1381
f 1381//1381 1374//1374 1382//1382
f 1382//1382 1374//1374 1375//1375
f 1382//1382 1378//1378 1381//1381
f 1380//1380 1381//1381 1379//1379
f 1379//1379 1381//1381 1378//1378
f 1341//1341 1332//1332 1331//1331
f 1331//1331 1383//1383 1341//1341
f 1341//1341 1383//1383 1342//1342
f 1377//1377 1376//1376 1384//1384
f 1384//1384 1376//1376 1385//1385
f 1331//1331 1333//1333 1385//1385
f 1385//1385 1333//1333 1384//1384
f 1385//1385 1383//1383 1331//1331
f 1376//1376 1378//1378 1386//1386
f 1386//1386 1378//1378 1382//1382
f 1383//1383 1385//1385 1386//1386
f 1386//1386 1385//1385 1376//1376
f 1339//1339 1336//1336 1363//1363
f 1337//1337 1366//1366 1336//1336
f 1336//1336 1366//1366 1363//1363
f 1373//1373 1367//1367 1337//1337
f 1337//1337 1367//1367 1366//1366
f 1380//1380 1368//1368 1373//1373
f 1373//1373 1368//1368 1367//1367
f 1379//1379 1371//1371 1380//1380
f 1380//1380 1371//1371 1368//1368
f 1377//1377 1372//1372 1379//1379
f 1379//1379 1372//1372 1371//1371
f 1384//1384 1354//1354 1377//1377
f 1377//1377 1354//1354 1372//1372
f 1333//1333 1351//1351 1384//1384
f 1384//1384 1351//1351 1354//1354
f 1332//1332 1348//1348 1333//1333
f 1333//1333 1348//1348 1351//1351
f 1332//1332 1344//1344 1348//1348
f 1387//1387 1388//1388 1389//1389
f 1390//1390 1079//1079 1391//1391
f 1391//1391 1079//1079 1076//1076
f 1392//1392 1080//1080 1390//1390
f 1390//1390 1080//1080 1079//1079
f 1393//1393 1394//1394 1395//1395
f 1395//1395 1394//1394 1396//1396
f 1397//1397 1398//1398 1387//1387
f 1387//1387 1398//1398 1388//1388
f 1399//1399 1392//1392 1400//1400
f 1400//1400 1392//1392 1390//1390
f 982//982 1051//1051 1399//1399
f 1399//1399 1051//1051 1392//1392
f 1401//1401 1402//1402 1397//1397
f 1397//1397 1402//1402 1398//1398
f 1389//1389 1388//1388 1403//1403
f 899//899 1404//1404 1396//1396
f 1396//1396 1404//1404 1395//1395
f 1405//1405 1406//1406 1327//1327
f 1327//1327 1406//1406 1326//1326
f 1407//1407 1405//1405 1285//1285
f 1285//1285 1405//1405 1327//1327
f 890//890 1407//1407 1275//1275
f 1275//1275 1407//1407 1285//1285
f 1391//1391 1408//1408 1390//1390
f 1390//1390 1408//1408 1400//1400
f 890//890 899//899 1407//1407
f 1407//1407 899//899 1396//1396
f 1394//1394 1405//1405 1396//1396
f 1396//1396 1405//1405 1407//1407
f 1405//1405 1394//1394 1406//1406
f 1391//1391 1076//1076 1317//1317
f 1402//1402 982//982 1398//1398
f 1398//1398 982//982 1399//1399
f 1398//1398 1399//1399 1388//1388
f 1388//1388 1399//1399 1400//1400
f 1408//1408 1403//1403 1400//1400
f 1400//1400 1403//1403 1388//1388
f 1318//1318 1409//1409 1339//1339
f 1326//1326 1406//1406 1320//1320
f 1320//1320 1406//1406 1410//1410
f 1411//1411 922//922 1401//1401
f 1401//1401 922//922 1402//1402
f 922//922 923//923 1402//1402
f 1402//1402 923//923 926//926
f 926//926 982//982 1402//1402
f 1320//1320 1410//1410 1318//1318
f 1318//1318 1410//1410 1409//1409
f 899//899 911//911 1404//1404
f 922//922 1411//1411 919//919
f 919//919 1411//1411 920//920
f 1411//1411 911//911 920//920
f 911//911 1411//1411 1404//1404
f 1404//1404 1411//1411 1401//1401
f 1404//1404 1401//1401 1395//1395
f 1395//1395 1401//1401 1397//1397
f 1395//1395 1397//1397 1393//1393
f 1393//1393 1397//1397 1387//1387
f 1392//1392 1051//1051 1080//1080
f 1412//1412 1413//1413 1414//1414
f 1394//1394 1393//1393 1415//1415
f 1415//1415 1393//1393 1416//1416
f 1406//1406 1394//1394 1415//1415
f 1417//1417 1418//1418 1414//1414
f 1414//1414 1418//1418 1419//1419
f 1409//1409 1420//1420 1421//1421
f 1421//1421 1420//1420 1422//1422
f 1421//1421 1422//1422 1423//1423
f 1423//1423 1422//1422 1424//1424
f 1410//1410 1425//1425 1409//1409
f 1409//1409 1425//1425 1420//1420
f 1408//1408 1391//1391 1413//1413
f 1413//1413 1391//1391 1417//1417
f 1403//1403 1408//1408 1426//1426
f 1426//1426 1408//1408 1413//1413
f 1389//1389 1403//1403 1427//1427
f 1427//1427 1403//1403 1426//1426
f 1339//1339 1421//1421 1338//1338
f 1338//1338 1421//1421 1423//1423
f 1339//1339 1409//1409 1421//1421
f 1413//1413 1417//1417 1414//1414
f 1426//1426 1413//1413 1412//1412
f 1427//1427 1426//1426 1428//1428
f 1428//1428 1426//1426 1412//1412
f 1406//1406 1415//1415 1410//1410
f 1410//1410 1415//1415 1425//1425
f 1422//1422 1429//1429 1424//1424
f 1424//1424 1429//1429 1430//1430
f 1420//1420 1431//1431 1422//1422
f 1422//1422 1431//1431 1429//1429
f 1428//1428 1412//1412 1432//1432
f 1432//1432 1412//1412 1433//1433
f 1412//1412 1414//1414 1433//1433
f 1433//1433 1414//1414 1419//1419
f 1415//1415 1416//1416 1425//1425
f 1425//1425 1416//1416 1434//1434
f 1425//1425 1434//1434 1420//1420
f 1420//1420 1434//1434 1431//1431
f 1393//1393 1387//1387 1416//1416
f 1416//1416 1387//1387 1389//1389
f 1416//1416 1389//1389 1434//1434
f 1434//1434 1389//1389 1427//1427
f 1434//1434 1427//1427 1431//1431
f 1431//1431 1427//1427 1428//1428
f 1431//1431 1428//1428 1429//1429
f 1429//1429 1428//1428 1432//1432
f 1424//1424 1435//1435 1423//1423
f 1423//1423 1435//1435 1343//1343
f 1436//1436 1340//1340 1342//1342
f 1338//1338 1423//1423 1343//1343
f 1335//1335 1334//1334 1435//1435
f 1435//1435 1334//1334 1343//1343
f 1430//1430 1375//1375 1424//1424
f 1424//1424 1375//1375 1435//1435
f 1346//1346 1344//1344 1417//1417
f 1417//1417 1344//1344 1418//1418
f 1344//1344 1340//1340 1418//1418
f 1418//1418 1340//1340 1436//1436
f 1391//1391 1317//1317 1417//1417
f 1417//1417 1317//1317 1346//1346
f 1430//1430 1429//1429 1437//1437
f 1437//1437 1429//1429 1432//1432
f 1375//1375 1335//1335 1435//1435
f 1375//1375 1430//1430 1382//1382
f 1382//1382 1430//1430 1437//1437
f 1418//1418 1436//1436 1419//1419
f 1419//1419 1436//1436 1438//1438
f 1433//1433 1419//1419 1439//1439
f 1439//1439 1419//1419 1438//1438
f 1438//1438 1436//1436 1383//1383
f 1383//1383 1436//1436 1342//1342
f 1439//1439 1438//1438 1386//1386
f 1386//1386 1438//1438 1383//1383
f 1432//1432 1433//1433 1437//1437
f 1437//1437 1433//1433 1439//1439
f 1439//1439 1386//1386 1437//1437
f 1437//1437 1386//1386 1382//1382
f 1054//1054 1053//1053 1440//1440
f 1441//1441 1442//1442 924//924
f 924//924 1442//1442 925//925
f 1053//1053 927//927 1440//1440
f 1443//1443 1063//1063 1062//1062
f 917//917 1441//1441 915//915
f 915//915 1441//1441 924//924
f 1444//1444 975//975 1445//1445
f 1445//1445 975//975 976//976
f 1446//1446 977//977 1032//1032
f 1446//1446 1032//1032 1035//1035
f 1041//1041 1044//1044 1447//1447
f 962//962 961//961 1444//1444
f 1444//1444 961//961 975//975
f 1448//1448 1449//1449 1450//1450
f 1443//1443 1451//1451 1452//1452
f 1452//1452 1451//1451 1453//1453
f 1443//1443 1450//1450 1454//1454
f 1454//1454 1450//1450 1455//1455
f 1454//1454 1063//1063 1443//1443
f 1095//1095 1063//1063 1454//1454
f 1455//1455 1096//1096 1454//1454
f 1454//1454 1096//1096 1095//1095
f 1443//1443 1062//1062 1451//1451
f 1451//1451 1054//1054 1453//1453
f 1453//1453 1054//1054 1440//1440
f 1448//1448 1450//1450 1452//1452
f 1452//1452 1450//1450 1443//1443
f 1456//1456 1457//1457 1449//1449
f 1449//1449 1457//1457 1447//1447
f 1455//1455 1450//1450 1458//1458
f 1458//1458 1450//1450 1447//1447
f 1447//1447 1044//1044 1458//1458
f 1044//1044 1107//1107 1458//1458
f 1455//1455 1458//1458 1096//1096
f 1096//1096 1458//1458 1107//1107
f 1447//1447 1457//1457 1041//1041
f 1457//1457 1456//1456 1035//1035
f 1035//1035 1456//1456 1446//1446
f 1450//1450 1449//1449 1447//1447
f 1062//1062 1058//1058 1451//1451
f 1451//1451 1058//1058 1054//1054
f 1035//1035 1043//1043 1457//1457
f 1457//1457 1043//1043 1041//1041
f 1456//1456 1459//1459 1446//1446
f 1460//1460 1461//1461 1462//1462
f 1462//1462 1461//1461 1463//1463
f 1464//1464 1465//1465 1466//1466
f 1466//1466 1465//1465 1467//1467
f 1465//1465 1464//1464 1468//1468
f 1468//1468 1464//1464 1469//1469
f 1460//1460 964//964 962//962
f 1461//1461 1460//1460 1444//1444
f 1444//1444 1460//1460 962//962
f 1468//1468 1469//1469 1463//1463
f 1463//1463 1469//1469 1462//1462
f 1470//1470 1471//1471 1472//1472
f 1472//1472 1471//1471 1467//1467
f 1465//1465 1473//1473 1467//1467
f 1467//1467 1473//1473 1472//1472
f 1473//1473 1465//1465 1474//1474
f 1474//1474 1465//1465 1468//1468
f 1474//1474 1468//1468 1475//1475
f 1475//1475 1468//1468 1463//1463
f 1461//1461 1476//1476 1463//1463
f 1463//1463 1476//1476 1475//1475
f 1476//1476 1461//1461 1445//1445
f 1445//1445 1461//1461 1444//1444
f 977//977 1477//1477 976//976
f 976//976 1477//1477 1445//1445
f 1446//1446 1459//1459 1478//1478
f 1445//1445 1477//1477 1476//1476
f 1476//1476 1477//1477 1479//1479
f 1480//1480 1475//1475 1479//1479
f 1479//1479 1475//1475 1476//1476
f 1481//1481 1478//1478 1482//1482
f 1482//1482 1478//1478 1459//1459
f 1483//1483 1474//1474 1480//1480
f 1480//1480 1474//1474 1475//1475
f 1482//1482 1484//1484 1481//1481
f 1481//1481 1484//1484 1485//1485
f 1486//1486 1472//1472 1487//1487
f 1487//1487 1472//1472 1473//1473
f 1488//1488 1489//1489 1490//1490
f 1490//1490 1489//1489 1491//1491
f 1492//1492 1493//1493 1489//1489
f 1489//1489 1493//1493 1491//1491
f 1494//1494 1470//1470 1486//1486
f 1486//1486 1470//1470 1472//1472
f 1446//1446 1478//1478 1477//1477
f 1477//1477 1478//1478 1479//1479
f 1477//1477 977//977 1446//1446
f 1481//1481 1485//1485 1480//1480
f 1480//1480 1485//1485 1483//1483
f 1490//1490 1491//1491 1487//1487
f 1487//1487 1491//1491 1486//1486
f 1493//1493 1494//1494 1491//1491
f 1491//1491 1494//1494 1486//1486
f 1480//1480 1479//1479 1481//1481
f 1481//1481 1479//1479 1478//1478
f 1459//1459 1456//1456 1495//1495
f 1495//1495 1456//1456 1449//1449
f 1449//1449 1448//1448 1495//1495
f 1495//1495 1448//1448 1496//1496
f 1487//1487 1473//1473 1483//1483
f 1483//1483 1473//1473 1474//1474
f 1485//1485 1490//1490 1483//1483
f 1483//1483 1490//1490 1487//1487
f 1484//1484 1488//1488 1485//1485
f 1485//1485 1488//1488 1490//1490
f 1497//1497 1498//1498 1499//1499
f 1500//1500 1501//1501 1502//1502
f 1502//1502 1501//1501 1503//1503
f 1504//1504 1505//1505 1506//1506
f 1506//1506 1505//1505 1507//1507
f 1508//1508 1507//1507 1509//1509
f 1509//1509 1507//1507 1505//1505
f 917//917 918//918 1503//1503
f 1501//1501 1441//1441 1503//1503
f 1503//1503 1441//1441 917//917
f 1502//1502 1508//1508 1500//1500
f 1500//1500 1508//1508 1509//1509
f 1504//1504 1510//1510 1511//1511
f 1511//1511 1510//1510 1512//1512
f 1511//1511 1513//1513 1504//1504
f 1504//1504 1513//1513 1505//1505
f 1509//1509 1505//1505 1514//1514
f 1514//1514 1505//1505 1513//1513
f 1500//1500 1509//1509 1515//1515
f 1515//1515 1509//1509 1514//1514
f 1515//1515 1516//1516 1500//1500
f 1500//1500 1516//1516 1501//1501
f 1441//1441 1501//1501 1442//1442
f 1442//1442 1501//1501 1516//1516
f 927//927 925//925 1517//1517
f 1517//1517 925//925 1442//1442
f 1518//1518 1498//1498 1440//1440
f 1440//1440 1498//1498 1453//1453
f 1519//1519 1517//1517 1516//1516
f 1516//1516 1517//1517 1442//1442
f 1516//1516 1515//1515 1519//1519
f 1519//1519 1515//1515 1520//1520
f 1498//1498 1518//1518 1521//1521
f 1521//1521 1518//1518 1522//1522
f 1499//1499 1498//1498 1521//1521
f 1515//1515 1514//1514 1520//1520
f 1520//1520 1514//1514 1523//1523
f 1499//1499 1521//1521 1524//1524
f 1524//1524 1521//1521 1525//1525
f 1521//1521 1522//1522 1525//1525
f 1525//1525 1522//1522 1526//1526
f 1513//1513 1511//1511 1527//1527
f 1527//1527 1511//1511 1528//1528
f 1529//1529 1530//1530 1531//1531
f 1531//1531 1530//1530 1532//1532
f 1530//1530 1533//1533 1532//1532
f 1532//1532 1533//1533 1534//1534
f 1529//1529 1531//1531 1535//1535
f 1535//1535 1531//1531 1536//1536
f 1532//1532 1537//1537 1531//1531
f 1531//1531 1537//1537 1538//1538
f 1534//1534 1539//1539 1532//1532
f 1532//1532 1539//1539 1537//1537
f 1531//1531 1538//1538 1536//1536
f 1536//1536 1538//1538 1540//1540
f 1511//1511 1512//1512 1528//1528
f 1528//1528 1512//1512 1541//1541
f 1542//1542 1496//1496 1499//1499
f 1499//1499 1496//1496 1497//1497
f 1542//1542 1499//1499 1543//1543
f 1543//1543 1499//1499 1524//1524
f 1519//1519 1518//1518 1517//1517
f 1517//1517 1518//1518 1440//1440
f 1440//1440 927//927 1517//1517
f 1522//1522 1520//1520 1526//1526
f 1526//1526 1520//1520 1523//1523
f 1533//1533 1527//1527 1534//1534
f 1534//1534 1527//1527 1528//1528
f 1528//1528 1541//1541 1534//1534
f 1534//1534 1541//1541 1539//1539
f 1518//1518 1519//1519 1522//1522
f 1522//1522 1519//1519 1520//1520
f 1452//1452 1453//1453 1497//1497
f 1497//1497 1453//1453 1498//1498
f 1496//1496 1448//1448 1497//1497
f 1497//1497 1448//1448 1452//1452
f 1514//1514 1513//1513 1523//1523
f 1523//1523 1513//1513 1527//1527
f 1526//1526 1523//1523 1533//1533
f 1533//1533 1523//1523 1527//1527
f 1525//1525 1526//1526 1530//1530
f 1530//1530 1526//1526 1533//1533
f 1524//1524 1525//1525 1529//1529
f 1529//1529 1525//1525 1530//1530
f 1524//1524 1529//1529 1543//1543
f 1543//1543 1529//1529 1535//1535
f 1482//1482 1459//1459 1544//1544
f 1544//1544 1459//1459 1495//1495
f 1544//1544 1545//1545 1482//1482
f 1482//1482 1545//1545 1484//1484
f 1546//1546 1547//1547 1488//1488
f 1488//1488 1547//1547 1489//1489
f 1536//1536 1547//1547 1535//1535
f 1535//1535 1547//1547 1546//1546
f 1548//1548 1492//1492 1547//1547
f 1547//1547 1492//1492 1489//1489
f 1540//1540 1548//1548 1536//1536
f 1536//1536 1548//1548 1547//1547
f 1495//1495 1496//1496 1544//1544
f 1544//1544 1496//1496 1542//1542
f 1542//1542 1543//1543 1544//1544
f 1544//1544 1543//1543 1545//1545
f 1545//1545 1546//1546 1484//1484
f 1484//1484 1546//1546 1488//1488
f 1535//1535 1546//1546 1543//1543
f 1543//1543 1546//1546 1545//1545
f 928//928 1549//1549 913//913
f 1550//1550 1506//1506 1551//1551
f 1551//1551 1506//1506 1507//1507
f 1552//1552 1553//1553 1554//1554
f 1502//1502 1503//1503 1554//1554
f 1554//1554 1503//1503 1552//1552
f 1555//1555 1550//1550 1551//1551
f 1507//1507 1508//1508 1551//1551
f 1551//1551 1508//1508 1556//1556
f 1506//1506 1550//1550 1504//1504
f 1504//1504 1550//1550 1510//1510
f 1557//1557 1553//1553 1558//1558
f 918//918 1558//1558 1552//1552
f 1552//1552 1558//1558 1553//1553
f 1503//1503 918//918 1552//1552
f 1508//1508 1502//1502 1556//1556
f 1556//1556 1502//1502 1554//1554
f 1559//1559 1560//1560 1561//1561
f 1561//1561 1560//1560 1562//1562
f 1562//1562 1557//1557 1561//1561
f 1561//1561 1557//1557 1563//1563
f 1564//1564 851//851 1565//1565
f 1565//1565 851//851 853//853
f 844//844 843//843 1561//1561
f 1561//1561 843//843 1559//1559
f 1563//1563 1549//1549 865//865
f 865//865 1549//1549 928//928
f 851//851 1564//1564 843//843
f 843//843 1564//1564 1559//1559
f 1557//1557 1558//1558 1563//1563
f 1563//1563 1558//1558 1549//1549
f 913//913 1549//1549 916//916
f 865//865 844//844 1563//1563
f 1563//1563 844//844 1561//1561
f 1558//1558 918//918 1549//1549
f 1549//1549 918//918 916//916
f 1566//1566 1567//1567 1466//1466
f 1466//1466 1567//1567 1464//1464
f 1568//1568 1569//1569 1570//1570
f 1462//1462 1568//1568 1460//1460
f 1460//1460 1568//1568 1570//1570
f 1566//1566 1571//1571 1567//1567
f 1464//1464 1567//1567 1469//1469
f 1469//1469 1567//1567 1572//1572
f 1471//1471 1566//1566 1467//1467
f 1467//1467 1566//1566 1466//1466
f 1573//1573 1569//1569 1574//1574
f 1569//1569 1573//1573 1570//1570
f 1570//1570 1573//1573 964//964
f 1570//1570 964//964 1460//1460
f 1469//1469 1572//1572 1462//1462
f 1462//1462 1572//1572 1568//1568
f 1575//1575 1576//1576 1577//1577
f 1577//1577 1576//1576 1578//1578
f 1579//1579 1574//1574 1576//1576
f 1576//1576 1574//1574 1578//1578
f 853//853 876//876 1565//1565
f 1565//1565 876//876 1580//1580
f 867//867 1576//1576 869//869
f 869//869 1576//1576 1575//1575
f 1579//1579 886//886 1581//1581
f 1581//1581 886//886 929//929
f 1575//1575 1580//1580 869//869
f 869//869 1580//1580 876//876
f 1574//1574 1579//1579 1573//1573
f 1573//1573 1579//1579 1581//1581
f 963//963 1581//1581 971//971
f 971//971 1581//1581 929//929
f 1576//1576 867//867 1579//1579
f 1579//1579 867//867 886//886
f 963//963 964//964 1581//1581
f 1581//1581 964//964 1573//1573
f 1582//1582 1583//1583 1584//1584
f 1555//1555 1585//1585 1586//1586
f 1586//1586 1585//1585 1587//1587
f 1554//1554 1553//1553 1583//1583
f 1584//1584 1583//1583 1553//1553
f 1586//1586 1550//1550 1555//1555
f 1588//1588 1589//1589 1555//1555
f 1555//1555 1589//1589 1585//1585
f 1556//1556 1588//1588 1551//1551
f 1551//1551 1588//1588 1555//1555
f 1557//1557 1562//1562 1584//1584
f 1584//1584 1553//1553 1557//1557
f 1583//1583 1582//1582 1588//1588
f 1588//1588 1582//1582 1589//1589
f 1554//1554 1583//1583 1556//1556
f 1556//1556 1583//1583 1588//1588
f 1590//1590 1591//1591 1592//1592
f 1584//1584 1562//1562 1593//1593
f 1582//1582 1594//1594 1589//1589
f 1589//1589 1594//1594 1595//1595
f 1596//1596 1597//1597 1585//1585
f 1585//1585 1597//1597 1587//1587
f 1589//1589 1595//1595 1585//1585
f 1585//1585 1595//1595 1596//1596
f 1584//1584 1593//1593 1582//1582
f 1582//1582 1593//1593 1594//1594
f 1565//1565 1591//1591 1564//1564
f 1564//1564 1591//1591 1590//1590
f 1592//1592 1591//1591 1598//1598
f 1599//1599 1592//1592 1600//1600
f 1593//1593 1599//1599 1594//1594
f 1594//1594 1599//1599 1600//1600
f 1601//1601 1596//1596 1602//1602
f 1602//1602 1596//1596 1595//1595
f 1596//1596 1601//1601 1597//1597
f 1597//1597 1601//1601 1603//1603
f 1560//1560 1590//1590 1599//1599
f 1599//1599 1590//1590 1592//1592
f 1564//1564 1590//1590 1559//1559
f 1559//1559 1590//1590 1560//1560
f 1599//1599 1593//1593 1560//1560
f 1560//1560 1593//1593 1562//1562
f 1600//1600 1602//1602 1594//1594
f 1594//1594 1602//1602 1595//1595
f 1565//1565 1580//1580 1591//1591
f 1591//1591 1580//1580 1604//1604
f 1580//1580 1575//1575 1604//1604
f 1604//1604 1575//1575 1577//1577
f 1569//1569 1605//1605 1606//1606
f 1600//1600 1592//1592 1607//1607
f 1607//1607 1608//1608 1600//1600
f 1600//1600 1608//1608 1602//1602
f 1609//1609 1610//1610 1601//1601
f 1601//1601 1610//1610 1603//1603
f 1610//1610 1609//1609 1611//1611
f 1611//1611 1609//1609 1612//1612
f 1608//1608 1607//1607 1613//1613
f 1613//1613 1607//1607 1614//1614
f 1592//1592 1598//1598 1607//1607
f 1607//1607 1598//1598 1614//1614
f 1608//1608 1609//1609 1602//1602
f 1602//1602 1609//1609 1601//1601
f 1613//1613 1612//1612 1608//1608
f 1608//1608 1612//1612 1609//1609
f 1571//1571 1615//1615 1616//1616
f 1616//1616 1615//1615 1617//1617
f 1605//1605 1569//1569 1568//1568
f 1606//1606 1605//1605 1618//1618
f 1615//1615 1571//1571 1566//1566
f 1619//1619 1571//1571 1620//1620
f 1620//1620 1571//1571 1616//1616
f 1571//1571 1619//1619 1567//1567
f 1567//1567 1619//1619 1572//1572
f 1621//1621 1578//1578 1606//1606
f 1606//1606 1578//1578 1574//1574
f 1574//1574 1569//1569 1606//1606
f 1622//1622 1623//1623 1620//1620
f 1620//1620 1623//1623 1618//1618
f 1605//1605 1619//1619 1618//1618
f 1618//1618 1619//1619 1620//1620
f 1619//1619 1605//1605 1572//1572
f 1572//1572 1605//1605 1568//1568
f 1617//1617 1624//1624 1616//1616
f 1616//1616 1624//1624 1625//1625
f 1620//1620 1616//1616 1622//1622
f 1622//1622 1616//1616 1625//1625
f 1606//1606 1618//1618 1621//1621
f 1621//1621 1618//1618 1623//1623
f 1598//1598 1591//1591 1626//1626
f 1626//1626 1591//1591 1604//1604
f 1627//1627 1628//1628 1626//1626
f 1626//1626 1628//1628 1629//1629
f 1621//1621 1623//1623 1627//1627
f 1627//1627 1623//1623 1628//1628
f 1630//1630 1631//1631 1628//1628
f 1628//1628 1631//1631 1629//1629
f 1622//1622 1625//1625 1630//1630
f 1630//1630 1625//1625 1632//1632
f 1633//1633 1634//1634 1632//1632
f 1632//1632 1634//1634 1635//1635
f 1625//1625 1624//1624 1632//1632
f 1632//1632 1624//1624 1633//1633
f 1634//1634 1611//1611 1635//1635
f 1635//1635 1611//1611 1612//1612
f 1631//1631 1613//1613 1629//1629
f 1629//1629 1613//1613 1614//1614
f 1626//1626 1629//1629 1598//1598
f 1598//1598 1629//1629 1614//1614
f 1626//1626 1604//1604 1627//1627
f 1627//1627 1604//1604 1577//1577
f 1632//1632 1635//1635 1630//1630
f 1630//1630 1635//1635 1631//1631
f 1635//1635 1612//1612 1631//1631
f 1631//1631 1612//1612 1613//1613
f 1627//1627 1577//1577 1621//1621
f 1621//1621 1577//1577 1578//1578
f 1622//1622 1630//1630 1623//1623
f 1623//1623 1630//1630 1628//1628
f 1636//1636 1637//1637 1638//1638
f 1639//1639 1640//1640 1641//1641
f 1641//1641 1640//1640 1637//1637
f 1638//1638 1637//1637 1640//1640
f 1642//1642 1636//1636 1638//1638
f 1642//1642 1643//1643 1636//1636
f 1636//1636 1643//1643 1644//1644
f 1645//1645 1639//1639 1646//1646
f 1646//1646 1639//1639 1641//1641
f 1647//1647 1648//1648 1649//1649
f 1649//1649 1648//1648 1650//1650
f 1648//1648 1647//1647 1651//1651
f 1651//1651 1647//1647 1652//1652
f 1653//1653 1651//1651 1652//1652
f 1653//1653 1652//1652 1643//1643
f 1643//1643 1652//1652 1644//1644
f 1649//1649 1650//1650 1646//1646
f 1646//1646 1650//1650 1645//1645
f 1636//1636 1654//1654 1637//1637
f 1636//1636 1644//1644 1654//1654
f 1654//1654 1644//1644 1655//1655
f 1656//1656 1657//1657 1658//1658
f 1654//1654 1655//1655 1657//1657
f 1657//1657 1655//1655 1658//1658
f 1652//1652 1647//1647 1659//1659
f 1655//1655 1644//1644 1659//1659
f 1659//1659 1644//1644 1652//1652
f 1660//1660 1656//1656 1658//1658
f 1658//1658 1655//1655 1660//1660
f 1660//1660 1655//1655 1659//1659
f 1661//1661 1648//1648 1662//1662
f 1639//1639 1663//1663 1640//1640
f 1664//1664 1663//1663 1645//1645
f 1645//1645 1663//1663 1639//1639
f 1638//1638 1640//1640 1665//1665
f 1665//1665 1640//1640 1663//1663
f 1642//1642 1638//1638 1666//1666
f 1666//1666 1638//1638 1665//1665
f 1667//1667 1665//1665 1664//1664
f 1664//1664 1665//1665 1663//1663
f 1642//1642 1666//1666 1643//1643
f 1643//1643 1666//1666 1668//1668
f 1667//1667 1668//1668 1665//1665
f 1665//1665 1668//1668 1666//1666
f 1650//1650 1648//1648 1661//1661
f 1650//1650 1661//1661 1645//1645
f 1645//1645 1661//1661 1664//1664
f 1662//1662 1648//1648 1651//1651
f 1653//1653 1669//1669 1651//1651
f 1651//1651 1669//1669 1662//1662
f 1667//1667 1664//1664 1662//1662
f 1662//1662 1664//1664 1661//1661
f 1668//1668 1669//1669 1643//1643
f 1643//1643 1669//1669 1653//1653
f 1667//1667 1662//1662 1668//1668
f 1668//1668 1662//1662 1669//1669
f 1654//1654 1670//1670 1637//1637
f 1637//1637 1670//1670 1641//1641
f 1659//1659 1647//1647 1671//1671
f 1671//1671 1647//1647 1649//1649
f 1672//1672 1673//1673 1674//1674
f 1672//1672 1670//1670 1654//1654
f 1674//1674 1670//1670 1672//1672
f 1641//1641 1675//1675 1646//1646
f 1670//1670 1675//1675 1641//1641
f 1671//1671 1649//1649 1675//1675
f 1675//1675 1649//1649 1646//1646
f 1676//1676 1671//1671 1677//1677
f 1676//1676 1659//1659 1671//1671
f 1678//1678 1676//1676 1677//1677
f 1670//1670 1679//1679 1675//1675
f 1679//1679 1670//1670 1674//1674
f 1677//1677 1671//1671 1679//1679
f 1671//1671 1675//1675 1679//1679
f 1674//1674 1597//1597 1679//1679
f 1603//1603 1679//1679 1597//1597
f 1597//1597 1674//1674 1587//1587
f 1587//1587 1674//1674 1586//1586
f 1586//1586 1674//1674 1673//1673
f 1679//1679 1611//1611 1634//1634
f 1610//1610 1679//1679 1603//1603
f 1679//1679 1610//1610 1611//1611
f 1634//1634 1633//1633 1679//1679
f 1677//1677 1679//1679 1624//1624
f 1633//1633 1624//1624 1679//1679
f 1624//1624 1617//1617 1677//1677
f 1678//1678 1677//1677 1615//1615
f 1615//1615 1677//1677 1617//1617
f 1680//1680 1676//1676 1678//1678
f 1566//1566 1471//1471 1681//1681
f 1493//1493 1492//1492 1682//1682
f 1494//1494 1682//1682 1470//1470
f 1470//1470 1682//1682 1681//1681
f 1683//1683 1656//1656 1660//1660
f 1681//1681 1682//1682 1683//1683
f 1683//1683 1682//1682 1656//1656
f 1680//1680 1660//1660 1659//1659
f 1660//1660 1680//1680 1683//1683
f 1680//1680 1678//1678 1683//1683
f 1683//1683 1678//1678 1681//1681
f 1659//1659 1676//1676 1680//1680
f 1615//1615 1566//1566 1678//1678
f 1681//1681 1678//1678 1566//1566
f 1682//1682 1494//1494 1493//1493
f 1471//1471 1470//1470 1681//1681
f 1654//1654 1684//1684 1672//1672
f 1550//1550 1685//1685 1510//1510
f 1537//1537 1682//1682 1538//1538
f 1539//1539 1682//1682 1537//1537
f 1538//1538 1682//1682 1540//1540
f 1541//1541 1512//1512 1682//1682
f 1512//1512 1685//1685 1682//1682
f 1686//1686 1657//1657 1656//1656
f 1685//1685 1686//1686 1682//1682
f 1682//1682 1686//1686 1656//1656
f 1684//1684 1654//1654 1657//1657
f 1657//1657 1686//1686 1684//1684
f 1685//1685 1673//1673 1686//1686
f 1686//1686 1673//1673 1684//1684
f 1586//1586 1673//1673 1550//1550
f 1685//1685 1550//1550 1673//1673
f 1684//1684 1673//1673 1672//1672
f 1682//1682 1539//1539 1541//1541
f 1510//1510 1685//1685 1512//1512
f 1492//1492 1548//1548 1682//1682
f 1548//1548 1540//1540 1682//1682
f 44//44 133//133 140//140
f 9//9 12//12 91//91
f 356//356 358//358 355//355
f 81//81 10//10 91//91
f 10//10 9//9 91//91
f 9//9 13//13 12//12
f 12//12 14//14 91//91
f 14//14 17//17 91//91
f 17//17 18//18 91//91
f 355//355 354//354 356//356
f 354//354 353//353 356//356
f 353//353 352//352 357//357
f 352//352 351//351 357//357
f 353//353 357//357 356//356
f 351//351 350//350 357//357
f 350//350 348//348 357//357
f 348//348 349//349 359//359
f 349//349 360//360 359//359
f 348//348 359//359 357//357
f 360//360 361//361 367//367
f 361//361 362//362 367//367
f 367//367 362//362 363//363
f 363//363 364//364 367//367
f 367//367 364//364 368//368
f 364//364 365//365 368//368
f 365//365 366//366 368//368
f 366//366 369//369 368//368
f 367//367 359//359 360//360
f 52//52 50//50 140//140
f 50//50 48//48 140//140
f 48//48 46//46 140//140
f 46//46 47//47 45//45
f 140//140 46//46 45//45
f 45//45 44//44 140//140
