# Hair strands (group-aware) generated by grow_strands
g card_0
v -0.002254 1.827238 0.089502
v -0.002647 1.828535 0.091550
v -0.003299 1.829982 0.093416
v -0.004080 1.831577 0.095105
v -0.004994 1.833350 0.096510
v -0.006082 1.835279 0.097545
v -0.007363 1.837260 0.098218
v -0.008768 1.839244 0.098565
v -0.010267 1.841184 0.098653
v -0.011892 1.843022 0.098619
v -0.013607 1.844774 0.098508
v -0.015398 1.846403 0.098193
v -0.017143 1.847960 0.097470
v -0.018951 1.849386 0.096677
v -0.021006 1.850493 0.095920
v -0.022982 1.851610 0.094995
v -0.024920 1.852736 0.093992
v -0.027020 1.853522 0.093007
v -0.029164 1.854217 0.092032
v -0.031316 1.854836 0.091025
v -0.033475 1.855388 0.089994
v -0.035659 1.855863 0.088977
v -0.037868 1.856276 0.087989
v -0.040075 1.856622 0.086982
v -0.042257 1.856766 0.085865
v -0.044457 1.856857 0.084778
v -0.046669 1.856903 0.083713
v -0.048867 1.856898 0.082619
v -0.050998 1.856772 0.081410
v -0.053152 1.856615 0.080241
v -0.055329 1.856451 0.079119
v -0.057322 1.856188 0.077712
l 1 2 3 4 5 6 7 8 9 10 11 12 13 14 15 16 17 18 19 20 21 22 23 24 25 26 27 28 29 30 31 32
g card_2
v -0.002745 1.814327 0.095608
v -0.003593 1.816902 0.098890
v -0.005228 1.820381 0.100722
v -0.007371 1.823965 0.101560
v -0.009873 1.827410 0.101695
v -0.012653 1.830613 0.101305
v -0.015705 1.833477 0.100515
v -0.019013 1.835925 0.099416
v -0.022478 1.838025 0.098098
v -0.026017 1.839909 0.096670
v -0.029803 1.840604 0.094846
v -0.033604 1.841027 0.092970
v -0.037416 1.841345 0.091095
v -0.041272 1.841790 0.089342
v -0.044974 1.842026 0.087247
v -0.048671 1.842163 0.085135
v -0.052297 1.842226 0.082901
v -0.055734 1.842195 0.080385
v -0.059120 1.841998 0.077807
v -0.062255 1.841768 0.074933
v -0.065141 1.841652 0.071801
v -0.067976 1.841700 0.068622
v -0.070812 1.841876 0.065449
v -0.073369 1.842428 0.062087
v -0.075752 1.843191 0.058639
v -0.078126 1.843970 0.055189
v -0.080426 1.844870 0.051718
v -0.082397 1.846314 0.048229
v -0.084090 1.848038 0.044721
v -0.085644 1.849691 0.041115
v -0.087027 1.851254 0.037401
v -0.087619 1.853273 0.033698
l 33 34 35 36 37 38 39 40 41 42 43 44 45 46 47 48 49 50 51 52 53 54 55 56 57 58 59 60 61 62 63 64
g card_3
v -0.000790 1.828645 0.088749
v -0.002376 1.834894 0.092246
v -0.005190 1.841730 0.092104
v -0.008635 1.848125 0.090743
v -0.012558 1.853882 0.088274
v -0.016828 1.858941 0.084977
v -0.021362 1.863352 0.081135
v -0.026092 1.867238 0.076971
v -0.030980 1.870750 0.072656
v -0.036027 1.873399 0.067989
v -0.041217 1.875145 0.063005
v -0.046334 1.876473 0.057826
v -0.051200 1.877437 0.052329
v -0.055700 1.878047 0.046493
v -0.059721 1.878313 0.040281
v -0.063258 1.878348 0.033786
v -0.066146 1.878016 0.026982
v -0.068351 1.877368 0.019953
v -0.069602 1.876677 0.012708
v -0.070292 1.876171 0.005370
v -0.071803 1.875621 -0.001859
v -0.072719 1.875234 -0.009177
v -0.072366 1.875020 -0.016561
v -0.071041 1.874907 -0.023841
v -0.068831 1.875133 -0.030877
v -0.065053 1.875779 -0.037176
v -0.060237 1.877782 -0.042362
v -0.053878 1.879489 -0.045737
v -0.047419 1.881937 -0.048398
v -0.040568 1.883577 -0.050687
v -0.033660 1.885510 -0.052532
v -0.026578 1.887230 -0.053858
l 65 66 67 68 69 70 71 72 73 74 75 76 77 78 79 80 81 82 83 84 85 86 87 88 89 90 91 92 93 94 95 96
g card_4
v -0.002740 1.826325 0.090011
v -0.005632 1.831622 0.094005
v -0.010431 1.837142 0.094058
v -0.015542 1.842247 0.092918
v -0.020804 1.846823 0.090713
v -0.026085 1.850846 0.087638
v -0.031320 1.854347 0.083909
v -0.036505 1.857407 0.079740
v -0.041659 1.860153 0.075318
v -0.046780 1.862362 0.070588
v -0.051854 1.863919 0.065546
v -0.056769 1.864823 0.060210
v -0.061438 1.865144 0.054577
v -0.065908 1.865164 0.048775
v -0.069896 1.864943 0.042656
v -0.073147 1.864567 0.036107
v -0.075898 1.864104 0.029338
v -0.078088 1.863640 0.022368
v -0.079694 1.863265 0.015236
v -0.080631 1.863139 0.007983
v -0.080895 1.863480 0.000673
v -0.080523 1.864133 -0.006593
v -0.079063 1.865225 -0.013682
v -0.076890 1.866683 -0.020509
v -0.073767 1.868603 -0.026842
v -0.069842 1.870897 -0.032550
v -0.064806 1.873748 -0.037032
v -0.059191 1.876639 -0.040728
v -0.052955 1.879325 -0.043477
v -0.046423 1.881629 -0.045862
v -0.039667 1.883581 -0.047917
v -0.032911 1.885533 -0.049972
l 97 98 99 100 101 102 103 104 105 106 107 108 109 110 111 112 113 114 115 116 117 118 119 120 121 122 123 124 125 126 127 128
g card_5
v -0.032375 1.861528 -0.010732
v -0.033281 1.863750 -0.010633
v -0.034209 1.865961 -0.010506
v -0.035165 1.868159 -0.010345
v -0.036068 1.870382 -0.010240
v -0.036924 1.872624 -0.010181
v -0.037694 1.874899 -0.010209
v -0.038266 1.877216 -0.010422
v -0.038675 1.879541 -0.010779
v -0.038642 1.881829 -0.011511
v -0.038177 1.883894 -0.012550
v -0.037412 1.885795 -0.013791
v -0.036088 1.887241 -0.015179
v -0.034647 1.888547 -0.016576
v -0.033079 1.889701 -0.017982
v -0.031173 1.890309 -0.019297
v -0.029236 1.890865 -0.020603
v -0.027298 1.891422 -0.021910
v -0.025361 1.891978 -0.023216
v -0.023424 1.892534 -0.024522
v -0.021487 1.893091 -0.025829
v -0.019549 1.893647 -0.027135
v -0.017612 1.894203 -0.028442
v -0.015675 1.894760 -0.029748
v -0.013738 1.895316 -0.031055
v -0.011800 1.895872 -0.032361
v -0.009863 1.896429 -0.033667
v -0.007926 1.896985 -0.034974
v -0.005988 1.897541 -0.036279
v -0.003998 1.898097 -0.037497
v -0.001907 1.898650 -0.038543
v 0.000183 1.899203 -0.039588
l 129 130 131 132 133 134 135 136 137 138 139 140 141 142 143 144 145 146 147 148 149 150 151 152 153 154 155 156 157 158 159 160
v -0.003001 1.820839 0.092874
v -0.007216 1.825295 0.096233
v -0.013161 1.829161 0.095651
v -0.019225 1.832569 0.094162
v -0.025275 1.835502 0.091843
v -0.031190 1.837954 0.088746
v -0.036874 1.839967 0.084968
v -0.042290 1.841646 0.080664
v -0.047514 1.843132 0.076055
v -0.052471 1.844383 0.071101
v -0.057321 1.845540 0.066012
v -0.061988 1.846726 0.060766
v -0.065975 1.848005 0.055032
v -0.069325 1.849412 0.048909
v -0.072051 1.851025 0.042544
v -0.073885 1.853046 0.035988
v -0.074761 1.855581 0.029411
v -0.075049 1.858409 0.022879
v -0.075259 1.861273 0.016359
v -0.075133 1.864270 0.009915
v -0.073984 1.867612 0.003766
v -0.071775 1.871124 -0.002018
v -0.068828 1.874425 -0.007575
v -0.064920 1.877436 -0.012698
v -0.060245 1.880217 -0.017276
v -0.054821 1.882649 -0.021179
v -0.048813 1.884699 -0.024407
v -0.042549 1.886522 -0.027263
v -0.036092 1.888141 -0.029804
v -0.029636 1.889759 -0.032345
v -0.023180 1.891377 -0.034885
v -0.016724 1.892996 -0.037426
l 161 162 163 164 165 166 167 168 169 170 171 172 173 174 175 176 177 178 179 180 181 182 183 184 185 186 187 188 189 190 191 192
g card_6
v 0.005273 1.867848 -0.012801
v 0.005387 1.869158 -0.012855
v 0.005501 1.870468 -0.012909
v 0.005634 1.871776 -0.012976
v 0.005769 1.873084 -0.013044
v 0.005909 1.874390 -0.013118
v 0.006050 1.875697 -0.013193
v 0.006203 1.877001 -0.013280
v 0.006362 1.878304 -0.013373
v 0.006543 1.879602 -0.013487
v 0.006744 1.880896 -0.013620
v 0.006978 1.882180 -0.013785
v 0.007263 1.883447 -0.013999
v 0.007587 1.884693 -0.014253
v 0.008025 1.885879 -0.014618
v 0.008494 1.887037 -0.015013
v 0.009154 1.888012 -0.015600
v 0.009817 1.888985 -0.016189
v 0.010592 1.889781 -0.016893
v 0.011368 1.890577 -0.017598
v 0.012173 1.890363 -0.018551
v 0.012978 1.890028 -0.019536
v 0.013784 1.889693 -0.020522
v 0.014589 1.889358 -0.021508
v 0.015394 1.889023 -0.022493
v 0.016200 1.888688 -0.023479
v 0.017005 1.888353 -0.024465
v 0.017810 1.888018 -0.025450
v 0.018615 1.887683 -0.026436
v 0.019421 1.887348 -0.027422
v 0.020226 1.887013 -0.028407
v 0.021031 1.886678 -0.029393
l 193 194 195 196 197 198 199 200 201 202 203 204 205 206 207 208 209 210 211 212 213 214 215 216 217 218 219 220 221 222 223 224
v -0.036283 1.856260 -0.039040
v -0.038271 1.861595 -0.040582
v -0.040193 1.866971 -0.042061
v -0.042030 1.872398 -0.043463
v -0.043867 1.877856 -0.044742
v -0.045684 1.883346 -0.045888
v -0.047464 1.888897 -0.046794
v -0.049107 1.894544 -0.047058
v -0.050612 1.900196 -0.046772
v -0.051759 1.905758 -0.045177
v -0.052372 1.910672 -0.042185
v -0.052574 1.915096 -0.038359
v -0.051600 1.918178 -0.033425
v -0.050195 1.920733 -0.028335
v -0.048444 1.922867 -0.023124
v -0.044714 1.922753 -0.018570
v -0.040499 1.922272 -0.014473
v -0.036047 1.921639 -0.010660
v -0.031203 1.920173 -0.007652
v -0.026100 1.918604 -0.005169
v -0.020823 1.916564 -0.003564
v -0.015471 1.914197 -0.002893
v -0.010180 1.911608 -0.003059
v -0.004952 1.908972 -0.003765
v 0.000077 1.906158 -0.004985
v 0.004787 1.903181 -0.006917
v 0.009419 1.900229 -0.009047
v 0.013842 1.897096 -0.011375
v 0.017528 1.893970 -0.014695
v 0.020266 1.891352 -0.019212
v 0.022790 1.888889 -0.023940
v 0.025344 1.886635 -0.028756
l 225 226 227 228 229 230 231 232 233 234 235 236 237 238 239 240 241 242 243 244 245 246 247 248 249 250 251 252 253 254 255 256
g card_7
v -0.022236 1.864687 -0.011384
v -0.023648 1.871302 -0.011692
v -0.024849 1.877957 -0.011965
v -0.025865 1.884646 -0.012213
v -0.026711 1.891359 -0.012450
v -0.027113 1.898114 -0.012650
v -0.026996 1.904868 -0.012806
v -0.026290 1.911588 -0.012885
v -0.024726 1.918174 -0.012780
v -0.022320 1.924487 -0.012569
v -0.019368 1.930560 -0.012340
v -0.015937 1.936389 -0.012124
v -0.012038 1.941923 -0.011985
v -0.006694 1.945824 -0.012506
v -0.000791 1.948910 -0.013702
v 0.005307 1.951306 -0.015397
v 0.011458 1.953207 -0.017474
v 0.017597 1.954541 -0.019977
v 0.023714 1.955275 -0.022773
v 0.029602 1.955218 -0.026087
v 0.035307 1.954588 -0.029671
v 0.040693 1.953087 -0.033478
v 0.045815 1.950855 -0.037293
v 0.050697 1.948069 -0.041058
v 0.055252 1.944620 -0.044675
v 0.059546 1.940697 -0.048137
v 0.063531 1.936309 -0.051404
v 0.067151 1.931496 -0.054489
v 0.070374 1.926344 -0.057469
v 0.072801 1.920709 -0.060252
v 0.074140 1.914513 -0.062586
v 0.074737 1.908052 -0.064505
l 257 258 259 260 261 262 263 264 265 266 267 268 269 270 271 272 273 274 275 276 277 278 279 280 281 282 283 284 285 286 287 288
g card_8
v -0.010645 1.866412 -0.022364
v -0.011375 1.872327 -0.022915
v -0.011708 1.878290 -0.023187
v -0.011700 1.884269 -0.023189
v -0.011317 1.890219 -0.022865
v -0.010209 1.896025 -0.021923
v -0.007979 1.901215 -0.020029
v -0.004796 1.905613 -0.017678
v -0.000814 1.909216 -0.015106
v 0.003753 1.912104 -0.012539
v 0.008789 1.914346 -0.010206
v 0.014009 1.916318 -0.008050
v 0.019584 1.917769 -0.006765
v 0.025507 1.918428 -0.006912
v 0.031411 1.918564 -0.007833
v 0.037206 1.918224 -0.009274
v 0.042843 1.917656 -0.011200
v 0.048249 1.916832 -0.013620
v 0.053347 1.915845 -0.016593
v 0.058148 1.914568 -0.019911
v 0.062475 1.912893 -0.023680
v 0.066427 1.910959 -0.027735
v 0.070022 1.908838 -0.032020
v 0.072714 1.906419 -0.036773
v 0.075087 1.903878 -0.041644
v 0.077229 1.901248 -0.046575
v 0.079046 1.898509 -0.051574
v 0.080538 1.895677 -0.056631
v 0.081874 1.892808 -0.061711
v 0.082340 1.889838 -0.066854
v 0.082073 1.886802 -0.072003
v 0.081205 1.883779 -0.077093
l 289 290 291 292 293 294 295 296 297 298 299 300 301 302 303 304 305 306 307 308 309 310 311 312 313 314 315 316 317 318 319 320
g card_9
v -0.039957 1.845432 -0.057681
v -0.041719 1.847254 -0.058696
v -0.043931 1.848764 -0.059185
v -0.046304 1.850095 -0.059357
v -0.048742 1.851321 -0.059307
v -0.051195 1.852498 -0.059096
v -0.053636 1.853676 -0.058763
v -0.056047 1.854884 -0.058341
v -0.058427 1.856132 -0.057858
v -0.060783 1.857410 -0.057336
v -0.063079 1.858749 -0.056726
v -0.065243 1.860206 -0.055925
v -0.067330 1.861732 -0.055049
v -0.069408 1.863316 -0.054258
v -0.071478 1.864958 -0.053573
v -0.073543 1.866633 -0.052949
v -0.075608 1.868307 -0.052324
v -0.077672 1.869981 -0.051699
v -0.079737 1.871655 -0.051075
v -0.081801 1.873330 -0.050450
v -0.083866 1.875004 -0.049826
v -0.085898 1.876709 -0.049179
v -0.087740 1.878568 -0.048417
v -0.089297 1.880670 -0.047654
v -0.090703 1.882929 -0.047051
v -0.091980 1.885283 -0.046525
v -0.093026 1.887754 -0.046027
v -0.093819 1.890323 -0.045558
v -0.094609 1.892875 -0.044996
v -0.094885 1.895532 -0.044460
v -0.094676 1.898214 -0.044006
v -0.094336 1.900891 -0.043590
l 321 322 323 324 325 326 327 328 329 330 331 332 333 334 335 336 337 338 339 340 341 342 343 344 345 346 347 348 349 350 351 352
g card_14
v 0.008948 1.848528 -0.069278
v 0.010025 1.854208 -0.073285
v 0.011042 1.859937 -0.077237
v 0.012037 1.865699 -0.081147
v 0.013231 1.871414 -0.085070
v 0.014765 1.877057 -0.088972
v 0.016746 1.882575 -0.092820
v 0.019694 1.887783 -0.096517
v 0.024437 1.891839 -0.099538
v 0.030233 1.894695 -0.101814
v 0.037046 1.895926 -0.103057
v 0.043925 1.895154 -0.102223
v 0.050556 1.893732 -0.100558
v 0.056863 1.891794 -0.098149
v 0.061719 1.889214 -0.093767
v 0.065633 1.886600 -0.088634
v 0.068534 1.883980 -0.082785
v 0.070552 1.881193 -0.076674
v 0.071698 1.878305 -0.070375
v 0.071541 1.875396 -0.063986
v 0.069903 1.872765 -0.057741
v 0.066429 1.870850 -0.051981
v 0.061129 1.870416 -0.047477
v 0.054953 1.870647 -0.044163
v 0.048348 1.871205 -0.041811
v 0.041706 1.871829 -0.039585
v 0.034894 1.872850 -0.038253
v 0.028022 1.874269 -0.038069
v 0.021264 1.875828 -0.039215
v 0.014709 1.877125 -0.041315
v 0.008331 1.878343 -0.044017
v 0.001938 1.880240 -0.046227
l 353 354 355 356 357 358 359 360 361 362 363 364 365 366 367 368 369 370 371 372 373 374 375 376 377 378 379 380 381 382 383 384
g card_16
v -0.006480 1.823263 0.091304
v -0.006183 1.825791 0.094757
v -0.004720 1.828880 0.097329
v -0.002591 1.832074 0.099225
v 0.000255 1.835093 0.100232
v 0.003581 1.837766 0.100510
v 0.007227 1.839986 0.100235
v 0.011092 1.841693 0.099559
v 0.015084 1.842920 0.098613
v 0.019131 1.843805 0.097511
v 0.023168 1.843700 0.096250
v 0.027123 1.842856 0.094828
v 0.030974 1.841856 0.093227
v 0.034747 1.840889 0.091432
v 0.038408 1.839695 0.089551
v 0.041961 1.838231 0.087647
v 0.045448 1.836700 0.085673
v 0.048877 1.835202 0.083577
v 0.052263 1.833737 0.081388
v 0.055632 1.832276 0.079171
v 0.058939 1.830791 0.076878
v 0.062098 1.829384 0.074343
v 0.065075 1.828348 0.071442
v 0.068006 1.827757 0.068371
v 0.070977 1.827230 0.065321
v 0.073967 1.826825 0.062272
v 0.076656 1.826837 0.058936
v 0.078912 1.827447 0.055345
v 0.081062 1.828227 0.051717
v 0.083202 1.829066 0.048095
v 0.085341 1.829908 0.044473
v 0.086858 1.831096 0.040641
l 385 386 387 388 389 390 391 392 393 394 395 396 397 398 399 400 401 402 403 404 405 406 407 408 409 410 411 412 413 414 415 416
g card_17
v 0.024141 1.827823 0.084715
v 0.028924 1.830298 0.086953
v 0.034667 1.831148 0.085650
v 0.040204 1.831632 0.083522
v 0.045477 1.831965 0.080780
v 0.050449 1.832341 0.077526
v 0.055120 1.832784 0.073860
v 0.059522 1.833282 0.069879
v 0.063687 1.833913 0.065668
v 0.067362 1.834827 0.061088
v 0.070431 1.836099 0.056156
v 0.073184 1.837558 0.051077
v 0.075610 1.839138 0.045878
v 0.077393 1.840997 0.040523
v 0.078504 1.843177 0.035100
v 0.079269 1.845513 0.029672
v 0.079800 1.847916 0.024250
v 0.079742 1.850510 0.018905
v 0.079093 1.853384 0.013729
v 0.078068 1.856496 0.008770
v 0.076371 1.859610 0.003991
v 0.074333 1.862484 -0.000811
v 0.072077 1.865667 -0.005298
v 0.069264 1.869012 -0.009339
v 0.065930 1.871981 -0.013275
v 0.062070 1.874717 -0.016893
v 0.057828 1.877198 -0.020254
v 0.053191 1.879607 -0.023115
v 0.048384 1.881923 -0.025767
v 0.043559 1.884134 -0.028457
v 0.038184 1.886261 -0.029899
v 0.032693 1.888349 -0.030892
l 417 418 419 420 421 422 423 424 425 426 427 428 429 430 431 432 433 434 435 436 437 438 439 440 441 442 443 444 445 446 447 448
g card_18
v -0.002790 1.831155 0.087036
v -0.014026 1.833229 0.091345
v -0.026231 1.830906 0.089679
v -0.037727 1.826642 0.087133
v -0.048078 1.820338 0.084009
v -0.056899 1.812169 0.080525
v -0.064044 1.802549 0.076855
v -0.069732 1.792002 0.073124
v -0.074485 1.780990 0.069391
v -0.075676 1.768969 0.066008
v -0.076656 1.756897 0.062663
v -0.077597 1.744818 0.059331
v -0.079029 1.732737 0.056197
v -0.080895 1.720701 0.053115
v -0.083943 1.708961 0.049907
v -0.087793 1.697439 0.046707
v -0.092023 1.686020 0.043615
v -0.096323 1.674564 0.040764
v -0.100020 1.662827 0.038296
v -0.102519 1.650698 0.036321
v -0.103765 1.638300 0.034830
v -0.103628 1.625807 0.033905
v -0.102114 1.613346 0.033581
v -0.099765 1.601011 0.033603
v -0.096599 1.588862 0.033927
v -0.092797 1.576907 0.034586
v -0.089119 1.564966 0.035807
v -0.086649 1.552789 0.037565
v -0.086059 1.540466 0.039641
v -0.089084 1.528641 0.042301
v -0.096618 1.519054 0.045199
v -0.107200 1.512883 0.047997
l 449 450 451 452 453 454 455 456 457 458 459 460 461 462 463 464 465 466 467 468 469 470 471 472 473 474 475 476 477 478 479 480
g card_19
v -0.002698 1.812172 0.096389
v -0.012511 1.809548 0.102147
v -0.022920 1.803648 0.102080
v -0.032008 1.795906 0.101735
v -0.039167 1.786369 0.101349
v -0.044046 1.775476 0.101019
v -0.046820 1.763839 0.100791
v -0.048068 1.751919 0.100695
v -0.048539 1.739934 0.100720
v -0.047555 1.727999 0.101412
v -0.046723 1.716071 0.102381
v -0.046652 1.704099 0.103091
v -0.049063 1.692449 0.102186
v -0.053385 1.681510 0.100031
v -0.059022 1.671389 0.097009
v -0.065884 1.662378 0.093169
v -0.073243 1.653876 0.088994
v -0.080380 1.645251 0.084693
v -0.087002 1.636303 0.080237
v -0.092905 1.626860 0.075814
v -0.097846 1.616775 0.071651
v -0.100828 1.605833 0.068257
v -0.100463 1.594139 0.066585
v -0.096742 1.582895 0.067140
v -0.090331 1.573199 0.069713
v -0.082154 1.565610 0.073868
v -0.072901 1.560316 0.079363
v -0.063646 1.555473 0.085259
v -0.054435 1.551007 0.091511
v -0.045634 1.546012 0.097946
v -0.038658 1.538106 0.103667
v -0.038519 1.526378 0.105738
l 481 482 483 484 485 486 487 488 489 490 491 492 493 494 495 496 497 498 499 500 501 502 503 504 505 506 507 508 509 510 511 512
g card_20
v -0.002716 1.822284 0.092161
v -0.018041 1.820386 0.098365
v -0.033266 1.812862 0.096329
v -0.046051 1.801875 0.093728
v -0.055499 1.787931 0.090898
v -0.061882 1.772310 0.087920
v -0.066135 1.755984 0.084736
v -0.069168 1.739429 0.081288
v -0.071736 1.722855 0.077555
v -0.074676 1.706444 0.073405
v -0.078822 1.690202 0.069627
v -0.083308 1.673919 0.066459
v -0.086214 1.657147 0.064159
v -0.085186 1.640086 0.063129
v -0.080795 1.623532 0.063322
v -0.073646 1.608022 0.064647
v -0.066238 1.592765 0.067316
v -0.060522 1.577168 0.071492
v -0.058748 1.561079 0.076654
v -0.062141 1.545270 0.081712
v -0.070633 1.531335 0.086191
v -0.083001 1.520309 0.090217
v -0.097247 1.511490 0.093971
v -0.111607 1.502898 0.097787
v -0.123998 1.492265 0.102315
v -0.131488 1.478302 0.108267
v -0.132437 1.462882 0.115121
v -0.126042 1.448757 0.122125
v -0.114321 1.437651 0.128003
v -0.102353 1.426647 0.133525
v -0.095177 1.412957 0.141033
v -0.099653 1.399827 0.151172
l 513 514 515 516 517 518 519 520 521 522 523 524 525 526 527 528 529 530 531 532 533 534 535 536 537 538 539 540 541 542 543 544
g card_21
v -0.007534 1.813076 0.095686
v 0.003569 1.809320 0.103684
v 0.015811 1.801553 0.104674
v 0.026107 1.791349 0.104876
v 0.033776 1.779034 0.104562
v 0.038883 1.765443 0.103855
v 0.041901 1.751237 0.102823
v 0.043513 1.736806 0.101556
v 0.044343 1.722315 0.100169
v 0.043866 1.707843 0.098436
v 0.045145 1.693485 0.096268
v 0.048660 1.679620 0.093518
v 0.053650 1.666302 0.090344
v 0.060884 1.654060 0.087310
v 0.068480 1.641955 0.084406
v 0.075803 1.629644 0.081685
v 0.081896 1.616619 0.079475
v 0.086305 1.602845 0.077891
v 0.088177 1.588504 0.077300
v 0.086718 1.574193 0.078380
v 0.082055 1.560770 0.081119
v 0.074993 1.548699 0.085043
v 0.066450 1.537973 0.089923
v 0.057231 1.528143 0.095487
v 0.048287 1.518385 0.101584
v 0.040371 1.508054 0.108111
v 0.034381 1.496343 0.114078
v 0.032522 1.482436 0.116964
v 0.036570 1.468723 0.114988
v 0.045548 1.458009 0.111248
v 0.058477 1.451952 0.108401
v 0.072699 1.449139 0.106821
l 545 546 547 548 549 550 551 552 553 554 555 556 557 558 559 560 561 562 563 564 565 566 567 568 569 570 571 572 573 574 575 576
g card_22
v 0.070752 1.700015 0.011289
v 0.077446 1.692947 0.010986
v 0.080914 1.683944 0.010488
v 0.083226 1.674500 0.010126
v 0.084687 1.664882 0.010004
v 0.085612 1.655194 0.010211
v 0.086336 1.645509 0.010877
v 0.087059 1.635880 0.012103
v 0.087831 1.626335 0.013868
v 0.088629 1.616869 0.016012
v 0.089350 1.607483 0.018445
v 0.088746 1.598665 0.022522
v 0.087177 1.590190 0.027041
v 0.084553 1.582234 0.031962
v 0.080642 1.575091 0.037295
v 0.076133 1.568378 0.042716
v 0.071203 1.562006 0.048185
v 0.066038 1.555887 0.053728
v 0.060715 1.549976 0.059346
v 0.055304 1.544240 0.065061
v 0.049907 1.538449 0.070731
v 0.044913 1.532219 0.076290
v 0.041007 1.525248 0.081800
v 0.038597 1.517497 0.087120
v 0.038523 1.509114 0.091869
v 0.041403 1.500704 0.095568
v 0.047440 1.493595 0.097740
v 0.055457 1.488263 0.098756
v 0.064499 1.484755 0.098936
v 0.074052 1.483183 0.098244
v 0.083439 1.484519 0.096308
v 0.090499 1.490041 0.092761
l 577 578 579 580 581 582 583 584 585 586 587 588 589 590 591 592 593 594 595 596 597 598 599 600 601 602 603 604 605 606 607 608
v 0.066790 1.787885 0.057902
v 0.075075 1.778108 0.056661
v 0.077807 1.766512 0.051247
v 0.080098 1.755164 0.045142
v 0.081686 1.743637 0.039157
v 0.082560 1.731800 0.033651
v 0.082811 1.719680 0.028727
v 0.082578 1.707342 0.024370
v 0.082017 1.694858 0.020474
v 0.080830 1.682092 0.018060
v 0.079294 1.669168 0.016676
v 0.078056 1.656168 0.015875
v 0.077820 1.643141 0.016381
v 0.078437 1.630293 0.018633
v 0.079162 1.617624 0.021847
v 0.079084 1.605181 0.025773
v 0.077455 1.593289 0.030895
v 0.073895 1.582421 0.037075
v 0.068344 1.572885 0.044079
v 0.061809 1.564266 0.051432
v 0.054823 1.556371 0.059192
v 0.047891 1.548623 0.067144
v 0.041579 1.540419 0.075117
v 0.036671 1.531026 0.082784
v 0.032977 1.520850 0.090094
v 0.031837 1.509675 0.096514
v 0.036278 1.498154 0.100578
v 0.044961 1.488632 0.102488
v 0.056634 1.482753 0.102710
v 0.069327 1.479788 0.101661
v 0.082104 1.480685 0.098998
v 0.092899 1.486498 0.094409
l 609 610 611 612 613 614 615 616 617 618 619 620 621 622 623 624 625 626 627 628 629 630 631 632 633 634 635 636 637 638 639 640
g card_23
v -0.041633 1.820211 0.081097
v -0.052861 1.810087 0.084278
v -0.059375 1.795911 0.082130
v -0.064193 1.781088 0.079847
v -0.067768 1.765950 0.077305
v -0.070729 1.750724 0.074494
v -0.073606 1.735530 0.071425
v -0.076829 1.720464 0.068088
v -0.080579 1.705576 0.064515
v -0.085641 1.691224 0.060450
v -0.091000 1.677016 0.056210
v -0.094991 1.662301 0.052306
v -0.096574 1.647008 0.049088
v -0.094876 1.631595 0.046984
v -0.090266 1.616614 0.046020
v -0.083616 1.602364 0.046077
v -0.076820 1.588356 0.048040
v -0.071785 1.574032 0.052032
v -0.069600 1.559295 0.056864
v -0.071164 1.544523 0.061685
v -0.076583 1.530545 0.066235
v -0.085020 1.518057 0.070636
v -0.095522 1.507330 0.075352
v -0.106747 1.497641 0.080657
v -0.116418 1.487017 0.086956
v -0.122529 1.474755 0.094529
v -0.123310 1.461748 0.103002
v -0.116078 1.450345 0.111039
v -0.104971 1.441232 0.117530
v -0.093526 1.432148 0.123450
v -0.088182 1.420418 0.132452
v -0.094433 1.410050 0.142450
l 641 642 643 644 645 646 647 648 649 650 651 652 653 654 655 656 657 658 659 660 661 662 663 664 665 666 667 668 669 670 671 672
v -0.019707 1.824556 0.087972
v -0.033872 1.818189 0.091475
v -0.045270 1.806956 0.088724
v -0.054203 1.793678 0.086047
v -0.060576 1.778980 0.083336
v -0.065077 1.763607 0.080470
v -0.068605 1.748011 0.077390
v -0.071868 1.732402 0.074079
v -0.075202 1.716847 0.070584
v -0.079101 1.701535 0.066636
v -0.084895 1.686964 0.062287
v -0.090151 1.672177 0.057944
v -0.093313 1.656728 0.054012
v -0.093040 1.640788 0.051207
v -0.089694 1.625001 0.049606
v -0.083872 1.609854 0.049333
v -0.076995 1.595171 0.050601
v -0.071120 1.580383 0.053731
v -0.068059 1.565133 0.058168
v -0.068419 1.549663 0.062950
v -0.072360 1.534688 0.067521
v -0.079957 1.521130 0.071997
v -0.090270 1.509631 0.076997
v -0.101812 1.499542 0.082487
v -0.112436 1.489045 0.088805
v -0.119693 1.476850 0.096452
v -0.120956 1.463323 0.105052
v -0.114784 1.450925 0.113361
v -0.102920 1.441633 0.119537
v -0.091715 1.431746 0.126017
v -0.086818 1.419230 0.135160
v -0.094207 1.408795 0.145235
l 673 674 675 676 677 678 679 680 681 682 683 684 685 686 687 688 689 690 691 692 693 694 695 696 697 698 699 700 701 702 703 704
g card_25
v -0.004431 1.817010 0.094467
v 0.007576 1.815597 0.101271
v 0.020622 1.809946 0.101310
v 0.032010 1.801508 0.100605
v 0.041039 1.790612 0.099441
v 0.047588 1.778063 0.098012
v 0.052070 1.764621 0.096465
v 0.055163 1.750778 0.094897
v 0.057455 1.736777 0.093351
v 0.058396 1.722606 0.091889
v 0.059914 1.708503 0.090265
v 0.062740 1.694659 0.088239
v 0.067038 1.681277 0.085774
v 0.071756 1.668162 0.082693
v 0.075445 1.654911 0.078916
v 0.078053 1.641481 0.074860
v 0.079669 1.627797 0.071165
v 0.080379 1.613890 0.068063
v 0.080007 1.599798 0.065985
v 0.078751 1.585623 0.065049
v 0.076502 1.571593 0.065664
v 0.072503 1.558276 0.068376
v 0.067094 1.545750 0.072566
v 0.061584 1.533422 0.077198
v 0.056830 1.520908 0.082049
v 0.053934 1.507733 0.086675
v 0.052870 1.494206 0.090889
v 0.055328 1.480714 0.094155
v 0.063011 1.468878 0.096021
v 0.073280 1.459221 0.097247
v 0.086665 1.454596 0.097855
v 0.100694 1.457248 0.097854
l 705 706 707 708 709 710 711 712 713 714 715 716 717 718 719 720 721 722 723 724 725 726 727 728 729 730 731 732 733 734 735 736
v 0.005686 1.813119 0.095847
v 0.016589 1.808731 0.102319
v 0.027325 1.800151 0.102118
v 0.035975 1.789515 0.101345
v 0.042284 1.777352 0.100215
v 0.046586 1.764339 0.098893
v 0.049426 1.750924 0.097485
v 0.051347 1.737343 0.096043
v 0.052817 1.723704 0.094587
v 0.054128 1.710057 0.093049
v 0.056871 1.696683 0.091109
v 0.060753 1.683648 0.088832
v 0.065139 1.670922 0.085829
v 0.068986 1.658149 0.082331
v 0.071917 1.645222 0.078536
v 0.073730 1.632042 0.074940
v 0.074537 1.618636 0.071835
v 0.074378 1.605059 0.069494
v 0.073443 1.591395 0.067906
v 0.071696 1.577753 0.067467
v 0.068658 1.564465 0.068959
v 0.064183 1.551902 0.072339
v 0.059042 1.539922 0.076832
v 0.054306 1.527969 0.081808
v 0.050657 1.515591 0.086632
v 0.048616 1.502727 0.091040
v 0.048882 1.489481 0.094784
v 0.051827 1.476575 0.097713
v 0.060344 1.465833 0.099002
v 0.070896 1.457116 0.100013
v 0.083790 1.452448 0.100518
v 0.097505 1.453937 0.100573
l 737 738 739 740 741 742 743 744 745 746 747 748 749 750 751 752 753 754 755 756 757 758 759 760 761 762 763 764 765 766 767 768
g card_26
v -0.001435 1.819639 0.093501
v -0.014304 1.816567 0.098927
v -0.026919 1.809246 0.097865
v -0.037760 1.799549 0.096722
v -0.045965 1.787543 0.095781
v -0.051312 1.773963 0.095168
v -0.054424 1.759660 0.094783
v -0.056143 1.745105 0.094460
v -0.057229 1.730486 0.094071
v -0.057881 1.715874 0.092996
v -0.060055 1.701454 0.091446
v -0.063987 1.687502 0.089269
v -0.070067 1.674540 0.086198
v -0.076392 1.661694 0.083025
v -0.081676 1.648659 0.078937
v -0.086576 1.635562 0.074516
v -0.090283 1.622247 0.069683
v -0.091560 1.608789 0.064185
v -0.091786 1.595308 0.058414
v -0.089794 1.581807 0.053520
v -0.085688 1.568306 0.049535
v -0.079875 1.555270 0.047334
v -0.072216 1.542771 0.047540
v -0.065406 1.530380 0.050184
v -0.061796 1.518538 0.057391
v -0.063774 1.507575 0.066661
v -0.069735 1.497686 0.075700
v -0.076201 1.488042 0.084659
v -0.082152 1.478326 0.093658
v -0.081175 1.467222 0.102971
v -0.071890 1.457972 0.109373
v -0.058119 1.460609 0.113671
l 769 770 771 772 773 774 775 776 777 778 779 780 781 782 783 784 785 786 787 788 789 790 791 792 793 794 795 796 797 798 799 800
v -0.012429 1.813008 0.095015
v -0.023578 1.807067 0.099937
v -0.033412 1.797422 0.098868
v -0.041135 1.786031 0.098007
v -0.046339 1.773260 0.097423
v -0.049436 1.759789 0.097030
v -0.051122 1.746052 0.096690
v -0.052045 1.732237 0.096310
v -0.052694 1.718406 0.095860
v -0.054465 1.704729 0.094633
v -0.057481 1.691334 0.092863
v -0.062958 1.678975 0.090119
v -0.068974 1.666852 0.087162
v -0.074393 1.654614 0.083629
v -0.079312 1.642299 0.079628
v -0.084100 1.629970 0.075508
v -0.086825 1.617413 0.070714
v -0.087494 1.604694 0.065279
v -0.086887 1.591930 0.060027
v -0.084411 1.579145 0.055418
v -0.080375 1.566459 0.051665
v -0.074793 1.554082 0.049613
v -0.067735 1.542200 0.050008
v -0.061589 1.530318 0.052880
v -0.058235 1.518932 0.059589
v -0.059817 1.508411 0.068247
v -0.065552 1.499016 0.076658
v -0.071607 1.489762 0.085001
v -0.077928 1.480650 0.093275
v -0.079617 1.470276 0.102268
v -0.072690 1.460828 0.109662
v -0.059712 1.461308 0.114371
l 801 802 803 804 805 806 807 808 809 810 811 812 813 814 815 816 817 818 819 820 821 822 823 824 825 826 827 828 829 830 831 832
g card_27
v 0.040028 1.810868 0.086625
v 0.050409 1.801433 0.090037
v 0.057036 1.788672 0.087372
v 0.062246 1.775328 0.084429
v 0.066227 1.761618 0.081247
v 0.069268 1.747739 0.077766
v 0.071669 1.733831 0.073911
v 0.073735 1.719972 0.069698
v 0.075753 1.706177 0.065257
v 0.078191 1.692456 0.060827
v 0.081366 1.678774 0.056737
v 0.084421 1.664913 0.053218
v 0.086499 1.650743 0.050309
v 0.087030 1.636288 0.048509
v 0.085249 1.621822 0.048517
v 0.081126 1.607900 0.050124
v 0.075542 1.594609 0.052629
v 0.070342 1.581273 0.055399
v 0.068663 1.566954 0.057765
v 0.069918 1.552602 0.060267
v 0.073347 1.538616 0.062801
v 0.080070 1.525849 0.065230
v 0.088828 1.514360 0.067554
v 0.099504 1.504599 0.069714
v 0.110382 1.496620 0.075292
v 0.120343 1.491711 0.084759
v 0.119281 1.486516 0.097942
v 0.109260 1.480138 0.106428
v 0.097573 1.472389 0.110597
v 0.087999 1.462353 0.115235
v 0.085968 1.449413 0.121758
v 0.092065 1.438061 0.128686
l 833 834 835 836 837 838 839 840 841 842 843 844 845 846 847 848 849 850 851 852 853 854 855 856 857 858 859 860 861 862 863 864
v 0.024145 1.818115 0.090249
v 0.036402 1.810924 0.094486
v 0.046308 1.799834 0.092000
v 0.054241 1.787342 0.089133
v 0.060226 1.773848 0.086051
v 0.064609 1.759786 0.082772
v 0.067836 1.745483 0.079183
v 0.070364 1.731134 0.075215
v 0.072565 1.716824 0.070921
v 0.074913 1.702659 0.066247
v 0.077679 1.688563 0.061593
v 0.080867 1.674451 0.057268
v 0.083601 1.660092 0.053565
v 0.084976 1.645333 0.050833
v 0.084538 1.630371 0.049570
v 0.081617 1.615669 0.050262
v 0.076503 1.601648 0.052469
v 0.071100 1.587843 0.055258
v 0.067345 1.573492 0.057924
v 0.066315 1.558788 0.060488
v 0.069684 1.544315 0.063067
v 0.075072 1.530437 0.065489
v 0.082601 1.517595 0.067699
v 0.093503 1.507340 0.069697
v 0.104647 1.497738 0.072985
v 0.115561 1.492423 0.081970
v 0.120104 1.486721 0.094789
v 0.112810 1.480770 0.106197
v 0.100591 1.473192 0.110784
v 0.089773 1.463762 0.115187
v 0.086948 1.450547 0.121850
v 0.092844 1.438748 0.129205
l 865 866 867 868 869 870 871 872 873 874 875 876 877 878 879 880 881 882 883 884 885 886 887 888 889 890 891 892 893 894 895 896
g card_28
v 0.014199 1.828162 0.087015
v 0.015548 1.832951 0.089840
v 0.017028 1.838503 0.089661
v 0.018622 1.843827 0.088172
v 0.020137 1.848868 0.085843
v 0.021435 1.853673 0.082948
v 0.022540 1.858238 0.079619
v 0.023488 1.862568 0.075943
v 0.024280 1.866744 0.072055
v 0.024986 1.870752 0.067984
v 0.025592 1.874475 0.063632
v 0.026038 1.878013 0.059112
v 0.026210 1.881302 0.054388
v 0.026105 1.884258 0.049454
v 0.025631 1.886672 0.044258
v 0.024756 1.888554 0.038885
v 0.023729 1.890341 0.033505
v 0.022698 1.892057 0.028105
v 0.021652 1.893514 0.022632
v 0.020502 1.894746 0.017127
v 0.018857 1.895956 0.011742
v 0.016990 1.896838 0.006368
v 0.014668 1.897535 0.001143
v 0.012189 1.897945 -0.004037
v 0.009165 1.898165 -0.008930
v 0.005573 1.898152 -0.013434
v 0.002030 1.898054 -0.017974
v -0.001244 1.897967 -0.022711
v -0.004896 1.897563 -0.027145
v -0.008922 1.896696 -0.031173
v -0.012774 1.895503 -0.035286
v -0.016970 1.893804 -0.038850
l 897 898 899 900 901 902 903 904 905 906 907 908 909 910 911 912 913 914 915 916 917 918 919 920 921 922 923 924 925 926 927 928
g card_29
v 0.015472 1.828444 0.086543
v 0.021130 1.829141 0.087514
v 0.026714 1.828911 0.085920
v 0.032060 1.830258 0.084049
v 0.036972 1.832547 0.081911
v 0.041470 1.835318 0.079452
v 0.045557 1.838386 0.076648
v 0.049322 1.841555 0.073524
v 0.052818 1.844766 0.070137
v 0.055978 1.847956 0.066453
v 0.058452 1.851093 0.062205
v 0.060800 1.854117 0.057814
v 0.062673 1.856988 0.053101
v 0.064096 1.859674 0.048132
v 0.064911 1.862101 0.042904
v 0.064987 1.864344 0.037525
v 0.064514 1.866626 0.032185
v 0.063549 1.868734 0.026834
v 0.062384 1.870746 0.021497
v 0.060525 1.873167 0.016534
v 0.058218 1.875834 0.011889
v 0.055903 1.878437 0.007215
v 0.053525 1.880506 0.002311
v 0.051058 1.882222 -0.002680
v 0.047980 1.884195 -0.007221
v 0.044420 1.886053 -0.011450
v 0.040981 1.887744 -0.015844
v 0.037825 1.889324 -0.020486
v 0.034462 1.890554 -0.025087
v 0.030738 1.891359 -0.029502
v 0.026730 1.892174 -0.033658
v 0.022358 1.893142 -0.037394
l 929 930 931 932 933 934 935 936 937 938 939 940 941 942 943 944 945 946 947 948 949 950 951 952 953 954 955 956 957 958 959 960
v 0.033661 1.828787 0.080597
v 0.037338 1.832308 0.081429
v 0.041093 1.835368 0.079467
v 0.044607 1.838412 0.077079
v 0.047869 1.841420 0.074317
v 0.050877 1.844379 0.071232
v 0.053649 1.847288 0.067888
v 0.056210 1.850153 0.064343
v 0.058632 1.852986 0.060675
v 0.060644 1.855675 0.056683
v 0.062217 1.858209 0.052393
v 0.063482 1.860609 0.047925
v 0.064166 1.862727 0.043218
v 0.064233 1.864743 0.038399
v 0.063835 1.866772 0.033602
v 0.063088 1.868672 0.028789
v 0.062109 1.870500 0.023990
v 0.060781 1.872474 0.019344
v 0.058982 1.874717 0.014986
v 0.056914 1.877109 0.010821
v 0.054821 1.879301 0.006570
v 0.052675 1.880999 0.002116
v 0.050398 1.882563 -0.002318
v 0.047691 1.884276 -0.006445
v 0.044586 1.885969 -0.010295
v 0.041395 1.887507 -0.014135
v 0.038608 1.888933 -0.018323
v 0.035823 1.890284 -0.022531
v 0.032583 1.891123 -0.026549
v 0.029203 1.891809 -0.030478
v 0.025543 1.892567 -0.034136
v 0.021668 1.893415 -0.037544
l 961 962 963 964 965 966 967 968 969 970 971 972 973 974 975 976 977 978 979 980 981 982 983 984 985 986 987 988 989 990 991 992
g card_30
v -0.054197 1.805407 0.076290
v -0.058259 1.803303 0.075557
v -0.061037 1.800299 0.073256
v -0.063762 1.797294 0.070894
v -0.066392 1.794284 0.068435
v -0.068871 1.791255 0.065845
v -0.071179 1.788208 0.063123
v -0.073350 1.785157 0.060293
v -0.075433 1.782119 0.057383
v -0.077300 1.779176 0.054246
v -0.078960 1.776339 0.050897
v -0.080460 1.773747 0.047290
v -0.081844 1.771641 0.043346
v -0.083157 1.769775 0.039244
v -0.084426 1.767893 0.035135
v -0.085676 1.766004 0.031023
v -0.086928 1.764135 0.026904
v -0.088192 1.762428 0.022721
v -0.089423 1.761180 0.018382
v -0.090579 1.760450 0.013893
v -0.091737 1.759965 0.009371
v -0.092853 1.759807 0.004823
v -0.093853 1.760112 0.000248
v -0.094792 1.760631 -0.004319
v -0.095620 1.761550 -0.008842
v -0.096360 1.762916 -0.013269
v -0.096967 1.764691 -0.017565
v -0.097223 1.766947 -0.021671
v -0.097363 1.769595 -0.025538
v -0.097350 1.772824 -0.028941
v -0.096955 1.776342 -0.032024
v -0.096632 1.780051 -0.034882
l 993 994 995 996 997 998 999 1000 1001 1002 1003 1004 1005 1006 1007 1008 1009 1010 1011 1012 1013 1014 1015 1016 1017 1018 1019 1020 1021 1022 1023 1024
v -0.079513 1.755900 -0.002319
v -0.081364 1.755784 -0.001913
v -0.083196 1.755674 -0.001428
v -0.085049 1.755575 -0.001053
v -0.086930 1.755495 -0.000941
v -0.088806 1.755447 -0.001218
v -0.090439 1.755466 -0.002186
v -0.091708 1.755547 -0.003564
v -0.092655 1.755687 -0.005186
v -0.093348 1.755885 -0.006940
v -0.093875 1.756139 -0.008746
v -0.094313 1.756422 -0.010572
v -0.094655 1.756743 -0.012411
v -0.094970 1.757075 -0.014254
v -0.095165 1.757699 -0.016036
v -0.095355 1.758332 -0.017816
v -0.095545 1.758965 -0.019596
v -0.095728 1.759619 -0.021369
v -0.095858 1.760420 -0.023080
v -0.095945 1.761342 -0.024738
v -0.096033 1.762264 -0.026396
v -0.096120 1.763185 -0.028053
v -0.096111 1.764319 -0.029574
v -0.096053 1.765552 -0.031016
v -0.095995 1.766786 -0.032458
v -0.095911 1.768063 -0.033858
v -0.095749 1.769464 -0.035127
v -0.095564 1.770901 -0.036355
v -0.095379 1.772337 -0.037583
v -0.095194 1.773774 -0.038811
v -0.095009 1.775211 -0.040038
v -0.094824 1.776648 -0.041265
l 1025 1026 1027 1028 1029 1030 1031 1032 1033 1034 1035 1036 1037 1038 1039 1040 1041 1042 1043 1044 1045 1046 1047 1048 1049 1050 1051 1052 1053 1054 1055 1056
g card_32
v -0.043194 1.850699 -0.045225
v -0.043673 1.851605 -0.045613
v -0.044133 1.852517 -0.046011
v -0.044574 1.853434 -0.046419
v -0.044987 1.854361 -0.046835
v -0.045339 1.855303 -0.047270
v -0.045611 1.856257 -0.047726
v -0.045701 1.857230 -0.048224
v -0.045460 1.858142 -0.048751
v -0.044988 1.858961 -0.049261
v -0.044240 1.859619 -0.049718
v -0.043287 1.860034 -0.050043
v -0.042279 1.860360 -0.050314
v -0.041236 1.860612 -0.050539
v -0.040152 1.860726 -0.050643
v -0.039116 1.861050 -0.050681
v -0.038142 1.861553 -0.050662
v -0.037167 1.862055 -0.050642
v -0.036194 1.862559 -0.050623
v -0.035229 1.863080 -0.050617
v -0.034268 1.863607 -0.050617
v -0.033307 1.864135 -0.050616
v -0.032364 1.864694 -0.050610
v -0.031476 1.865338 -0.050587
v -0.030589 1.865982 -0.050564
v -0.029710 1.866636 -0.050520
v -0.028851 1.867311 -0.050431
v -0.027997 1.867991 -0.050332
v -0.027143 1.868671 -0.050232
v -0.026290 1.869352 -0.050128
v -0.025438 1.870034 -0.050020
v -0.024586 1.870716 -0.049913
l 1057 1058 1059 1060 1061 1062 1063 1064 1065 1066 1067 1068 1069 1070 1071 1072 1073 1074 1075 1076 1077 1078 1079 1080 1081 1082 1083 1084 1085 1086 1087 1088
v -0.033275 1.852913 -0.050237
v -0.033560 1.853507 -0.050560
v -0.033866 1.854088 -0.050886
v -0.034210 1.854646 -0.051215
v -0.034536 1.855217 -0.051541
v -0.034852 1.855793 -0.051866
v -0.035129 1.856393 -0.052184
v -0.035375 1.857009 -0.052495
v -0.035570 1.857650 -0.052794
v -0.035650 1.858325 -0.053059
v -0.035668 1.859013 -0.053304
v -0.035463 1.859700 -0.053459
v -0.035179 1.860358 -0.053572
v -0.034783 1.860973 -0.053625
v -0.034322 1.861541 -0.053637
v -0.033827 1.862077 -0.053623
v -0.033225 1.862484 -0.053524
v -0.032651 1.862935 -0.053455
v -0.032079 1.863390 -0.053388
v -0.031508 1.863845 -0.053322
v -0.030936 1.864300 -0.053255
v -0.030365 1.864755 -0.053189
v -0.029793 1.865210 -0.053122
v -0.029221 1.865665 -0.053055
v -0.028650 1.866120 -0.052989
v -0.028078 1.866575 -0.052922
v -0.027508 1.867031 -0.052853
v -0.026946 1.867494 -0.052764
v -0.026387 1.867960 -0.052666
v -0.025829 1.868426 -0.052569
v -0.025270 1.868891 -0.052472
v -0.024712 1.869357 -0.052375
l 1089 1090 1091 1092 1093 1094 1095 1096 1097 1098 1099 1100 1101 1102 1103 1104 1105 1106 1107 1108 1109 1110 1111 1112 1113 1114 1115 1116 1117 1118 1119 1120
g card_33
v -0.070956 1.701387 0.018705
v -0.078447 1.696485 0.018287
v -0.082560 1.688566 0.017296
v -0.084394 1.679850 0.016136
v -0.084534 1.670943 0.014958
v -0.083544 1.662078 0.013844
v -0.081989 1.653281 0.012831
v -0.080236 1.644504 0.011980
v -0.078531 1.635697 0.011379
v -0.077025 1.626846 0.011055
v -0.076398 1.617910 0.011367
v -0.077395 1.609016 0.012227
v -0.078592 1.600174 0.013168
v -0.081165 1.591691 0.014664
v -0.084029 1.583328 0.016303
v -0.087106 1.575104 0.018234
v -0.090282 1.566945 0.020279
v -0.093414 1.558791 0.022388
v -0.095683 1.550541 0.025130
v -0.097036 1.542331 0.028516
v -0.097310 1.534308 0.032561
v -0.096933 1.526472 0.036924
v -0.095076 1.519426 0.042189
v -0.092635 1.512737 0.047676
v -0.089718 1.506451 0.053404
v -0.086598 1.500379 0.059254
v -0.083213 1.494477 0.065131
v -0.079264 1.488936 0.071007
v -0.075416 1.483169 0.076731
v -0.071989 1.476934 0.082228
v -0.069316 1.470109 0.087432
v -0.068831 1.462213 0.091704
l 1121 1122 1123 1124 1125 1126 1127 1128 1129 1130 1131 1132 1133 1134 1135 1136 1137 1138 1139 1140 1141 1142 1143 1144 1145 1146 1147 1148 1149 1150 1151 1152
v -0.064993 1.791949 0.061710
v -0.072228 1.783400 0.058464
v -0.074382 1.773704 0.051976
v -0.076287 1.763914 0.045558
v -0.077926 1.753667 0.039828
v -0.079440 1.742891 0.035137
v -0.080975 1.731696 0.031558
v -0.082535 1.720270 0.028780
v -0.084013 1.708740 0.026411
v -0.084757 1.697045 0.024649
v -0.084396 1.685319 0.022975
v -0.082573 1.673774 0.021100
v -0.080021 1.662324 0.019338
v -0.077183 1.650893 0.017943
v -0.074291 1.639445 0.016787
v -0.072419 1.627794 0.016344
v -0.072463 1.615998 0.016922
v -0.074004 1.604300 0.018072
v -0.076467 1.592804 0.019560
v -0.079897 1.581631 0.021515
v -0.083917 1.570745 0.023979
v -0.087762 1.559908 0.026864
v -0.090577 1.549044 0.030572
v -0.091893 1.538291 0.035392
v -0.091793 1.528053 0.041066
v -0.088562 1.519374 0.048459
v -0.084468 1.511378 0.056210
v -0.080366 1.503392 0.063965
v -0.076261 1.495367 0.071678
v -0.071822 1.487293 0.079152
v -0.067414 1.479017 0.086409
v -0.064714 1.469352 0.092738
l 1153 1154 1155 1156 1157 1158 1159 1160 1161 1162 1163 1164 1165 1166 1167 1168 1169 1170 1171 1172 1173 1174 1175 1176 1177 1178 1179 1180 1181 1182 1183 1184
g card_35
v -0.042681 1.815798 0.082682
v -0.049141 1.817263 0.079952
v -0.054273 1.816284 0.074865
v -0.059727 1.814285 0.070435
v -0.065083 1.811662 0.066207
v -0.070106 1.808619 0.061855
v -0.074790 1.805312 0.057317
v -0.079204 1.801874 0.052607
v -0.083429 1.798428 0.047732
v -0.086825 1.795527 0.041950
v -0.089822 1.793487 0.035607
v -0.092601 1.791940 0.029023
v -0.094640 1.791506 0.022042
v -0.096225 1.791738 0.014910
v -0.097445 1.792543 0.007751
v -0.098166 1.794120 0.000662
v -0.098323 1.796402 -0.006272
v -0.097786 1.799440 -0.012875
v -0.096928 1.802823 -0.019303
v -0.096057 1.806211 -0.025726
v -0.094678 1.809847 -0.031887
v -0.092555 1.813861 -0.037614
v -0.089963 1.818140 -0.042932
v -0.086858 1.822785 -0.047628
v -0.083385 1.827843 -0.051590
v -0.079597 1.833206 -0.054777
v -0.075441 1.838749 -0.057102
v -0.070860 1.844170 -0.058831
v -0.065769 1.849320 -0.059831
v -0.060353 1.854210 -0.060297
v -0.054666 1.858810 -0.060270
v -0.048980 1.863410 -0.060243
l 1185 1186 1187 1188 1189 1190 1191 1192 1193 1194 1195 1196 1197 1198 1199 1200 1201 1202 1203 1204 1205 1206 1207 1208 1209 1210 1211 1212 1213 1214 1215 1216
v -0.055430 1.815906 0.069162
v -0.061850 1.814758 0.067982
v -0.066635 1.811965 0.064239
v -0.071109 1.809079 0.060196
v -0.075285 1.806129 0.055888
v -0.079172 1.803227 0.051290
v -0.082764 1.800507 0.046352
v -0.086072 1.798024 0.041102
v -0.089178 1.795784 0.035621
v -0.091965 1.794021 0.029839
v -0.094040 1.793321 0.023562
v -0.095500 1.793543 0.017043
v -0.096713 1.794201 0.010508
v -0.097532 1.795447 0.003998
v -0.097912 1.797280 -0.002412
v -0.097754 1.799727 -0.008616
v -0.097061 1.802729 -0.014551
v -0.096264 1.805826 -0.020423
v -0.095349 1.808972 -0.026250
v -0.093999 1.812328 -0.031860
v -0.091969 1.816021 -0.037050
v -0.089611 1.819919 -0.041936
v -0.086768 1.824112 -0.046292
v -0.083578 1.828606 -0.050072
v -0.080179 1.833404 -0.053238
v -0.076300 1.838330 -0.055562
v -0.072230 1.843249 -0.057531
v -0.067706 1.848040 -0.058659
v -0.062929 1.852624 -0.059586
v -0.057831 1.856944 -0.059837
v -0.052632 1.861149 -0.059813
v -0.047433 1.865355 -0.059788
l 1217 1218 1219 1220 1221 1222 1223 1224 1225 1226 1227 1228 1229 1230 1231 1232 1233 1234 1235 1236 1237 1238 1239 1240 1241 1242 1243 1244 1245 1246 1247 1248
g card_38
v 0.001451 1.831923 -0.087087
v 0.002059 1.835328 -0.093623
v 0.003510 1.837261 -0.100607
v 0.005350 1.838404 -0.107675
v 0.007251 1.839699 -0.114703
v 0.009009 1.841776 -0.121575
v 0.010534 1.844721 -0.128177
v 0.011757 1.848593 -0.134347
v 0.012583 1.853367 -0.139916
v 0.013139 1.858677 -0.145026
v 0.012666 1.865435 -0.147619
v 0.011964 1.872672 -0.148921
v 0.011418 1.880031 -0.149084
v 0.010928 1.887372 -0.148400
v 0.010399 1.894625 -0.147078
v 0.009847 1.901643 -0.144842
v 0.009543 1.908467 -0.142018
v 0.009410 1.915059 -0.138677
v 0.009471 1.921383 -0.134849
v 0.009753 1.927397 -0.130560
v 0.010024 1.933027 -0.125778
v 0.010484 1.938096 -0.120420
v 0.011125 1.942597 -0.114592
v 0.012060 1.946272 -0.108250
v 0.013258 1.949116 -0.101535
v 0.014535 1.950899 -0.094479
v 0.016110 1.951851 -0.087320
v 0.017508 1.951288 -0.080089
v 0.018926 1.950302 -0.072899
v 0.020357 1.949304 -0.065713
v 0.020509 1.946919 -0.058724
v 0.019412 1.943337 -0.052351
l 1249 1250 1251 1252 1253 1254 1255 1256 1257 1258 1259 1260 1261 1262 1263 1264 1265 1266 1267 1268 1269 1270 1271 1272 1273 1274 1275 1276 1277 1278 1279 1280
g card_39
v 0.039492 1.825183 0.079564
v 0.045477 1.820368 0.079752
v 0.049810 1.814530 0.077175
v 0.055174 1.809901 0.074111
v 0.060933 1.806100 0.070649
v 0.066692 1.802825 0.066686
v 0.072144 1.799897 0.062070
v 0.077173 1.797235 0.056852
v 0.081801 1.794844 0.051152
v 0.086152 1.792699 0.045148
v 0.089576 1.791384 0.038354
v 0.092993 1.790080 0.031554
v 0.095649 1.789818 0.024311
v 0.097573 1.790492 0.016864
v 0.099157 1.791638 0.009396
v 0.100031 1.793780 0.002030
v 0.100486 1.796560 -0.005159
v 0.100541 1.799925 -0.012108
v 0.100057 1.803616 -0.018872
v 0.099066 1.807432 -0.025511
v 0.097563 1.811515 -0.031889
v 0.095341 1.816047 -0.037732
v 0.092653 1.820865 -0.043133
v 0.089272 1.826066 -0.047730
v 0.085397 1.831571 -0.051510
v 0.081047 1.837308 -0.054298
v 0.076336 1.843125 -0.056192
v 0.071170 1.848741 -0.057370
v 0.065606 1.854071 -0.057869
v 0.059803 1.859164 -0.057891
v 0.053792 1.863991 -0.057459
v 0.047780 1.868818 -0.057026
l 1281 1282 1283 1284 1285 1286 1287 1288 1289 1290 1291 1292 1293 1294 1295 1296 1297 1298 1299 1300 1301 1302 1303 1304 1305 1306 1307 1308 1309 1310 1311 1312
v 0.053854 1.810946 0.074169
v 0.060285 1.809738 0.072352
v 0.065163 1.807377 0.068170
v 0.070004 1.805270 0.063815
v 0.074577 1.803336 0.059106
v 0.078798 1.801612 0.054006
v 0.082670 1.800176 0.048550
v 0.086242 1.798929 0.042846
v 0.089634 1.797734 0.037021
v 0.092639 1.796826 0.030958
v 0.094892 1.796718 0.024530
v 0.096520 1.797463 0.017933
v 0.097723 1.798822 0.011343
v 0.098496 1.800703 0.004811
v 0.098900 1.803001 -0.001618
v 0.098991 1.805790 -0.007861
v 0.098704 1.809023 -0.013881
v 0.097839 1.812401 -0.019767
v 0.096497 1.815928 -0.025474
v 0.094746 1.819680 -0.030922
v 0.092655 1.823705 -0.036042
v 0.090118 1.828012 -0.040704
v 0.086917 1.832508 -0.044736
v 0.083088 1.837059 -0.048116
v 0.078983 1.841814 -0.050810
v 0.074597 1.846745 -0.052622
v 0.069878 1.851458 -0.054136
v 0.065017 1.856238 -0.054756
v 0.059963 1.860816 -0.055361
v 0.054754 1.865248 -0.055632
v 0.049457 1.869583 -0.055502
v 0.044127 1.873863 -0.055119
l 1313 1314 1315 1316 1317 1318 1319 1320 1321 1322 1323 1324 1325 1326 1327 1328 1329 1330 1331 1332 1333 1334 1335 1336 1337 1338 1339 1340 1341 1342 1343 1344
g card_40
v 0.023326 1.831697 0.082211
v 0.023406 1.831898 0.082483
v 0.023487 1.832099 0.082755
v 0.023569 1.832302 0.083025
v 0.023653 1.832505 0.083295
v 0.023738 1.832710 0.083563
v 0.023823 1.832915 0.083831
v 0.023909 1.833121 0.084097
v 0.023999 1.833331 0.084360
v 0.024088 1.833540 0.084623
v 0.024186 1.833756 0.084877
v 0.024283 1.833972 0.085132
v 0.024391 1.834198 0.085374
v 0.024502 1.834426 0.085612
v 0.024624 1.834663 0.085833
v 0.024758 1.834910 0.086039
v 0.024900 1.835162 0.086230
v 0.025066 1.835430 0.086376
v 0.025232 1.835698 0.086523
v 0.025419 1.835975 0.086619
v 0.025606 1.836252 0.086715
v 0.025817 1.836505 0.086654
v 0.026036 1.836749 0.086537
v 0.026255 1.836993 0.086421
v 0.026474 1.837236 0.086304
v 0.026693 1.837480 0.086188
v 0.026912 1.837724 0.086072
v 0.027131 1.837968 0.085955
v 0.027350 1.838212 0.085839
v 0.027569 1.838456 0.085722
v 0.027788 1.838700 0.085606
v 0.028006 1.838944 0.085490
l 1345 1346 1347 1348 1349 1350 1351 1352 1353 1354 1355 1356 1357 1358 1359 1360 1361 1362 1363 1364 1365 1366 1367 1368 1369 1370 1371 1372 1373 1374 1375 1376
g card_42
v -0.061904 1.808147 0.062041
v -0.062326 1.808263 0.062234
v -0.062748 1.808379 0.062426
v -0.063173 1.808495 0.062613
v -0.063598 1.808611 0.062798
v -0.064026 1.808727 0.062977
v -0.064456 1.808843 0.063152
v -0.064891 1.808958 0.063314
v -0.065330 1.809072 0.063465
v -0.065776 1.809186 0.063595
v -0.066228 1.809297 0.063699
v -0.066688 1.809406 0.063768
v -0.067152 1.809508 0.063782
v -0.067619 1.809605 0.063748
v -0.068072 1.809690 0.063638
v -0.068517 1.809767 0.063480
v -0.068944 1.809836 0.063278
v -0.069364 1.809901 0.063058
v -0.069667 1.809965 0.062705
v -0.069942 1.810029 0.062319
v -0.070215 1.810095 0.061932
v -0.070489 1.810160 0.061546
v -0.070763 1.810226 0.061159
v -0.071036 1.810292 0.060773
v -0.071313 1.810376 0.060392
v -0.071592 1.810477 0.060017
v -0.071872 1.810588 0.059646
v -0.072152 1.810700 0.059274
v -0.072432 1.810812 0.058903
v -0.072712 1.810924 0.058532
v -0.072992 1.811036 0.058161
v -0.073272 1.811148 0.057790
l 1377 1378 1379 1380 1381 1382 1383 1384 1385 1386 1387 1388 1389 1390 1391 1392 1393 1394 1395 1396 1397 1398 1399 1400 1401 1402 1403 1404 1405 1406 1407 1408
g card_44
v 0.057202 1.816931 0.065595
v 0.057430 1.817028 0.065728
v 0.057659 1.817125 0.065861
v 0.057890 1.817223 0.065990
v 0.058121 1.817322 0.066118
v 0.058353 1.817421 0.066242
v 0.058588 1.817522 0.066360
v 0.058826 1.817624 0.066473
v 0.059068 1.817729 0.066572
v 0.059312 1.817836 0.066663
v 0.059564 1.817948 0.066721
v 0.059817 1.818061 0.066771
v 0.060072 1.818178 0.066755
v 0.060326 1.818296 0.066727
v 0.060568 1.818412 0.066642
v 0.060807 1.818527 0.066547
v 0.061037 1.818639 0.066430
v 0.061243 1.818742 0.066275
v 0.061424 1.818836 0.066080
v 0.061605 1.818930 0.065885
v 0.061786 1.819024 0.065691
v 0.061967 1.819118 0.065496
v 0.062148 1.819211 0.065301
v 0.062328 1.819305 0.065106
v 0.062509 1.819399 0.064912
v 0.062690 1.819493 0.064717
v 0.062871 1.819587 0.064522
v 0.063052 1.819681 0.064328
v 0.063232 1.819775 0.064133
v 0.063413 1.819869 0.063938
v 0.063594 1.819963 0.063743
v 0.063775 1.820056 0.063549
l 1409 1410 1411 1412 1413 1414 1415 1416 1417 1418 1419 1420 1421 1422 1423 1424 1425 1426 1427 1428 1429 1430 1431 1432 1433 1434 1435 1436 1437 1438 1439 1440
g card_45
v 0.043371 1.826676 0.075461
v 0.043500 1.826787 0.075606
v 0.043629 1.826899 0.075751
v 0.043759 1.827011 0.075894
v 0.043891 1.827125 0.076036
v 0.044023 1.827238 0.076177
v 0.044154 1.827352 0.076318
v 0.044286 1.827465 0.076458
v 0.044419 1.827579 0.076598
v 0.044552 1.827694 0.076737
v 0.044686 1.827808 0.076875
v 0.044821 1.827924 0.077011
v 0.044957 1.828040 0.077146
v 0.045093 1.828157 0.077279
v 0.045234 1.828277 0.077406
v 0.045374 1.828396 0.077533
v 0.045519 1.828518 0.077652
v 0.045667 1.828642 0.077766
v 0.045815 1.828767 0.077878
v 0.045974 1.828897 0.077967
v 0.046132 1.829028 0.078056
v 0.046296 1.829162 0.078124
v 0.046467 1.829300 0.078171
v 0.046637 1.829437 0.078217
v 0.046784 1.829543 0.078095
v 0.046928 1.829647 0.077959
v 0.047073 1.829751 0.077823
v 0.047217 1.829855 0.077687
v 0.047361 1.829959 0.077552
v 0.047506 1.830063 0.077416
v 0.047650 1.830167 0.077280
v 0.047795 1.830271 0.077144
l 1441 1442 1443 1444 1445 1446 1447 1448 1449 1450 1451 1452 1453 1454 1455 1456 1457 1458 1459 1460 1461 1462 1463 1464 1465 1466 1467 1468 1469 1470 1471 1472
v 0.038470 1.820910 0.082806
v 0.038781 1.821140 0.083144
v 0.039162 1.821390 0.083377
v 0.039569 1.821659 0.083530
v 0.039990 1.821941 0.083572
v 0.040407 1.822223 0.083494
v 0.040808 1.822492 0.083322
v 0.041189 1.822748 0.083094
v 0.041557 1.822994 0.082833
v 0.041916 1.823235 0.082555
v 0.042272 1.823473 0.082271
v 0.042619 1.823733 0.081996
v 0.042961 1.824014 0.081736
v 0.043301 1.824300 0.081478
v 0.043642 1.824585 0.081221
v 0.043983 1.824870 0.080963
v 0.044324 1.825155 0.080706
v 0.044664 1.825441 0.080448
v 0.044995 1.825733 0.080185
v 0.045313 1.826032 0.079915
v 0.045629 1.826333 0.079643
v 0.045944 1.826634 0.079372
v 0.046260 1.826935 0.079100
v 0.046576 1.827236 0.078829
v 0.046893 1.827531 0.078553
v 0.047218 1.827798 0.078259
v 0.047548 1.828041 0.077950
v 0.047880 1.828280 0.077638
v 0.048211 1.828518 0.077327
v 0.048543 1.828757 0.077015
v 0.048874 1.828996 0.076704
v 0.049205 1.829234 0.076392
l 1473 1474 1475 1476 1477 1478 1479 1480 1481 1482 1483 1484 1485 1486 1487 1488 1489 1490 1491 1492 1493 1494 1495 1496 1497 1498 1499 1500 1501 1502 1503 1504
g card_46
v 0.028737 1.830226 0.081584
v 0.028819 1.830394 0.081818
v 0.028901 1.830562 0.082053
v 0.028983 1.830730 0.082287
v 0.029066 1.830899 0.082521
v 0.029150 1.831069 0.082753
v 0.029235 1.831240 0.082984
v 0.029324 1.831414 0.083211
v 0.029414 1.831590 0.083437
v 0.029510 1.831772 0.083655
v 0.029608 1.831956 0.083870
v 0.029717 1.832149 0.084071
v 0.029831 1.832347 0.084266
v 0.029960 1.832558 0.084434
v 0.030097 1.832775 0.084589
v 0.030251 1.833003 0.084702
v 0.030416 1.833239 0.084787
v 0.030587 1.833476 0.084848
v 0.030764 1.833714 0.084889
v 0.030945 1.833940 0.084862
v 0.031131 1.834152 0.084758
v 0.031317 1.834363 0.084655
v 0.031502 1.834575 0.084552
v 0.031688 1.834786 0.084448
v 0.031874 1.834998 0.084345
v 0.032059 1.835209 0.084241
v 0.032245 1.835421 0.084138
v 0.032431 1.835633 0.084035
v 0.032616 1.835844 0.083931
v 0.032802 1.836044 0.083807
v 0.032985 1.836226 0.083656
v 0.033168 1.836404 0.083498
l 1505 1506 1507 1508 1509 1510 1511 1512 1513 1514 1515 1516 1517 1518 1519 1520 1521 1522 1523 1524 1525 1526 1527 1528 1529 1530 1531 1532 1533 1534 1535 1536
g card_49
v -0.031614 1.833499 0.078059
v -0.031686 1.833654 0.078253
v -0.031758 1.833808 0.078446
v -0.031830 1.833963 0.078639
v -0.031903 1.834118 0.078832
v -0.031975 1.834272 0.079026
v -0.032048 1.834427 0.079219
v -0.032120 1.834582 0.079411
v -0.032193 1.834738 0.079604
v -0.032267 1.834893 0.079796
v -0.032341 1.835050 0.079987
v -0.032415 1.835206 0.080178
v -0.032490 1.835364 0.080368
v -0.032566 1.835522 0.080557
v -0.032642 1.835680 0.080746
v -0.032721 1.835841 0.080930
v -0.032801 1.836003 0.081115
v -0.032881 1.836165 0.081299
v -0.032966 1.836332 0.081476
v -0.033052 1.836499 0.081652
v -0.033140 1.836669 0.081826
v -0.033235 1.836845 0.081988
v -0.033330 1.837021 0.082151
v -0.033432 1.837203 0.082302
v -0.033542 1.837391 0.082439
v -0.033653 1.837580 0.082575
v -0.033792 1.837763 0.082565
v -0.033948 1.837941 0.082464
v -0.034104 1.838120 0.082363
v -0.034260 1.838296 0.082256
v -0.034412 1.838460 0.082130
v -0.034561 1.838612 0.081984
l 1537 1538 1539 1540 1541 1542 1543 1544 1545 1546 1547 1548 1549 1550 1551 1552 1553 1554 1555 1556 1557 1558 1559 1560 1561 1562 1563 1564 1565 1566 1567 1568
v -0.028245 1.830920 0.081216
v -0.028348 1.831129 0.081505
v -0.028452 1.831339 0.081794
v -0.028558 1.831552 0.082080
v -0.028666 1.831767 0.082364
v -0.028776 1.831984 0.082646
v -0.028891 1.832205 0.082921
v -0.029010 1.832431 0.083191
v -0.029141 1.832668 0.083446
v -0.029277 1.832910 0.083694
v -0.029436 1.833172 0.083904
v -0.029599 1.833438 0.084104
v -0.029797 1.833729 0.084225
v -0.030000 1.834021 0.084327
v -0.030222 1.834319 0.084356
v -0.030445 1.834615 0.084366
v -0.030673 1.834908 0.084346
v -0.030900 1.835182 0.084257
v -0.031125 1.835440 0.084111
v -0.031350 1.835697 0.083966
v -0.031575 1.835955 0.083821
v -0.031801 1.836213 0.083676
v -0.032026 1.836471 0.083530
v -0.032251 1.836729 0.083385
v -0.032476 1.836987 0.083240
v -0.032702 1.837245 0.083095
v -0.032927 1.837503 0.082950
v -0.033152 1.837760 0.082804
v -0.033377 1.838018 0.082659
v -0.033603 1.838276 0.082514
v -0.033828 1.838534 0.082369
v -0.034050 1.838778 0.082198
l 1569 1570 1571 1572 1573 1574 1575 1576 1577 1578 1579 1580 1581 1582 1583 1584 1585 1586 1587 1588 1589 1590 1591 1592 1593 1594 1595 1596 1597 1598 1599 1600
g card_50
v -0.025697 1.833244 0.080255
v -0.025785 1.833472 0.080516
v -0.025874 1.833700 0.080777
v -0.025965 1.833930 0.081036
v -0.026056 1.834161 0.081294
v -0.026148 1.834392 0.081551
v -0.026241 1.834624 0.081807
v -0.026335 1.834857 0.082062
v -0.026432 1.835093 0.082314
v -0.026529 1.835328 0.082565
v -0.026632 1.835570 0.082808
v -0.026736 1.835812 0.083050
v -0.026848 1.836060 0.083282
v -0.026965 1.836313 0.083507
v -0.027089 1.836571 0.083720
v -0.027227 1.836840 0.083912
v -0.027367 1.837110 0.084101
v -0.027536 1.837396 0.084233
v -0.027704 1.837683 0.084364
v -0.027888 1.837975 0.084456
v -0.028077 1.838269 0.084536
v -0.028280 1.838540 0.084509
v -0.028499 1.838787 0.084370
v -0.028717 1.839034 0.084231
v -0.028936 1.839281 0.084092
v -0.029154 1.839528 0.083952
v -0.029373 1.839775 0.083813
v -0.029591 1.840021 0.083674
v -0.029810 1.840268 0.083535
v -0.030028 1.840515 0.083396
v -0.030247 1.840762 0.083257
v -0.030466 1.841009 0.083118
l 1601 1602 1603 1604 1605 1606 1607 1608 1609 1610 1611 1612 1613 1614 1615 1616 1617 1618 1619 1620 1621 1622 1623 1624 1625 1626 1627 1628 1629 1630 1631 1632
g card_52
v -0.069063 1.791911 0.050697
v -0.069562 1.791949 0.050835
v -0.070064 1.791986 0.050963
v -0.070571 1.792023 0.051070
v -0.071080 1.792059 0.051170
v -0.071589 1.792095 0.051265
v -0.072103 1.792129 0.051333
v -0.072618 1.792163 0.051386
v -0.073137 1.792194 0.051397
v -0.073652 1.792222 0.051353
v -0.074164 1.792246 0.051269
v -0.074639 1.792261 0.051063
v -0.075100 1.792274 0.050827
v -0.075525 1.792280 0.050528
v -0.075937 1.792285 0.050212
v -0.076336 1.792287 0.049880
v -0.076672 1.792287 0.049486
v -0.076976 1.792313 0.049066
v -0.077274 1.792350 0.048641
v -0.077567 1.792393 0.048215
v -0.077861 1.792435 0.047788
v -0.078154 1.792478 0.047362
v -0.078448 1.792521 0.046935
v -0.078741 1.792563 0.046508
v -0.079035 1.792606 0.046082
v -0.079328 1.792649 0.045655
v -0.079621 1.792692 0.045228
v -0.079915 1.792736 0.044802
v -0.080212 1.792800 0.044381
v -0.080513 1.792883 0.043965
v -0.080813 1.792966 0.043550
v -0.081113 1.793050 0.043134
l 1633 1634 1635 1636 1637 1638 1639 1640 1641 1642 1643 1644 1645 1646 1647 1648 1649 1650 1651 1652 1653 1654 1655 1656 1657 1658 1659 1660 1661 1662 1663 1664
g card_53
v 0.072287 1.772618 0.041865
v 0.072589 1.772611 0.041937
v 0.072890 1.772605 0.042009
v 0.073192 1.772598 0.042081
v 0.073495 1.772591 0.042148
v 0.073798 1.772584 0.042214
v 0.074101 1.772577 0.042279
v 0.074404 1.772570 0.042345
v 0.074707 1.772563 0.042411
v 0.075010 1.772556 0.042477
v 0.075312 1.772549 0.042543
v 0.075615 1.772542 0.042609
v 0.075918 1.772535 0.042675
v 0.076221 1.772528 0.042740
v 0.076525 1.772521 0.042805
v 0.076828 1.772514 0.042870
v 0.077131 1.772507 0.042935
v 0.077435 1.772500 0.042998
v 0.077738 1.772493 0.043061
v 0.078042 1.772486 0.043124
v 0.078346 1.772479 0.043185
v 0.078650 1.772472 0.043245
v 0.078954 1.772465 0.043305
v 0.079259 1.772458 0.043363
v 0.079564 1.772451 0.043418
v 0.079869 1.772444 0.043472
v 0.080174 1.772437 0.043526
v 0.080481 1.772430 0.043572
v 0.080788 1.772424 0.043617
v 0.081095 1.772417 0.043662
v 0.081324 1.772414 0.043521
v 0.081509 1.772414 0.043272
l 1665 1666 1667 1668 1669 1670 1671 1672 1673 1674 1675 1676 1677 1678 1679 1680 1681 1682 1683 1684 1685 1686 1687 1688 1689 1690 1691 1692 1693 1694 1695 1696
v 0.070125 1.776906 0.049195
v 0.070522 1.776616 0.049904
v 0.070429 1.776244 0.050600
v 0.070163 1.775835 0.051306
v 0.070023 1.775424 0.052051
v 0.069919 1.775000 0.052795
v 0.069842 1.774545 0.053522
v 0.069804 1.774048 0.054221
v 0.069969 1.773391 0.054756
v 0.070356 1.772706 0.054975
v 0.070885 1.772066 0.054920
v 0.071496 1.771599 0.054530
v 0.072124 1.771313 0.054020
v 0.072755 1.771104 0.053474
v 0.073386 1.770948 0.052907
v 0.074015 1.770792 0.052338
v 0.074597 1.770676 0.051714
v 0.075154 1.770582 0.051062
v 0.075708 1.770479 0.050410
v 0.076257 1.770355 0.049756
v 0.076801 1.770251 0.049096
v 0.077276 1.770174 0.048381
v 0.077736 1.770101 0.047655
v 0.078197 1.770027 0.046930
v 0.078657 1.769954 0.046205
v 0.079118 1.769880 0.045479
v 0.079578 1.769807 0.044754
v 0.080035 1.769722 0.044028
v 0.080485 1.769610 0.043302
v 0.080947 1.769539 0.042577
v 0.081431 1.769497 0.041865
v 0.081942 1.769492 0.041171
l 1697 1698 1699 1700 1701 1702 1703 1704 1705 1706 1707 1708 1709 1710 1711 1712 1713 1714 1715 1716 1717 1718 1719 1720 1721 1722 1723 1724 1725 1726 1727 1728
g card_54
v 0.065486 1.791088 0.060656
v 0.065726 1.790649 0.061330
v 0.065469 1.790096 0.061861
v 0.065212 1.789502 0.062389
v 0.065064 1.788868 0.062914
v 0.065039 1.788177 0.063374
v 0.065264 1.787409 0.063628
v 0.065724 1.786723 0.063597
v 0.066301 1.786205 0.063341
v 0.066941 1.785853 0.062941
v 0.067605 1.785625 0.062481
v 0.068277 1.785457 0.062008
v 0.068961 1.785334 0.061537
v 0.069643 1.785220 0.061061
v 0.070295 1.785143 0.060540
v 0.070920 1.785100 0.059981
v 0.071545 1.785056 0.059422
v 0.072168 1.785011 0.058861
v 0.072772 1.784955 0.058282
v 0.073332 1.784872 0.057663
v 0.073874 1.784780 0.057028
v 0.074416 1.784688 0.056394
v 0.074958 1.784596 0.055760
v 0.075492 1.784522 0.055118
v 0.075994 1.784519 0.054445
v 0.076494 1.784519 0.053771
v 0.076994 1.784519 0.053097
v 0.077495 1.784519 0.052423
v 0.078016 1.784549 0.051766
v 0.078561 1.784615 0.051132
v 0.079113 1.784690 0.050504
v 0.079665 1.784766 0.049876
l 1729 1730 1731 1732 1733 1734 1735 1736 1737 1738 1739 1740 1741 1742 1743 1744 1745 1746 1747 1748 1749 1750 1751 1752 1753 1754 1755 1756 1757 1758 1759 1760
g card_55
v 0.059288 1.800999 0.070535
v 0.059797 1.801040 0.070458
v 0.060229 1.801029 0.070171
v 0.060660 1.801018 0.069883
v 0.061091 1.801007 0.069595
v 0.061522 1.800996 0.069307
v 0.061953 1.800986 0.069019
v 0.062385 1.800975 0.068731
v 0.062816 1.800964 0.068442
v 0.063247 1.800953 0.068154
v 0.063678 1.800942 0.067866
v 0.064109 1.800931 0.067577
v 0.064540 1.800920 0.067289
v 0.064971 1.800909 0.067001
v 0.065400 1.800897 0.066709
v 0.065819 1.800882 0.066405
v 0.066222 1.800860 0.066079
v 0.066608 1.800833 0.065733
v 0.066994 1.800806 0.065388
v 0.067380 1.800779 0.065043
v 0.067765 1.800754 0.064696
v 0.068142 1.800742 0.064342
v 0.068486 1.800783 0.063956
v 0.068828 1.800830 0.063568
v 0.069169 1.800877 0.063180
v 0.069510 1.800924 0.062792
v 0.069852 1.800972 0.062406
v 0.070209 1.801034 0.062034
v 0.070580 1.801110 0.061680
v 0.070957 1.801193 0.061334
v 0.071334 1.801276 0.060987
v 0.071711 1.801359 0.060641
l 1761 1762 1763 1764 1765 1766 1767 1768 1769 1770 1771 1772 1773 1774 1775 1776 1777 1778 1779 1780 1781 1782 1783 1784 1785 1786 1787 1788 1789 1790 1791 1792
g card_57
v -0.016797 1.837519 0.079285
v -0.016864 1.837734 0.079532
v -0.016931 1.837949 0.079780
v -0.016999 1.838166 0.080025
v -0.017068 1.838385 0.080269
v -0.017137 1.838604 0.080512
v -0.017206 1.838824 0.080754
v -0.017275 1.839044 0.080996
v -0.017345 1.839266 0.081237
v -0.017415 1.839489 0.081476
v -0.017485 1.839713 0.081715
v -0.017557 1.839942 0.081948
v -0.017630 1.840171 0.082181
v -0.017704 1.840406 0.082407
v -0.017779 1.840645 0.082628
v -0.017855 1.840886 0.082848
v -0.017936 1.841141 0.083048
v -0.018017 1.841396 0.083249
v -0.018103 1.841666 0.083426
v -0.018192 1.841945 0.083588
v -0.018282 1.842226 0.083744
v -0.018378 1.842525 0.083860
v -0.018474 1.842823 0.083977
v -0.018573 1.843122 0.083943
v -0.018670 1.843423 0.083832
v -0.018768 1.843723 0.083722
v -0.018866 1.844023 0.083611
v -0.018937 1.844332 0.083506
v -0.018993 1.844645 0.083403
v -0.019081 1.844949 0.083294
v -0.019173 1.845251 0.083185
v -0.019271 1.845552 0.083074
l 1793 1794 1795 1796 1797 1798 1799 1800 1801 1802 1803 1804 1805 1806 1807 1808 1809 1810 1811 1812 1813 1814 1815 1816 1817 1818 1819 1820 1821 1822 1823 1824
g card_59
v 0.000752 1.837676 0.082349
v 0.000751 1.837872 0.082576
v 0.000750 1.838069 0.082802
v 0.000748 1.838269 0.083026
v 0.000746 1.838470 0.083249
v 0.000744 1.838671 0.083471
v 0.000742 1.838874 0.083692
v 0.000740 1.839078 0.083911
v 0.000737 1.839286 0.084128
v 0.000734 1.839495 0.084343
v 0.000730 1.839710 0.084551
v 0.000726 1.839926 0.084760
v 0.000720 1.840156 0.084952
v 0.000715 1.840386 0.085144
v 0.000706 1.840634 0.085313
v 0.000697 1.840886 0.085475
v 0.000685 1.841154 0.085607
v 0.000670 1.841433 0.085714
v 0.000654 1.841717 0.085807
v 0.000637 1.842010 0.085872
v 0.000618 1.842301 0.085917
v 0.000591 1.842585 0.085824
v 0.000565 1.842869 0.085732
v 0.000538 1.843153 0.085639
v 0.000512 1.843437 0.085547
v 0.000485 1.843722 0.085454
v 0.000462 1.844006 0.085361
v 0.000440 1.844290 0.085268
v 0.000418 1.844574 0.085175
v 0.000392 1.844858 0.085082
v 0.000365 1.845143 0.084990
v 0.000339 1.845427 0.084897
l 1825 1826 1827 1828 1829 1830 1831 1832 1833 1834 1835 1836 1837 1838 1839 1840 1841 1842 1843 1844 1845 1846 1847 1848 1849 1850 1851 1852 1853 1854 1855 1856
g card_60
v -0.074701 1.774094 0.031895
v -0.080879 1.774603 0.028990
v -0.084304 1.775545 0.023030
v -0.086865 1.776662 0.016679
v -0.088653 1.778014 0.010112
v -0.089719 1.779663 0.003458
v -0.090107 1.781622 -0.003188
v -0.090006 1.783828 -0.009771
v -0.089685 1.786190 -0.016295
v -0.088973 1.788896 -0.022639
v -0.087655 1.792098 -0.028643
v -0.085860 1.795802 -0.034225
v -0.083800 1.799907 -0.039431
v -0.081555 1.804287 -0.044327
v -0.079077 1.808943 -0.048836
v -0.076298 1.813933 -0.052765
v -0.073316 1.819145 -0.056256
v -0.070338 1.824472 -0.059560
v -0.067278 1.830101 -0.062196
v -0.063931 1.835943 -0.063820
v -0.060281 1.841805 -0.064351
v -0.056471 1.847568 -0.063797
v -0.052699 1.853172 -0.062239
v -0.049130 1.858563 -0.059729
v -0.045823 1.863690 -0.056419
v -0.042640 1.868512 -0.052570
v -0.039534 1.872861 -0.048150
v -0.036269 1.876347 -0.043112
v -0.032705 1.879146 -0.037854
v -0.028708 1.881084 -0.032523
v -0.023855 1.882076 -0.027657
v -0.018358 1.882312 -0.023417
l 1857 1858 1859 1860 1861 1862 1863 1864 1865 1866 1867 1868 1869 1870 1871 1872 1873 1874 1875 1876 1877 1878 1879 1880 1881 1882 1883 1884 1885 1886 1887 1888
v -0.080635 1.777295 -0.008662
v -0.085242 1.778689 -0.011788
v -0.086889 1.780810 -0.016981
v -0.087266 1.783153 -0.022337
v -0.086868 1.785696 -0.027605
v -0.085976 1.788452 -0.032706
v -0.084752 1.791414 -0.037619
v -0.083303 1.794559 -0.042357
v -0.081722 1.797843 -0.046957
v -0.079912 1.801444 -0.051215
v -0.077921 1.805290 -0.055173
v -0.075685 1.809367 -0.058743
v -0.073295 1.813632 -0.061988
v -0.070852 1.818059 -0.064964
v -0.068363 1.822724 -0.067490
v -0.065748 1.827590 -0.069447
v -0.062937 1.832549 -0.070806
v -0.059925 1.837522 -0.071194
v -0.056798 1.842445 -0.070588
v -0.053700 1.847280 -0.069418
v -0.050712 1.851984 -0.067608
v -0.047884 1.856575 -0.065292
v -0.045156 1.861016 -0.062621
v -0.042560 1.865181 -0.059402
v -0.039980 1.869139 -0.055951
v -0.037413 1.872480 -0.051864
v -0.034783 1.875598 -0.047670
v -0.031811 1.877731 -0.043081
v -0.028686 1.879610 -0.038491
v -0.025110 1.880675 -0.033963
v -0.021164 1.881359 -0.029672
v -0.016924 1.881704 -0.025628
l 1889 1890 1891 1892 1893 1894 1895 1896 1897 1898 1899 1900 1901 1902 1903 1904 1905 1906 1907 1908 1909 1910 1911 1912 1913 1914 1915 1916 1917 1918 1919 1920
v -0.064700 1.822156 -0.054225
v -0.066477 1.824411 -0.055927
v -0.066894 1.827267 -0.057593
v -0.066476 1.830248 -0.059028
v -0.065495 1.833226 -0.060162
v -0.064168 1.836169 -0.060999
v -0.062630 1.839075 -0.061570
v -0.060954 1.841944 -0.061873
v -0.059204 1.844784 -0.061983
v -0.057419 1.847603 -0.061949
v -0.055588 1.850329 -0.061399
v -0.053750 1.853036 -0.060741
v -0.051981 1.855651 -0.059673
v -0.050230 1.858241 -0.058504
v -0.048499 1.860810 -0.057260
v -0.046904 1.863222 -0.055603
v -0.045331 1.865610 -0.053881
v -0.043768 1.867949 -0.052085
v -0.042269 1.870036 -0.049959
v -0.040778 1.872093 -0.047794
v -0.039280 1.874132 -0.045616
v -0.037645 1.875716 -0.043181
v -0.035998 1.877257 -0.040721
v -0.034329 1.878763 -0.038254
v -0.032373 1.879740 -0.035736
v -0.030397 1.880680 -0.033215
v -0.028291 1.881470 -0.030750
v -0.025948 1.881949 -0.028423
v -0.023595 1.882415 -0.026101
v -0.020883 1.882476 -0.024159
v -0.018157 1.882519 -0.022233
v -0.015508 1.882586 -0.020203
l 1921 1922 1923 1924 1925 1926 1927 1928 1929 1930 1931 1932 1933 1934 1935 1936 1937 1938 1939 1940 1941 1942 1943 1944 1945 1946 1947 1948 1949 1950 1951 1952
g card_61
v -0.073521 1.762291 0.035859
v -0.079400 1.763077 0.030902
v -0.082241 1.764266 0.023714
v -0.084685 1.765660 0.016421
v -0.086509 1.767197 0.008978
v -0.087617 1.768824 0.001417
v -0.088005 1.770481 -0.006210
v -0.087773 1.772084 -0.013858
v -0.087150 1.773621 -0.021500
v -0.086015 1.775463 -0.029005
v -0.084600 1.777927 -0.036282
v -0.082907 1.781043 -0.043241
v -0.080850 1.784625 -0.049876
v -0.078566 1.788572 -0.056225
v -0.076097 1.792943 -0.062212
v -0.073317 1.797803 -0.067652
v -0.070202 1.803112 -0.072464
v -0.066871 1.808844 -0.076582
v -0.063400 1.815062 -0.079763
v -0.059828 1.821691 -0.081751
v -0.056185 1.828553 -0.082253
v -0.052550 1.835382 -0.081267
v -0.049014 1.842004 -0.079115
v -0.045636 1.848352 -0.076063
v -0.042443 1.854427 -0.072314
v -0.039308 1.860297 -0.068218
v -0.036232 1.865692 -0.063472
v -0.033033 1.870474 -0.058187
v -0.029685 1.874320 -0.052272
v -0.025868 1.876856 -0.045936
v -0.021734 1.878707 -0.039562
v -0.017160 1.879816 -0.033315
l 1953 1954 1955 1956 1957 1958 1959 1960 1961 1962 1963 1964 1965 1966 1967 1968 1969 1970 1971 1972 1973 1974 1975 1976 1977 1978 1979 1980 1981 1982 1983 1984
v -0.065087 1.800636 -0.068083
v -0.067056 1.802758 -0.070835
v -0.067046 1.805733 -0.073549
v -0.066126 1.808902 -0.075873
v -0.064723 1.812160 -0.077809
v -0.063073 1.815496 -0.079386
v -0.061299 1.818908 -0.080636
v -0.059462 1.822383 -0.081583
v -0.057596 1.825899 -0.082305
v -0.055707 1.829460 -0.082432
v -0.053826 1.832991 -0.081909
v -0.051951 1.836505 -0.081195
v -0.050134 1.839907 -0.080027
v -0.048356 1.843236 -0.078566
v -0.046589 1.846547 -0.077057
v -0.044892 1.849760 -0.075293
v -0.043253 1.852893 -0.073325
v -0.041614 1.856026 -0.071358
v -0.039996 1.859049 -0.069223
v -0.038408 1.861909 -0.066843
v -0.036825 1.864743 -0.064426
v -0.035221 1.867473 -0.061916
v -0.033553 1.869851 -0.059111
v -0.031843 1.871901 -0.056071
v -0.030107 1.873886 -0.053006
v -0.028245 1.875529 -0.049822
v -0.026229 1.876677 -0.046508
v -0.024190 1.877791 -0.043196
v -0.021990 1.878644 -0.039912
v -0.019636 1.879229 -0.036673
v -0.017270 1.879802 -0.033442
v -0.014633 1.880123 -0.030390
l 1985 1986 1987 1988 1989 1990 1991 1992 1993 1994 1995 1996 1997 1998 1999 2000 2001 2002 2003 2004 2005 2006 2007 2008 2009 2010 2011 2012 2013 2014 2015 2016
v -0.079989 1.783646 -0.032967
v -0.083156 1.785657 -0.036336
v -0.083005 1.788447 -0.040705
v -0.082181 1.791333 -0.044941
v -0.080972 1.794328 -0.049007
v -0.079524 1.797447 -0.052899
v -0.077906 1.800694 -0.056615
v -0.076160 1.804049 -0.060175
v -0.074336 1.807472 -0.063631
v -0.072274 1.811239 -0.066540
v -0.070138 1.815157 -0.069199
v -0.067942 1.819283 -0.071453
v -0.065628 1.823563 -0.073261
v -0.063204 1.827933 -0.074669
v -0.060615 1.832366 -0.075266
v -0.057933 1.836813 -0.075311
v -0.055254 1.841172 -0.074607
v -0.052603 1.845459 -0.073350
v -0.050057 1.849650 -0.071675
v -0.047608 1.853749 -0.069631
v -0.045245 1.857727 -0.067297
v -0.042997 1.861543 -0.064582
v -0.040754 1.865221 -0.061694
v -0.038530 1.868569 -0.058405
v -0.036299 1.871694 -0.054910
v -0.033983 1.874412 -0.051153
v -0.031567 1.876556 -0.047085
v -0.029037 1.878449 -0.042980
v -0.026154 1.879514 -0.038791
v -0.023190 1.880494 -0.034645
v -0.019740 1.880942 -0.030787
v -0.016151 1.881297 -0.027048
l 2017 2018 2019 2020 2021 2022 2023 2024 2025 2026 2027 2028 2029 2030 2031 2032 2033 2034 2035 2036 2037 2038 2039 2040 2041 2042 2043 2044 2045 2046 2047 2048
g card_62
v -0.077436 1.756777 0.013243
v -0.082180 1.758127 0.007806
v -0.083270 1.760028 0.000666
v -0.083841 1.761999 -0.006514
v -0.083861 1.763844 -0.013749
v -0.083333 1.765385 -0.021034
v -0.082362 1.766567 -0.028343
v -0.081116 1.767513 -0.035648
v -0.079694 1.768405 -0.042927
v -0.077838 1.770074 -0.049943
v -0.075405 1.772352 -0.056618
v -0.072725 1.775053 -0.063043
v -0.070071 1.778288 -0.069223
v -0.067159 1.781871 -0.075088
v -0.064008 1.786166 -0.080270
v -0.060750 1.791290 -0.084594
v -0.057350 1.796925 -0.088091
v -0.053932 1.803006 -0.090722
v -0.050698 1.809512 -0.092309
v -0.047789 1.816352 -0.092582
v -0.045117 1.823224 -0.091546
v -0.042528 1.829907 -0.089461
v -0.039980 1.836362 -0.086717
v -0.037476 1.842539 -0.083350
v -0.035043 1.848517 -0.079590
v -0.032653 1.854291 -0.075499
v -0.030220 1.859755 -0.071027
v -0.027721 1.864837 -0.066169
v -0.024943 1.869040 -0.060659
v -0.021982 1.872465 -0.054725
v -0.018737 1.874723 -0.048386
v -0.015317 1.876546 -0.041999
l 2049 2050 2051 2052 2053 2054 2055 2056 2057 2058 2059 2060 2061 2062 2063 2064 2065 2066 2067 2068 2069 2070 2071 2072 2073 2074 2075 2076 2077 2078 2079 2080
g card_63
v 0.079582 1.791382 -0.032252
v 0.083004 1.793200 -0.034328
v 0.084283 1.796085 -0.037425
v 0.084413 1.799218 -0.040548
v 0.083780 1.802468 -0.043489
v 0.082672 1.805796 -0.046195
v 0.081264 1.809205 -0.048651
v 0.079668 1.812700 -0.050860
v 0.077947 1.816272 -0.052839
v 0.076089 1.819938 -0.054465
v 0.074071 1.823734 -0.055543
v 0.072067 1.827574 -0.056480
v 0.069978 1.831415 -0.057178
v 0.067733 1.835225 -0.057457
v 0.065321 1.838940 -0.057464
v 0.062769 1.842548 -0.057150
v 0.060239 1.846130 -0.056508
v 0.057717 1.849688 -0.055714
v 0.055143 1.853218 -0.054965
v 0.052536 1.856699 -0.054143
v 0.049871 1.859961 -0.052764
v 0.047195 1.863151 -0.051262
v 0.044461 1.865993 -0.049238
v 0.041731 1.868761 -0.047121
v 0.039047 1.871052 -0.044439
v 0.036377 1.873243 -0.041665
v 0.033777 1.875008 -0.038539
v 0.031090 1.876609 -0.035400
v 0.028202 1.877775 -0.032246
v 0.025499 1.878885 -0.028912
v 0.022941 1.879948 -0.025453
v 0.020047 1.880707 -0.022181
l 2081 2082 2083 2084 2085 2086 2087 2088 2089 2090 2091 2092 2093 2094 2095 2096 2097 2098 2099 2100 2101 2102 2103 2104 2105 2106 2107 2108 2109 2110 2111 2112
v 0.055344 1.830512 -0.060080
v 0.057226 1.832054 -0.061516
v 0.058811 1.833970 -0.062853
v 0.059753 1.836374 -0.063966
v 0.059775 1.839087 -0.064626
v 0.059017 1.841777 -0.064783
v 0.057811 1.844312 -0.064569
v 0.056389 1.846711 -0.064134
v 0.054868 1.849025 -0.063576
v 0.053301 1.851285 -0.062931
v 0.051700 1.853485 -0.062173
v 0.050080 1.855646 -0.061344
v 0.048448 1.857739 -0.060384
v 0.046801 1.859714 -0.059218
v 0.045151 1.861644 -0.057978
v 0.043501 1.863574 -0.056738
v 0.041857 1.865295 -0.055236
v 0.040217 1.866889 -0.053576
v 0.038578 1.868476 -0.051909
v 0.036955 1.869958 -0.050136
v 0.035374 1.871234 -0.048177
v 0.033804 1.872452 -0.046168
v 0.032234 1.873670 -0.044159
v 0.030629 1.874637 -0.042049
v 0.029013 1.875526 -0.039908
v 0.027397 1.876411 -0.037766
v 0.025852 1.877177 -0.035529
v 0.024361 1.877856 -0.033227
v 0.022875 1.878526 -0.030918
v 0.021361 1.879173 -0.028622
v 0.019652 1.879647 -0.026423
v 0.017934 1.880113 -0.024229
l 2113 2114 2115 2116 2117 2118 2119 2120 2121 2122 2123 2124 2125 2126 2127 2128 2129 2130 2131 2132 2133 2134 2135 2136 2137 2138 2139 2140 2141 2142 2143 2144
g card_64
v 0.079622 1.775450 -0.038299
v 0.082515 1.777557 -0.041904
v 0.082242 1.780327 -0.046299
v 0.081407 1.783137 -0.050600
v 0.080214 1.786025 -0.054764
v 0.078769 1.789022 -0.058767
v 0.077123 1.792158 -0.062583
v 0.075315 1.795447 -0.066191
v 0.073407 1.798848 -0.069641
v 0.071298 1.802720 -0.072372
v 0.069118 1.806876 -0.074622
v 0.066929 1.811203 -0.076512
v 0.064751 1.815739 -0.077803
v 0.062585 1.820390 -0.078684
v 0.060423 1.825100 -0.079065
v 0.058217 1.829816 -0.079027
v 0.055867 1.834421 -0.078522
v 0.053392 1.838901 -0.077570
v 0.050843 1.843230 -0.076232
v 0.048234 1.847392 -0.074506
v 0.045613 1.851400 -0.072482
v 0.042983 1.855208 -0.070094
v 0.040350 1.858821 -0.067446
v 0.037720 1.862105 -0.064377
v 0.035116 1.865202 -0.061129
v 0.032592 1.867739 -0.057346
v 0.030082 1.870169 -0.053493
v 0.027646 1.872087 -0.049309
v 0.025212 1.873937 -0.045095
v 0.022766 1.875382 -0.040731
v 0.020315 1.876781 -0.036354
v 0.017720 1.877913 -0.031983
l 2145 2146 2147 2148 2149 2150 2151 2152 2153 2154 2155 2156 2157 2158 2159 2160 2161 2162 2163 2164 2165 2166 2167 2168 2169 2170 2171 2172 2173 2174 2175 2176
v 0.080943 1.770206 -0.022266
v 0.084703 1.772093 -0.025878
v 0.085200 1.774813 -0.030786
v 0.085027 1.777656 -0.035649
v 0.084396 1.780600 -0.040414
v 0.083421 1.783624 -0.045071
v 0.082190 1.786717 -0.049620
v 0.080783 1.789892 -0.054062
v 0.079250 1.793145 -0.058404
v 0.077437 1.796687 -0.062371
v 0.075328 1.800597 -0.065836
v 0.073095 1.804808 -0.068823
v 0.070775 1.809344 -0.071224
v 0.068422 1.814075 -0.073182
v 0.066054 1.818975 -0.074593
v 0.063654 1.824020 -0.075333
v 0.061189 1.829076 -0.075662
v 0.058606 1.834071 -0.075467
v 0.055829 1.838919 -0.074710
v 0.052974 1.843632 -0.073574
v 0.050037 1.848119 -0.071832
v 0.047092 1.852491 -0.069859
v 0.044136 1.856563 -0.067315
v 0.041178 1.860474 -0.064551
v 0.038231 1.863930 -0.061211
v 0.035313 1.867156 -0.057637
v 0.032494 1.869769 -0.053512
v 0.029693 1.872126 -0.049226
v 0.026934 1.874038 -0.044696
v 0.024164 1.875715 -0.040080
v 0.021386 1.877152 -0.035388
v 0.018444 1.878362 -0.030733
l 2177 2178 2179 2180 2181 2182 2183 2184 2185 2186 2187 2188 2189 2190 2191 2192 2193 2194 2195 2196 2197 2198 2199 2200 2201 2202 2203 2204 2205 2206 2207 2208
v 0.077634 1.758887 0.012423
v 0.083023 1.760086 0.008563
v 0.085319 1.761989 0.002423
v 0.086601 1.764112 -0.003941
v 0.087215 1.766381 -0.010357
v 0.087364 1.768796 -0.016748
v 0.087152 1.771429 -0.023050
v 0.086671 1.774315 -0.029226
v 0.086019 1.777401 -0.035291
v 0.085017 1.780813 -0.041113
v 0.083549 1.784474 -0.046693
v 0.081823 1.788213 -0.052148
v 0.079865 1.792196 -0.057338
v 0.077569 1.796549 -0.062066
v 0.075004 1.801337 -0.066198
v 0.072270 1.806543 -0.069661
v 0.069445 1.812125 -0.072384
v 0.066576 1.818025 -0.074247
v 0.063665 1.824122 -0.075233
v 0.060649 1.830243 -0.075543
v 0.057459 1.836259 -0.075156
v 0.054005 1.842012 -0.073883
v 0.050465 1.847542 -0.071991
v 0.046889 1.852842 -0.069598
v 0.043301 1.857737 -0.066461
v 0.039706 1.862263 -0.062816
v 0.036143 1.866372 -0.058696
v 0.032712 1.869602 -0.053745
v 0.029316 1.872425 -0.048529
v 0.025968 1.874735 -0.043036
v 0.022599 1.876547 -0.037371
v 0.019115 1.878135 -0.031707
l 2209 2210 2211 2212 2213 2214 2215 2216 2217 2218 2219 2220 2221 2222 2223 2224 2225 2226 2227 2228 2229 2230 2231 2232 2233 2234 2235 2236 2237 2238 2239 2240
g card_65
v 0.032950 1.829986 -0.078919
v 0.033546 1.831890 -0.080178
v 0.033895 1.834051 -0.080997
v 0.034114 1.836324 -0.081582
v 0.034228 1.838638 -0.081977
v 0.034173 1.840995 -0.082062
v 0.033806 1.843270 -0.081555
v 0.033292 1.845422 -0.080760
v 0.032677 1.847461 -0.079755
v 0.031996 1.849401 -0.078600
v 0.031273 1.851254 -0.077330
v 0.030526 1.853033 -0.075973
v 0.029746 1.854670 -0.074468
v 0.028954 1.856256 -0.072910
v 0.028163 1.857842 -0.071353
v 0.027368 1.859390 -0.069764
v 0.026552 1.860702 -0.067981
v 0.025734 1.861970 -0.066167
v 0.024916 1.863237 -0.064352
v 0.024098 1.864504 -0.062538
v 0.023280 1.865772 -0.060723
v 0.022436 1.866895 -0.058830
v 0.021565 1.867845 -0.056854
v 0.020691 1.868776 -0.054870
v 0.019818 1.869707 -0.052885
v 0.018944 1.870638 -0.050901
v 0.018070 1.871554 -0.048910
v 0.017193 1.872357 -0.046875
v 0.016314 1.873067 -0.044803
v 0.015435 1.873776 -0.042732
v 0.014556 1.874486 -0.040660
v 0.013677 1.875196 -0.038588
l 2241 2242 2243 2244 2245 2246 2247 2248 2249 2250 2251 2252 2253 2254 2255 2256 2257 2258 2259 2260 2261 2262 2263 2264 2265 2266 2267 2268 2269 2270 2271 2272
g card_66
v -0.077490 1.768138 -0.049404
v -0.078959 1.770279 -0.054227
v -0.077666 1.773010 -0.058878
v -0.076223 1.775912 -0.063376
v -0.074637 1.779031 -0.067677
v -0.072915 1.782367 -0.071756
v -0.071065 1.785918 -0.075590
v -0.069113 1.789677 -0.079168
v -0.067090 1.793587 -0.082540
v -0.064914 1.797823 -0.085317
v -0.062564 1.802358 -0.087475
v -0.060149 1.806965 -0.089390
v -0.057680 1.811707 -0.090825
v -0.055151 1.816571 -0.091606
v -0.052599 1.821475 -0.091685
v -0.050154 1.826385 -0.090951
v -0.047744 1.831222 -0.089724
v -0.045076 1.835906 -0.088420
v -0.042584 1.840521 -0.086729
v -0.040439 1.844925 -0.084132
v -0.038112 1.849156 -0.081405
v -0.035677 1.853274 -0.078599
v -0.033249 1.857388 -0.075783
v -0.030896 1.861390 -0.072779
v -0.028813 1.864859 -0.068989
v -0.026719 1.868009 -0.064939
v -0.024540 1.870636 -0.060571
v -0.022456 1.872788 -0.055907
v -0.020476 1.874444 -0.050999
v -0.018402 1.875870 -0.046057
v -0.016271 1.877140 -0.041097
v -0.014212 1.878371 -0.036096
l 2273 2274 2275 2276 2277 2278 2279 2280 2281 2282 2283 2284 2285 2286 2287 2288 2289 2290 2291 2292 2293 2294 2295 2296 2297 2298 2299 2300 2301 2302 2303 2304
v -0.079529 1.758021 -0.031212
v -0.082019 1.759262 -0.036875
v -0.081211 1.761230 -0.042919
v -0.080137 1.763455 -0.048830
v -0.078842 1.765983 -0.054573
v -0.077355 1.768807 -0.060128
v -0.075691 1.771905 -0.065483
v -0.073873 1.775262 -0.070628
v -0.071937 1.778801 -0.075608
v -0.069758 1.782834 -0.080052
v -0.067346 1.787394 -0.083839
v -0.064826 1.792299 -0.087090
v -0.062200 1.797455 -0.089829
v -0.059478 1.802788 -0.092103
v -0.056688 1.808281 -0.093833
v -0.053829 1.813916 -0.094817
v -0.051009 1.819648 -0.094912
v -0.048348 1.825375 -0.093975
v -0.045646 1.830956 -0.092369
v -0.042770 1.836392 -0.090603
v -0.040161 1.841685 -0.088133
v -0.037676 1.846723 -0.085051
v -0.035073 1.851572 -0.081769
v -0.032320 1.856291 -0.078421
v -0.029751 1.860805 -0.074697
v -0.027517 1.864729 -0.070153
v -0.025182 1.868204 -0.065303
v -0.022803 1.871229 -0.060191
v -0.020530 1.873345 -0.054585
v -0.018242 1.875231 -0.048904
v -0.015933 1.876675 -0.043103
v -0.013625 1.878075 -0.037290
l 2305 2306 2307 2308 2309 2310 2311 2312 2313 2314 2315 2316 2317 2318 2319 2320 2321 2322 2323 2324 2325 2326 2327 2328 2329 2330 2331 2332 2333 2334 2335 2336
v -0.078588 1.752584 -0.032374
v -0.081269 1.753639 -0.038313
v -0.080503 1.755609 -0.044681
v -0.079442 1.757817 -0.050926
v -0.078128 1.760331 -0.057005
v -0.076581 1.763169 -0.062882
v -0.074820 1.766315 -0.068538
v -0.072874 1.769746 -0.073964
v -0.070788 1.773384 -0.079203
v -0.068408 1.777580 -0.083826
v -0.065826 1.782304 -0.087821
v -0.063182 1.787406 -0.091268
v -0.060468 1.792805 -0.094173
v -0.057666 1.798404 -0.096570
v -0.054820 1.804202 -0.098349
v -0.051965 1.810180 -0.099304
v -0.049147 1.816253 -0.099339
v -0.046453 1.822318 -0.098464
v -0.043823 1.828259 -0.096807
v -0.041110 1.834022 -0.094704
v -0.038412 1.839617 -0.092186
v -0.035932 1.845025 -0.089095
v -0.033453 1.850155 -0.085552
v -0.030854 1.855066 -0.081796
v -0.028325 1.859666 -0.077624
v -0.025999 1.863849 -0.072933
v -0.023656 1.867392 -0.067740
v -0.021330 1.870493 -0.062269
v -0.019062 1.872890 -0.056427
v -0.016869 1.874865 -0.050402
v -0.014749 1.876433 -0.044231
v -0.012440 1.877868 -0.038095
l 2337 2338 2339 2340 2341 2342 2343 2344 2345 2346 2347 2348 2349 2350 2351 2352 2353 2354 2355 2356 2357 2358 2359 2360 2361 2362 2363 2364 2365 2366 2367 2368
g card_67
v -0.060002 1.761931 -0.078408
v -0.062008 1.763392 -0.083343
v -0.061449 1.766621 -0.087836
v -0.060063 1.770353 -0.091724
v -0.058211 1.774412 -0.095052
v -0.056117 1.778716 -0.097896
v -0.053897 1.783204 -0.100330
v -0.051623 1.787837 -0.102425
v -0.049345 1.792570 -0.104276
v -0.047080 1.797430 -0.105704
v -0.044875 1.802508 -0.106278
v -0.042847 1.807690 -0.106432
v -0.040906 1.812899 -0.106151
v -0.038999 1.818051 -0.105306
v -0.037038 1.823030 -0.103765
v -0.035155 1.827950 -0.101959
v -0.033388 1.832783 -0.099835
v -0.031656 1.837456 -0.097347
v -0.029942 1.842036 -0.094683
v -0.028249 1.846425 -0.091703
v -0.026573 1.850637 -0.088468
v -0.024889 1.854626 -0.084968
v -0.023201 1.858334 -0.081169
v -0.021511 1.861828 -0.077181
v -0.019826 1.864818 -0.072794
v -0.018139 1.867675 -0.068326
v -0.016455 1.869852 -0.063483
v -0.014774 1.871999 -0.058627
v -0.013150 1.873658 -0.053564
v -0.011548 1.875141 -0.048439
v -0.009915 1.876454 -0.043278
v -0.008260 1.877637 -0.038092
l 2369 2370 2371 2372 2373 2374 2375 2376 2377 2378 2379 2380 2381 2382 2383 2384 2385 2386 2387 2388 2389 2390 2391 2392 2393 2394 2395 2396 2397 2398 2399 2400
v -0.073232 1.732821 -0.036124
v -0.075802 1.733210 -0.043048
v -0.074671 1.735169 -0.050236
v -0.073234 1.737442 -0.057274
v -0.071509 1.740088 -0.064113
v -0.069505 1.743144 -0.070701
v -0.067239 1.746611 -0.076992
v -0.064742 1.750450 -0.082975
v -0.062094 1.754545 -0.088721
v -0.059082 1.759359 -0.093638
v -0.055860 1.764721 -0.097827
v -0.052560 1.770441 -0.101448
v -0.049259 1.776528 -0.104396
v -0.046095 1.782957 -0.106711
v -0.043115 1.789636 -0.108508
v -0.040392 1.796544 -0.109747
v -0.037863 1.803610 -0.110050
v -0.035415 1.810690 -0.109333
v -0.033092 1.817685 -0.107815
v -0.030919 1.824511 -0.105507
v -0.028799 1.831090 -0.102516
v -0.026671 1.837393 -0.098987
v -0.024586 1.843437 -0.094997
v -0.022536 1.849219 -0.090641
v -0.020534 1.854485 -0.085636
v -0.018530 1.859408 -0.080308
v -0.016514 1.863605 -0.074385
v -0.014458 1.867290 -0.068145
v -0.012379 1.870381 -0.061595
v -0.010342 1.872885 -0.054785
v -0.008336 1.875046 -0.047849
v -0.006314 1.876757 -0.040792
l 2401 2402 2403 2404 2405 2406 2407 2408 2409 2410 2411 2412 2413 2414 2415 2416 2417 2418 2419 2420 2421 2422 2423 2424 2425 2426 2427 2428 2429 2430 2431 2432
v -0.016659 1.842029 -0.074982
v -0.017076 1.843882 -0.076029
v -0.017409 1.845855 -0.076833
v -0.017678 1.847918 -0.077449
v -0.017923 1.850002 -0.078000
v -0.018103 1.852129 -0.078369
v -0.018205 1.854278 -0.078522
v -0.018191 1.856441 -0.078351
v -0.017959 1.858447 -0.077586
v -0.017623 1.860300 -0.076544
v -0.017198 1.861994 -0.075259
v -0.016695 1.863488 -0.073768
v -0.016170 1.864906 -0.072214
v -0.015618 1.866172 -0.070558
v -0.015013 1.867076 -0.068680
v -0.014409 1.867979 -0.066803
v -0.013804 1.868883 -0.064925
v -0.013200 1.869786 -0.063047
v -0.012596 1.870689 -0.061169
v -0.011998 1.871508 -0.059254
v -0.011413 1.872163 -0.057270
v -0.010832 1.872784 -0.055274
v -0.010251 1.873405 -0.053278
v -0.009670 1.874026 -0.051282
v -0.009089 1.874647 -0.049286
v -0.008505 1.875229 -0.047280
v -0.007915 1.875728 -0.045252
v -0.007325 1.876211 -0.043221
v -0.006734 1.876695 -0.041190
v -0.006144 1.877178 -0.039159
v -0.005554 1.877662 -0.037128
v -0.004963 1.878145 -0.035097
l 2433 2434 2435 2436 2437 2438 2439 2440 2441 2442 2443 2444 2445 2446 2447 2448 2449 2450 2451 2452 2453 2454 2455 2456 2457 2458 2459 2460 2461 2462 2463 2464
v -0.035605 1.796647 -0.093096
v -0.037229 1.797905 -0.096766
v -0.038477 1.799915 -0.100235
v -0.039158 1.802737 -0.103253
v -0.039011 1.806398 -0.105196
v -0.038260 1.810411 -0.106042
v -0.037174 1.814454 -0.106057
v -0.035934 1.818430 -0.105524
v -0.034653 1.822334 -0.104642
v -0.033377 1.826190 -0.103555
v -0.032125 1.829943 -0.102157
v -0.030884 1.833532 -0.100354
v -0.029635 1.837054 -0.098425
v -0.028386 1.840532 -0.096420
v -0.027139 1.843851 -0.094168
v -0.025895 1.847075 -0.091772
v -0.024657 1.850240 -0.089295
v -0.023446 1.853208 -0.086580
v -0.022247 1.856083 -0.083755
v -0.021046 1.858901 -0.080874
v -0.019846 1.861363 -0.077695
v -0.018645 1.863686 -0.074402
v -0.017444 1.865986 -0.071092
v -0.016238 1.867826 -0.067519
v -0.015030 1.869537 -0.063873
v -0.013822 1.871248 -0.060226
v -0.012638 1.872640 -0.056442
v -0.011472 1.873817 -0.052577
v -0.010308 1.874972 -0.048704
v -0.009119 1.875990 -0.044801
v -0.007912 1.876901 -0.040877
v -0.006703 1.877807 -0.036953
l 2465 2466 2467 2468 2469 2470 2471 2472 2473 2474 2475 2476 2477 2478 2479 2480 2481 2482 2483 2484 2485 2486 2487 2488 2489 2490 2491 2492 2493 2494 2495 2496
v -0.069997 1.749867 -0.059912
v -0.072216 1.750789 -0.065642
v -0.071097 1.753576 -0.071215
v -0.069459 1.756761 -0.076435
v -0.067463 1.760305 -0.081287
v -0.065220 1.764171 -0.085773
v -0.062811 1.768322 -0.089905
v -0.060295 1.772709 -0.093718
v -0.057727 1.777263 -0.097296
v -0.055097 1.782230 -0.100182
v -0.052409 1.787514 -0.102400
v -0.049814 1.793013 -0.104164
v -0.047261 1.798671 -0.105399
v -0.044796 1.804467 -0.105982
v -0.042494 1.810362 -0.105944
v -0.040292 1.816261 -0.105309
v -0.038065 1.822009 -0.103923
v -0.035867 1.827580 -0.101868
v -0.033803 1.833047 -0.099425
v -0.031796 1.838372 -0.096644
v -0.029830 1.843516 -0.093518
v -0.027894 1.848445 -0.090042
v -0.025971 1.853132 -0.086250
v -0.024038 1.857451 -0.082037
v -0.022104 1.861509 -0.077591
v -0.020160 1.864930 -0.072625
v -0.018216 1.868096 -0.067504
v -0.016277 1.870538 -0.061988
v -0.014355 1.872859 -0.056419
v -0.012519 1.874540 -0.050592
v -0.010669 1.876144 -0.044748
v -0.008773 1.877485 -0.038853
l 2497 2498 2499 2500 2501 2502 2503 2504 2505 2506 2507 2508 2509 2510 2511 2512 2513 2514 2515 2516 2517 2518 2519 2520 2521 2522 2523 2524 2525 2526 2527 2528
v -0.075202 1.738620 -0.034220
v -0.078540 1.739268 -0.040300
v -0.077571 1.741340 -0.047257
v -0.076302 1.743552 -0.054122
v -0.074765 1.746057 -0.060828
v -0.072964 1.748925 -0.067321
v -0.070900 1.752205 -0.073534
v -0.068612 1.755838 -0.079467
v -0.066050 1.759935 -0.084944
v -0.063196 1.764630 -0.089776
v -0.060199 1.769727 -0.094087
v -0.057095 1.775205 -0.097817
v -0.054025 1.781064 -0.100954
v -0.050901 1.787189 -0.103472
v -0.047947 1.793609 -0.105397
v -0.044998 1.800216 -0.106539
v -0.042352 1.807030 -0.106972
v -0.039844 1.813875 -0.106365
v -0.037296 1.820544 -0.104774
v -0.034876 1.827067 -0.102502
v -0.032583 1.833405 -0.099651
v -0.030344 1.839562 -0.096381
v -0.028128 1.845395 -0.092567
v -0.025926 1.850892 -0.088262
v -0.023732 1.856061 -0.083570
v -0.021545 1.860720 -0.078378
v -0.019356 1.864796 -0.072705
v -0.017170 1.868353 -0.066702
v -0.014993 1.871168 -0.060302
v -0.012856 1.873580 -0.053727
v -0.010764 1.875524 -0.046982
v -0.008614 1.877138 -0.040169
l 2529 2530 2531 2532 2533 2534 2535 2536 2537 2538 2539 2540 2541 2542 2543 2544 2545 2546 2547 2548 2549 2550 2551 2552 2553 2554 2555 2556 2557 2558 2559 2560
g card_68
v -0.062692 1.725525 -0.052489
v -0.063949 1.725863 -0.059482
v -0.062052 1.728668 -0.065903
v -0.059857 1.731906 -0.072017
v -0.057435 1.735561 -0.077801
v -0.054848 1.739609 -0.083241
v -0.052147 1.744003 -0.088350
v -0.049380 1.748695 -0.093150
v -0.046592 1.753586 -0.097738
v -0.043628 1.758967 -0.101597
v -0.040639 1.764812 -0.104681
v -0.037769 1.770983 -0.107201
v -0.035055 1.777428 -0.109138
v -0.032475 1.784061 -0.110564
v -0.030068 1.790840 -0.111531
v -0.027853 1.797738 -0.111835
v -0.025794 1.804667 -0.111295
v -0.023849 1.811517 -0.109932
v -0.022081 1.818253 -0.107898
v -0.020509 1.824894 -0.105421
v -0.019025 1.831293 -0.102366
v -0.017556 1.837423 -0.098760
v -0.016079 1.843303 -0.094799
v -0.014585 1.848745 -0.090227
v -0.013077 1.853909 -0.085381
v -0.011531 1.858415 -0.079899
v -0.009950 1.862710 -0.074280
v -0.008229 1.866186 -0.068140
v -0.006493 1.869427 -0.061887
v -0.004767 1.871778 -0.055236
v -0.003043 1.874006 -0.048542
v -0.001286 1.875904 -0.041756
l 2561 2562 2563 2564 2565 2566 2567 2568 2569 2570 2571 2572 2573 2574 2575 2576 2577 2578 2579 2580 2581 2582 2583 2584 2585 2586 2587 2588 2589 2590 2591 2592
v -0.061087 1.736964 -0.063945
v -0.063209 1.736988 -0.070196
v -0.061964 1.739801 -0.076180
v -0.060075 1.743218 -0.081662
v -0.057793 1.747099 -0.086667
v -0.055266 1.751347 -0.091239
v -0.052588 1.755897 -0.095419
v -0.049803 1.760681 -0.099256
v -0.046947 1.765627 -0.102829
v -0.044100 1.771037 -0.105598
v -0.041374 1.776820 -0.107710
v -0.038790 1.782799 -0.109420
v -0.036388 1.788962 -0.110666
v -0.034154 1.795261 -0.111496
v -0.032026 1.801628 -0.111598
v -0.030016 1.808001 -0.110811
v -0.028151 1.814331 -0.109470
v -0.026427 1.820558 -0.107593
v -0.024760 1.826598 -0.105129
v -0.023021 1.832424 -0.102234
v -0.021313 1.838009 -0.098889
v -0.019764 1.843384 -0.095132
v -0.018241 1.848581 -0.091142
v -0.016731 1.853352 -0.086631
v -0.015197 1.857835 -0.081861
v -0.013555 1.861634 -0.076544
v -0.011897 1.865274 -0.071132
v -0.010170 1.868216 -0.065322
v -0.008444 1.870957 -0.059419
v -0.006815 1.872970 -0.053199
v -0.005180 1.874939 -0.046966
v -0.003455 1.876529 -0.040650
l 2593 2594 2595 2596 2597 2598 2599 2600 2601 2602 2603 2604 2605 2606 2607 2608 2609 2610 2611 2612 2613 2614 2615 2616 2617 2618 2619 2620 2621 2622 2623 2624
v -0.050484 1.740096 -0.076732
v -0.052106 1.740507 -0.082619
v -0.050673 1.743910 -0.087695
v -0.048695 1.747893 -0.092131
v -0.046447 1.752263 -0.096049
v -0.044046 1.756911 -0.099534
v -0.041561 1.761803 -0.102601
v -0.039061 1.766902 -0.105299
v -0.036582 1.772149 -0.107722
v -0.034243 1.777738 -0.109363
v -0.032017 1.783494 -0.110571
v -0.029921 1.789356 -0.111448
v -0.027968 1.795311 -0.111938
v -0.026161 1.801310 -0.111649
v -0.024444 1.807290 -0.110751
v -0.022779 1.813227 -0.109517
v -0.021333 1.819057 -0.107708
v -0.020062 1.824809 -0.105503
v -0.018788 1.830351 -0.102861
v -0.017501 1.835656 -0.099737
v -0.016217 1.840815 -0.096390
v -0.014943 1.845690 -0.092629
v -0.013668 1.850354 -0.088610
v -0.012370 1.854680 -0.084245
v -0.011051 1.858614 -0.079519
v -0.009700 1.862359 -0.074668
v -0.008230 1.865398 -0.069362
v -0.006747 1.868278 -0.063974
v -0.005257 1.870644 -0.058342
v -0.003770 1.872598 -0.052551
v -0.002275 1.874456 -0.046731
v -0.000767 1.876116 -0.040855
l 2625 2626 2627 2628 2629 2630 2631 2632 2633 2634 2635 2636 2637 2638 2639 2640 2641 2642 2643 2644 2645 2646 2647 2648 2649 2650 2651 2652 2653 2654 2655 2656
v -0.021502 1.793382 -0.098748
v -0.022469 1.794360 -0.102649
v -0.023027 1.796538 -0.106115
v -0.022994 1.799768 -0.108683
v -0.022429 1.803693 -0.109844
v -0.021602 1.807743 -0.109952
v -0.020689 1.811742 -0.109418
v -0.019786 1.815646 -0.108391
v -0.018892 1.819493 -0.107155
v -0.018010 1.823296 -0.105793
v -0.017200 1.826908 -0.103945
v -0.016393 1.830514 -0.102081
v -0.015586 1.834111 -0.100201
v -0.014795 1.837595 -0.098117
v -0.014032 1.840877 -0.095716
v -0.013270 1.844160 -0.093314
v -0.012506 1.847428 -0.090895
v -0.011721 1.850471 -0.088206
v -0.010915 1.853190 -0.085192
v -0.010110 1.855908 -0.082178
v -0.009301 1.858613 -0.079153
v -0.008433 1.861015 -0.075899
v -0.007509 1.863072 -0.072429
v -0.006584 1.865128 -0.068959
v -0.005659 1.867176 -0.065485
v -0.004718 1.868916 -0.061851
v -0.003766 1.870285 -0.058064
v -0.002813 1.871654 -0.054277
v -0.001861 1.873021 -0.050489
v -0.000909 1.874218 -0.046644
v 0.000042 1.875371 -0.042785
v 0.000994 1.876525 -0.038927
l 2657 2658 2659 2660 2661 2662 2663 2664 2665 2666 2667 2668 2669 2670 2671 2672 2673 2674 2675 2676 2677 2678 2679 2680 2681 2682 2683 2684 2685 2686 2687 2688
g card_69
v 0.062503 1.771375 -0.077286
v 0.064721 1.773119 -0.081458
v 0.064649 1.776508 -0.085244
v 0.063718 1.780348 -0.088450
v 0.062290 1.784422 -0.091148
v 0.060576 1.788637 -0.093438
v 0.058697 1.792951 -0.095391
v 0.056726 1.797340 -0.097069
v 0.054708 1.801777 -0.098555
v 0.052639 1.806294 -0.099647
v 0.050520 1.810893 -0.100119
v 0.048406 1.815521 -0.100005
v 0.046323 1.820140 -0.099473
v 0.044257 1.824729 -0.098683
v 0.042265 1.829273 -0.097545
v 0.040378 1.833724 -0.095945
v 0.038522 1.838026 -0.093951
v 0.036651 1.842143 -0.091608
v 0.034721 1.846052 -0.088971
v 0.032860 1.849816 -0.086086
v 0.031082 1.853363 -0.082899
v 0.029359 1.856604 -0.079363
v 0.027643 1.859683 -0.075690
v 0.025899 1.862384 -0.071735
v 0.024155 1.864944 -0.067691
v 0.022433 1.867177 -0.063446
v 0.020718 1.869288 -0.059139
v 0.019012 1.871045 -0.054669
v 0.017353 1.872672 -0.050133
v 0.015757 1.874172 -0.045531
v 0.014213 1.875575 -0.040881
v 0.012720 1.876881 -0.036187
l 2689 2690 2691 2692 2693 2694 2695 2696 2697 2698 2699 2700 2701 2702 2703 2704 2705 2706 2707 2708 2709 2710 2711 2712 2713 2714 2715 2716 2717 2718 2719 2720
g card_70
v 0.035254 1.815599 -0.086346
v 0.036399 1.817353 -0.089034
v 0.037269 1.819604 -0.091422
v 0.037921 1.822180 -0.093540
v 0.038255 1.825089 -0.095212
v 0.038155 1.828304 -0.096190
v 0.037598 1.831654 -0.096295
v 0.036735 1.834888 -0.095656
v 0.035727 1.837954 -0.094573
v 0.034654 1.840899 -0.093241
v 0.033548 1.843765 -0.091767
v 0.032417 1.846470 -0.090056
v 0.031260 1.848956 -0.088033
v 0.030112 1.851391 -0.085944
v 0.029001 1.853636 -0.083640
v 0.027909 1.855784 -0.081230
v 0.026817 1.857932 -0.078820
v 0.025696 1.859817 -0.076216
v 0.024567 1.861605 -0.073544
v 0.023438 1.863384 -0.070865
v 0.022321 1.865020 -0.068093
v 0.021220 1.866498 -0.065226
v 0.020121 1.867965 -0.062353
v 0.019042 1.869318 -0.059420
v 0.017990 1.870508 -0.056405
v 0.016943 1.871650 -0.053370
v 0.015906 1.872699 -0.050298
v 0.014871 1.873714 -0.047214
v 0.013851 1.874708 -0.044118
v 0.012889 1.875608 -0.040975
v 0.011942 1.876485 -0.037821
v 0.010995 1.877361 -0.034667
l 2721 2722 2723 2724 2725 2726 2727 2728 2729 2730 2731 2732 2733 2734 2735 2736 2737 2738 2739 2740 2741 2742 2743 2744 2745 2746 2747 2748 2749 2750 2751 2752
v 0.072766 1.750998 -0.055343
v 0.074406 1.752156 -0.061193
v 0.072972 1.754704 -0.066725
v 0.071312 1.757635 -0.071997
v 0.069471 1.760984 -0.076950
v 0.067485 1.764755 -0.081528
v 0.065385 1.768903 -0.085713
v 0.063200 1.773343 -0.089542
v 0.060964 1.777982 -0.093098
v 0.058624 1.782911 -0.096120
v 0.056147 1.788163 -0.098447
v 0.053632 1.793552 -0.100391
v 0.051120 1.799075 -0.101905
v 0.048584 1.804711 -0.102837
v 0.046080 1.810433 -0.103121
v 0.043691 1.816202 -0.102794
v 0.041377 1.821937 -0.101867
v 0.039083 1.827552 -0.100348
v 0.036901 1.833029 -0.098257
v 0.034881 1.838347 -0.095663
v 0.032847 1.843356 -0.092514
v 0.030764 1.848082 -0.088984
v 0.028690 1.852469 -0.085041
v 0.026719 1.856412 -0.080599
v 0.024715 1.860056 -0.075923
v 0.022686 1.863324 -0.070988
v 0.020692 1.866220 -0.065810
v 0.018729 1.868893 -0.060503
v 0.016858 1.871097 -0.054952
v 0.014994 1.873043 -0.049302
v 0.013141 1.874894 -0.043617
v 0.011433 1.876509 -0.037816
l 2753 2754 2755 2756 2757 2758 2759 2760 2761 2762 2763 2764 2765 2766 2767 2768 2769 2770 2771 2772 2773 2774 2775 2776 2777 2778 2779 2780 2781 2782 2783 2784
v 0.063822 1.754404 -0.071411
v 0.065904 1.755378 -0.076684
v 0.064912 1.758616 -0.081465
v 0.063338 1.762326 -0.085722
v 0.061434 1.766391 -0.089493
v 0.059344 1.770746 -0.092818
v 0.057133 1.775314 -0.095758
v 0.054838 1.780022 -0.098403
v 0.052503 1.784819 -0.100846
v 0.050160 1.789839 -0.102738
v 0.047825 1.795046 -0.104088
v 0.045516 1.800345 -0.105088
v 0.043331 1.805755 -0.105640
v 0.041219 1.811216 -0.105540
v 0.039111 1.816638 -0.104817
v 0.037075 1.822017 -0.103664
v 0.035234 1.827334 -0.102038
v 0.033572 1.832544 -0.099916
v 0.031890 1.837567 -0.097410
v 0.030125 1.842277 -0.094399
v 0.028268 1.846679 -0.090997
v 0.026452 1.850812 -0.087257
v 0.024728 1.854635 -0.083154
v 0.022980 1.858210 -0.078848
v 0.021206 1.861402 -0.074255
v 0.019454 1.864366 -0.069506
v 0.017743 1.867008 -0.064554
v 0.016110 1.869382 -0.059443
v 0.014522 1.871489 -0.054203
v 0.012876 1.873247 -0.048851
v 0.011237 1.874995 -0.043494
v 0.009746 1.876527 -0.038029
l 2785 2786 2787 2788 2789 2790 2791 2792 2793 2794 2795 2796 2797 2798 2799 2800 2801 2802 2803 2804 2805 2806 2807 2808 2809 2810 2811 2812 2813 2814 2815 2816
g card_71
v 0.025020 1.782397 -0.099253
v 0.025776 1.784151 -0.103240
v 0.025714 1.787413 -0.106211
v 0.025235 1.791216 -0.108406
v 0.024436 1.795371 -0.109660
v 0.023495 1.799652 -0.110205
v 0.022532 1.803963 -0.110174
v 0.021591 1.808258 -0.109738
v 0.020676 1.812522 -0.109016
v 0.019785 1.816753 -0.108096
v 0.018959 1.820894 -0.106799
v 0.018159 1.824916 -0.105154
v 0.017372 1.828844 -0.103284
v 0.016588 1.832755 -0.101379
v 0.015768 1.836420 -0.099056
v 0.014931 1.839926 -0.096498
v 0.014091 1.843413 -0.093912
v 0.013232 1.846786 -0.091187
v 0.012328 1.849813 -0.088099
v 0.011418 1.852794 -0.084964
v 0.010507 1.855767 -0.081821
v 0.009567 1.858306 -0.078331
v 0.008625 1.860799 -0.074804
v 0.007683 1.863287 -0.071273
v 0.006817 1.865283 -0.067427
v 0.005957 1.867241 -0.063558
v 0.005096 1.869199 -0.059689
v 0.004276 1.870861 -0.055676
v 0.003494 1.872261 -0.051556
v 0.002713 1.873653 -0.047433
v 0.001894 1.875020 -0.043309
v 0.001067 1.876381 -0.039185
l 2817 2818 2819 2820 2821 2822 2823 2824 2825 2826 2827 2828 2829 2830 2831 2832 2833 2834 2835 2836 2837 2838 2839 2840 2841 2842 2843 2844 2845 2846 2847 2848
v 0.071705 1.727731 -0.034312
v 0.073661 1.728638 -0.041650
v 0.072119 1.730923 -0.048783
v 0.070505 1.733406 -0.055834
v 0.068732 1.736178 -0.062737
v 0.066738 1.739326 -0.069413
v 0.064499 1.742897 -0.075791
v 0.062022 1.746892 -0.081818
v 0.059358 1.751244 -0.087510
v 0.056578 1.755843 -0.092949
v 0.053525 1.761196 -0.097406
v 0.050324 1.767099 -0.101054
v 0.047136 1.773324 -0.104133
v 0.044056 1.779852 -0.106643
v 0.041143 1.786654 -0.108551
v 0.038370 1.793640 -0.109948
v 0.035792 1.800802 -0.110588
v 0.033464 1.808057 -0.110151
v 0.031307 1.815306 -0.109041
v 0.029376 1.822382 -0.106923
v 0.027530 1.829236 -0.104086
v 0.025681 1.835818 -0.100667
v 0.023797 1.842004 -0.096594
v 0.021869 1.847565 -0.091723
v 0.019899 1.852641 -0.086357
v 0.017908 1.857376 -0.080692
v 0.015921 1.861539 -0.074596
v 0.013978 1.865284 -0.068219
v 0.012093 1.868620 -0.061601
v 0.010285 1.871416 -0.054717
v 0.008510 1.873781 -0.047665
v 0.006808 1.875917 -0.040522
l 2849 2850 2851 2852 2853 2854 2855 2856 2857 2858 2859 2860 2861 2862 2863 2864 2865 2866 2867 2868 2869 2870 2871 2872 2873 2874 2875 2876 2877 2878 2879 2880
g card_72
v 0.053859 1.716824 -0.056065
v 0.055619 1.716997 -0.063154
v 0.054587 1.720256 -0.069722
v 0.053191 1.724015 -0.075946
v 0.051511 1.728236 -0.081792
v 0.049626 1.732866 -0.087254
v 0.047604 1.737853 -0.092341
v 0.045491 1.743108 -0.097113
v 0.043316 1.748503 -0.101701
v 0.041153 1.754305 -0.105728
v 0.039103 1.760676 -0.108861
v 0.037185 1.767403 -0.111279
v 0.035371 1.774328 -0.113164
v 0.033646 1.781396 -0.114537
v 0.032040 1.788575 -0.115325
v 0.030617 1.795836 -0.115418
v 0.029372 1.803095 -0.114746
v 0.028205 1.810278 -0.113378
v 0.027050 1.817324 -0.111452
v 0.026083 1.824132 -0.108717
v 0.025228 1.830662 -0.105338
v 0.024312 1.836852 -0.101383
v 0.023307 1.842619 -0.096862
v 0.022127 1.847848 -0.091750
v 0.020930 1.852894 -0.086465
v 0.019715 1.857462 -0.080766
v 0.018561 1.861515 -0.074676
v 0.017397 1.865148 -0.068326
v 0.016209 1.868499 -0.061828
v 0.014990 1.871404 -0.055125
v 0.013779 1.873653 -0.048171
v 0.012640 1.875760 -0.041161
l 2881 2882 2883 2884 2885 2886 2887 2888 2889 2890 2891 2892 2893 2894 2895 2896 2897 2898 2899 2900 2901 2902 2903 2904 2905 2906 2907 2908 2909 2910 2911 2912
v 0.063109 1.707901 -0.032958
v 0.064154 1.709091 -0.040823
v 0.062158 1.712163 -0.048067
v 0.060319 1.715379 -0.055290
v 0.058538 1.718879 -0.062394
v 0.056744 1.722710 -0.069321
v 0.054855 1.726902 -0.076008
v 0.052839 1.731439 -0.082429
v 0.050733 1.736226 -0.088637
v 0.048470 1.741964 -0.093847
v 0.046003 1.748081 -0.098580
v 0.043513 1.754377 -0.103055
v 0.041161 1.761132 -0.106859
v 0.038988 1.768376 -0.109762
v 0.037007 1.775968 -0.111799
v 0.035125 1.783731 -0.113234
v 0.033280 1.791578 -0.114131
v 0.031595 1.799504 -0.114238
v 0.030259 1.807418 -0.113250
v 0.029088 1.815182 -0.111216
v 0.027781 1.822731 -0.108550
v 0.026574 1.830047 -0.105260
v 0.025437 1.836932 -0.101166
v 0.024287 1.843119 -0.096048
v 0.023004 1.848851 -0.090447
v 0.021654 1.854255 -0.084546
v 0.020263 1.859148 -0.078225
v 0.018919 1.863442 -0.071472
v 0.017621 1.867164 -0.064376
v 0.016246 1.870444 -0.057079
v 0.014844 1.873097 -0.049536
v 0.013493 1.875438 -0.041881
l 2913 2914 2915 2916 2917 2918 2919 2920 2921 2922 2923 2924 2925 2926 2927 2928 2929 2930 2931 2932 2933 2934 2935 2936 2937 2938 2939 2940 2941 2942 2943 2944
g card_73
v 0.024043 1.754972 -0.096382
v 0.024915 1.754820 -0.101966
v 0.025083 1.757167 -0.107092
v 0.024849 1.760690 -0.111497
v 0.024241 1.765356 -0.114595
v 0.023447 1.770579 -0.116573
v 0.022588 1.776031 -0.117770
v 0.021727 1.781577 -0.118420
v 0.020881 1.787158 -0.118725
v 0.020057 1.792750 -0.118788
v 0.019306 1.798332 -0.118360
v 0.018751 1.803843 -0.117269
v 0.018301 1.809302 -0.115870
v 0.017891 1.814584 -0.113914
v 0.017490 1.819804 -0.111781
v 0.017083 1.824969 -0.109517
v 0.016644 1.829821 -0.106662
v 0.016198 1.834612 -0.103695
v 0.015707 1.839227 -0.100468
v 0.015151 1.843537 -0.096857
v 0.014573 1.847758 -0.093140
v 0.013871 1.851438 -0.088913
v 0.013155 1.855050 -0.084623
v 0.012488 1.858457 -0.080162
v 0.011904 1.861525 -0.075450
v 0.011239 1.864348 -0.070598
v 0.010570 1.867048 -0.065676
v 0.009960 1.869370 -0.060558
v 0.009353 1.871646 -0.055418
v 0.008762 1.873393 -0.050075
v 0.008171 1.875123 -0.044725
v 0.007645 1.876587 -0.039289
l 2945 2946 2947 2948 2949 2950 2951 2952 2953 2954 2955 2956 2957 2958 2959 2960 2961 2962 2963 2964 2965 2966 2967 2968 2969 2970 2971 2972 2973 2974 2975 2976
v 0.035234 1.740516 -0.086417
v 0.036393 1.740209 -0.092549
v 0.036246 1.742760 -0.098236
v 0.035553 1.746378 -0.103275
v 0.034433 1.750972 -0.107343
v 0.033099 1.756158 -0.110546
v 0.031693 1.761702 -0.113046
v 0.030304 1.767476 -0.114975
v 0.028962 1.773389 -0.116473
v 0.027657 1.779368 -0.117728
v 0.026534 1.785485 -0.118110
v 0.025486 1.791644 -0.118133
v 0.024542 1.797798 -0.117671
v 0.023686 1.803913 -0.116737
v 0.022917 1.809951 -0.115339
v 0.022294 1.815782 -0.113207
v 0.021710 1.821550 -0.110878
v 0.021116 1.827117 -0.108111
v 0.020513 1.832449 -0.104916
v 0.019897 1.837713 -0.101609
v 0.019171 1.842508 -0.097680
v 0.018431 1.847244 -0.093672
v 0.017526 1.851308 -0.089025
v 0.016602 1.855297 -0.084306
v 0.015714 1.858943 -0.079312
v 0.014862 1.862245 -0.074078
v 0.014034 1.865335 -0.068713
v 0.013218 1.868080 -0.063161
v 0.012410 1.870643 -0.057521
v 0.011593 1.872769 -0.051704
v 0.010773 1.874706 -0.045821
v 0.010000 1.876362 -0.039847
l 2977 2978 2979 2980 2981 2982 2983 2984 2985 2986 2987 2988 2989 2990 2991 2992 2993 2994 2995 2996 2997 2998 2999 3000 3001 3002 3003 3004 3005 3006 3007 3008
v 0.037416 1.706652 -0.062333
v 0.038640 1.706333 -0.069854
v 0.037449 1.709674 -0.076677
v 0.035996 1.713721 -0.083053
v 0.034391 1.718358 -0.088974
v 0.032689 1.723489 -0.094443
v 0.030928 1.729019 -0.099490
v 0.029146 1.734862 -0.104164
v 0.027373 1.740934 -0.108542
v 0.025647 1.747329 -0.112406
v 0.024056 1.754290 -0.115240
v 0.022607 1.761549 -0.117313
v 0.021269 1.768987 -0.118720
v 0.020036 1.776541 -0.119453
v 0.018935 1.784151 -0.119640
v 0.017940 1.791769 -0.119357
v 0.017108 1.799348 -0.118384
v 0.016473 1.806812 -0.116653
v 0.015952 1.814094 -0.114240
v 0.015464 1.821159 -0.111239
v 0.014963 1.828024 -0.107815
v 0.014437 1.834523 -0.103734
v 0.013853 1.840765 -0.099283
v 0.013161 1.846498 -0.094205
v 0.012324 1.851709 -0.088608
v 0.011423 1.856576 -0.082722
v 0.010602 1.860908 -0.076419
v 0.009799 1.864802 -0.069833
v 0.009015 1.868309 -0.063031
v 0.008277 1.871414 -0.056031
v 0.007559 1.873846 -0.048767
v 0.006884 1.876041 -0.041425
l 3009 3010 3011 3012 3013 3014 3015 3016 3017 3018 3019 3020 3021 3022 3023 3024 3025 3026 3027 3028 3029 3030 3031 3032 3033 3034 3035 3036 3037 3038 3039 3040
g card_74
v 0.010009 1.768264 -0.102022
v 0.010695 1.768454 -0.107039
v 0.011010 1.770904 -0.111465
v 0.011034 1.774621 -0.114895
v 0.010810 1.779328 -0.116763
v 0.010470 1.784336 -0.117510
v 0.010092 1.789400 -0.117609
v 0.009709 1.794456 -0.117323
v 0.009337 1.799488 -0.116735
v 0.008995 1.804484 -0.115916
v 0.008759 1.809382 -0.114592
v 0.008569 1.814212 -0.113039
v 0.008368 1.818904 -0.111107
v 0.008160 1.823480 -0.108910
v 0.007947 1.828035 -0.106675
v 0.007691 1.832433 -0.104152
v 0.007379 1.836593 -0.101254
v 0.007061 1.840721 -0.098313
v 0.006699 1.844588 -0.095040
v 0.006310 1.848276 -0.091569
v 0.005908 1.851876 -0.088012
v 0.005446 1.855069 -0.084088
v 0.004988 1.858242 -0.080148
v 0.004593 1.861173 -0.076019
v 0.004256 1.863854 -0.071718
v 0.003924 1.866279 -0.067266
v 0.003588 1.868572 -0.062746
v 0.003224 1.870583 -0.058096
v 0.002914 1.872444 -0.053380
v 0.002756 1.873869 -0.048507
v 0.002591 1.875291 -0.043633
v 0.002388 1.876688 -0.038753
l 3041 3042 3043 3044 3045 3046 3047 3048 3049 3050 3051 3052 3053 3054 3055 3056 3057 3058 3059 3060 3061 3062 3063 3064 3065 3066 3067 3068 3069 3070 3071 3072
g card_75
v -0.067523 1.714303 -0.029239
v -0.069378 1.715402 -0.036941
v -0.067908 1.718258 -0.044247
v -0.066472 1.721307 -0.051500
v -0.064987 1.724658 -0.058608
v -0.063382 1.728378 -0.065501
v -0.061627 1.732475 -0.072139
v -0.059716 1.736928 -0.078498
v -0.057667 1.741678 -0.084594
v -0.055526 1.746640 -0.090488
v -0.053159 1.752287 -0.095559
v -0.050564 1.758463 -0.099927
v -0.047830 1.764924 -0.103741
v -0.045078 1.771823 -0.106666
v -0.042485 1.779053 -0.108871
v -0.040136 1.786506 -0.110552
v -0.038068 1.794153 -0.111597
v -0.036225 1.801921 -0.111745
v -0.034503 1.809658 -0.110805
v -0.032839 1.817255 -0.108972
v -0.031150 1.824540 -0.106171
v -0.029452 1.831526 -0.102677
v -0.027767 1.838319 -0.098809
v -0.026055 1.844717 -0.094335
v -0.024326 1.850868 -0.089526
v -0.022579 1.856512 -0.084143
v -0.020880 1.861477 -0.078114
v -0.019227 1.865960 -0.071703
v -0.017581 1.869669 -0.064815
v -0.016018 1.872529 -0.057514
v -0.014536 1.874757 -0.049978
v -0.013084 1.876749 -0.042370
l 3073 3074 3075 3076 3077 3078 3079 3080 3081 3082 3083 3084 3085 3086 3087 3088 3089 3090 3091 3092 3093 3094 3095 3096 3097 3098 3099 3100 3101 3102 3103 3104
v -0.062587 1.707803 -0.034034
v -0.064115 1.708980 -0.041876
v -0.062610 1.712071 -0.049280
v -0.061176 1.715250 -0.056660
v -0.059661 1.718706 -0.063897
v -0.058002 1.722534 -0.070910
v -0.056187 1.726759 -0.077651
v -0.054236 1.731336 -0.084121
v -0.052191 1.736151 -0.090386
v -0.049966 1.741764 -0.095830
v -0.047487 1.747904 -0.100596
v -0.044991 1.754397 -0.104853
v -0.042462 1.761282 -0.108408
v -0.039982 1.768596 -0.110976
v -0.037619 1.776205 -0.112733
v -0.035360 1.783935 -0.114055
v -0.033357 1.791797 -0.114845
v -0.031674 1.799761 -0.114708
v -0.030179 1.807668 -0.113447
v -0.028693 1.815407 -0.111333
v -0.027184 1.822935 -0.108597
v -0.025739 1.830141 -0.105058
v -0.024377 1.837047 -0.100935
v -0.023062 1.843565 -0.096214
v -0.021675 1.849642 -0.090943
v -0.020201 1.855490 -0.085450
v -0.018540 1.860754 -0.079446
v -0.017041 1.865260 -0.072814
v -0.015569 1.868999 -0.065710
v -0.014092 1.872186 -0.058343
v -0.012654 1.874637 -0.050691
v -0.011260 1.876711 -0.042919
l 3105 3106 3107 3108 3109 3110 3111 3112 3113 3114 3115 3116 3117 3118 3119 3120 3121 3122 3123 3124 3125 3126 3127 3128 3129 3130 3131 3132 3133 3134 3135 3136
g card_76
v -0.023511 1.774760 -0.099817
v -0.024570 1.775552 -0.104573
v -0.025144 1.777911 -0.108845
v -0.025386 1.781154 -0.112537
v -0.025179 1.785315 -0.115077
v -0.024643 1.789987 -0.116453
v -0.023942 1.794833 -0.116933
v -0.023182 1.799699 -0.116761
v -0.022417 1.804531 -0.116125
v -0.021669 1.809314 -0.115165
v -0.020960 1.814009 -0.113847
v -0.020308 1.818585 -0.112112
v -0.019679 1.823063 -0.110155
v -0.019097 1.827354 -0.107784
v -0.018522 1.831611 -0.105350
v -0.017937 1.835812 -0.102825
v -0.017319 1.839838 -0.100042
v -0.016682 1.843755 -0.097104
v -0.016049 1.847557 -0.094023
v -0.015430 1.851066 -0.090614
v -0.014818 1.854436 -0.087058
v -0.014201 1.857761 -0.083461
v -0.013552 1.860651 -0.079526
v -0.012876 1.863297 -0.075413
v -0.012167 1.865797 -0.071216
v -0.011439 1.868120 -0.066922
v -0.010691 1.870116 -0.062471
v -0.009938 1.872046 -0.057989
v -0.009221 1.873621 -0.053367
v -0.008518 1.875052 -0.048695
v -0.007814 1.876392 -0.043996
v -0.007104 1.877532 -0.039245
l 3137 3138 3139 3140 3141 3142 3143 3144 3145 3146 3147 3148 3149 3150 3151 3152 3153 3154 3155 3156 3157 3158 3159 3160 3161 3162 3163 3164 3165 3166 3167 3168
v -0.013386 1.809243 -0.096465
v -0.013898 1.811358 -0.099275
v -0.014253 1.814155 -0.101366
v -0.014531 1.817249 -0.103084
v -0.014744 1.820503 -0.104452
v -0.014847 1.823957 -0.105241
v -0.014754 1.827500 -0.104978
v -0.014549 1.830917 -0.104073
v -0.014278 1.834197 -0.102756
v -0.013965 1.837345 -0.101144
v -0.013631 1.840382 -0.099329
v -0.013286 1.843350 -0.097404
v -0.012925 1.846162 -0.095263
v -0.012566 1.848833 -0.092949
v -0.012218 1.851224 -0.090343
v -0.011869 1.853615 -0.087736
v -0.011521 1.856006 -0.085130
v -0.011165 1.858311 -0.082451
v -0.010789 1.860360 -0.079576
v -0.010404 1.862286 -0.076614
v -0.009965 1.864112 -0.073598
v -0.009493 1.865873 -0.070547
v -0.009018 1.867616 -0.067487
v -0.008546 1.869067 -0.064277
v -0.008075 1.870449 -0.061037
v -0.007604 1.871823 -0.057793
v -0.007138 1.873044 -0.054492
v -0.006676 1.874082 -0.051124
v -0.006214 1.875120 -0.047757
v -0.005757 1.876095 -0.044370
v -0.005308 1.876954 -0.040951
v -0.004861 1.877791 -0.037526
l 3169 3170 3171 3172 3173 3174 3175 3176 3177 3178 3179 3180 3181 3182 3183 3184 3185 3186 3187 3188 3189 3190 3191 3192 3193 3194 3195 3196 3197 3198 3199 3200
v -0.041291 1.717586 -0.068466
v -0.043393 1.716910 -0.075402
v -0.043253 1.719516 -0.082224
v -0.042354 1.723296 -0.088410
v -0.041007 1.727864 -0.093952
v -0.039398 1.732959 -0.098939
v -0.037649 1.738453 -0.103430
v -0.035838 1.744263 -0.107477
v -0.033980 1.750287 -0.111178
v -0.032105 1.756513 -0.114474
v -0.030317 1.763335 -0.116385
v -0.028639 1.770332 -0.117661
v -0.027036 1.777420 -0.118441
v -0.025501 1.784561 -0.118728
v -0.024055 1.791725 -0.118674
v -0.022727 1.798887 -0.118156
v -0.021624 1.805939 -0.116591
v -0.020622 1.812819 -0.114334
v -0.019675 1.819575 -0.111712
v -0.018792 1.826093 -0.108526
v -0.017960 1.832383 -0.104895
v -0.017094 1.838524 -0.101028
v -0.016157 1.844305 -0.096655
v -0.015237 1.849808 -0.091934
v -0.014354 1.854779 -0.086648
v -0.013455 1.859528 -0.081167
v -0.012500 1.863492 -0.075100
v -0.011436 1.867116 -0.068842
v -0.010347 1.870157 -0.062285
v -0.009260 1.872919 -0.055604
v -0.008232 1.875026 -0.048680
v -0.007201 1.876924 -0.041697
l 3201 3202 3203 3204 3205 3206 3207 3208 3209 3210 3211 3212 3213 3214 3215 3216 3217 3218 3219 3220 3221 3222 3223 3224 3225 3226 3227 3228 3229 3230 3231 3232
v -0.050604 1.708529 -0.052160
v -0.052690 1.708198 -0.059706
v -0.051779 1.711070 -0.067001
v -0.050488 1.714538 -0.073970
v -0.048910 1.718583 -0.080559
v -0.047124 1.723156 -0.086737
v -0.045191 1.728186 -0.092503
v -0.043166 1.733574 -0.097903
v -0.041089 1.739220 -0.103013
v -0.038992 1.745203 -0.107677
v -0.036870 1.751878 -0.111303
v -0.034694 1.758892 -0.114170
v -0.032590 1.766229 -0.116154
v -0.030609 1.773768 -0.117383
v -0.028762 1.781406 -0.118113
v -0.027066 1.789105 -0.118375
v -0.025596 1.796841 -0.117888
v -0.024242 1.804508 -0.116628
v -0.023031 1.812003 -0.114482
v -0.021933 1.819292 -0.111664
v -0.020879 1.826349 -0.108292
v -0.019867 1.833151 -0.104419
v -0.018849 1.839716 -0.100157
v -0.017825 1.845935 -0.095410
v -0.016767 1.851644 -0.090064
v -0.015689 1.857017 -0.084386
v -0.014526 1.861696 -0.078137
v -0.013316 1.865773 -0.071488
v -0.012091 1.869350 -0.064558
v -0.010861 1.872416 -0.057390
v -0.009697 1.874771 -0.049945
v -0.008525 1.876856 -0.042422
l 3233 3234 3235 3236 3237 3238 3239 3240 3241 3242 3243 3244 3245 3246 3247 3248 3249 3250 3251 3252 3253 3254 3255 3256 3257 3258 3259 3260 3261 3262 3263 3264
g card_77
v -0.038503 1.692765 -0.051593
v -0.038686 1.694334 -0.059575
v -0.036325 1.698324 -0.066371
v -0.034140 1.702462 -0.073138
v -0.032113 1.706974 -0.079707
v -0.030200 1.711973 -0.085949
v -0.028363 1.717429 -0.091822
v -0.026592 1.723252 -0.097355
v -0.024859 1.729303 -0.102652
v -0.023266 1.736037 -0.107052
v -0.021815 1.743225 -0.110774
v -0.020353 1.750657 -0.113972
v -0.018924 1.758393 -0.116319
v -0.017559 1.766355 -0.117840
v -0.016235 1.774422 -0.118721
v -0.014966 1.782540 -0.119076
v -0.013765 1.790675 -0.118976
v -0.012686 1.798713 -0.117877
v -0.011694 1.806620 -0.115834
v -0.010725 1.814430 -0.113465
v -0.009875 1.821994 -0.110363
v -0.009123 1.829308 -0.106677
v -0.008443 1.836256 -0.102370
v -0.007861 1.842580 -0.097144
v -0.007271 1.848616 -0.091585
v -0.006657 1.854353 -0.085730
v -0.005978 1.859488 -0.079341
v -0.005228 1.864075 -0.072559
v -0.004445 1.867932 -0.065337
v -0.003512 1.871140 -0.057819
v -0.002634 1.873859 -0.050104
v -0.001864 1.876137 -0.042236
l 3265 3266 3267 3268 3269 3270 3271 3272 3273 3274 3275 3276 3277 3278 3279 3280 3281 3282 3283 3284 3285 3286 3287 3288 3289 3290 3291 3292 3293 3294 3295 3296
g card_78
v -0.034642 1.685793 -0.050498
v -0.035558 1.688246 -0.058488
v -0.034114 1.693234 -0.065160
v -0.032710 1.698079 -0.071944
v -0.031263 1.702999 -0.078664
v -0.029741 1.708203 -0.085148
v -0.028135 1.713766 -0.091306
v -0.026476 1.719662 -0.097130
v -0.024797 1.725809 -0.102685
v -0.023145 1.732365 -0.107716
v -0.021569 1.739551 -0.111875
v -0.020059 1.747038 -0.115470
v -0.018627 1.754892 -0.118226
v -0.017224 1.762991 -0.120142
v -0.015995 1.771287 -0.121190
v -0.014769 1.779629 -0.121771
v -0.013649 1.787988 -0.121704
v -0.012742 1.796293 -0.120441
v -0.011871 1.804485 -0.118552
v -0.011043 1.812538 -0.116141
v -0.010364 1.820352 -0.112991
v -0.009779 1.827941 -0.109322
v -0.009322 1.835160 -0.104968
v -0.009049 1.841778 -0.099714
v -0.008804 1.848175 -0.094203
v -0.008547 1.853886 -0.087975
v -0.008266 1.859258 -0.081456
v -0.007930 1.864046 -0.074499
v -0.007501 1.868188 -0.067144
v -0.007056 1.871558 -0.059404
v -0.006596 1.874258 -0.051406
v -0.006051 1.876593 -0.043299
l 3297 3298 3299 3300 3301 3302 3303 3304 3305 3306 3307 3308 3309 3310 3311 3312 3313 3314 3315 3316 3317 3318 3319 3320 3321 3322 3323 3324 3325 3326 3327 3328
g card_79
v -0.025622 1.683183 -0.054367
v -0.026531 1.686049 -0.062149
v -0.025533 1.691495 -0.068475
v -0.024561 1.696788 -0.074934
v -0.023529 1.702127 -0.081344
v -0.022388 1.707688 -0.087543
v -0.021136 1.713532 -0.093452
v -0.019810 1.719641 -0.099071
v -0.018453 1.725957 -0.104449
v -0.017078 1.732769 -0.109144
v -0.015722 1.740010 -0.113186
v -0.014442 1.747565 -0.116618
v -0.013262 1.755476 -0.119144
v -0.012167 1.763637 -0.120801
v -0.011120 1.771910 -0.121826
v -0.010132 1.780241 -0.122253
v -0.009259 1.788574 -0.121839
v -0.008484 1.796833 -0.120509
v -0.007746 1.804996 -0.118649
v -0.007037 1.813016 -0.116267
v -0.006409 1.820798 -0.113158
v -0.005912 1.828274 -0.109390
v -0.005614 1.835227 -0.104680
v -0.005412 1.841862 -0.099525
v -0.005287 1.848136 -0.093947
v -0.005227 1.853765 -0.087705
v -0.005137 1.859089 -0.081202
v -0.004993 1.863888 -0.074307
v -0.004768 1.867933 -0.066944
v -0.004562 1.871312 -0.059250
v -0.004299 1.874062 -0.051310
v -0.003975 1.876436 -0.043252
l 3329 3330 3331 3332 3333 3334 3335 3336 3337 3338 3339 3340 3341 3342 3343 3344 3345 3346 3347 3348 3349 3350 3351 3352 3353 3354 3355 3356 3357 3358 3359 3360
g card_80
v -0.009799 1.738850 -0.092393
v -0.010125 1.737515 -0.098583
v -0.009989 1.739303 -0.104670
v -0.009609 1.742637 -0.110050
v -0.009042 1.747481 -0.114108
v -0.008407 1.753119 -0.116954
v -0.007769 1.759112 -0.118948
v -0.007145 1.765271 -0.120361
v -0.006533 1.771509 -0.121377
v -0.005940 1.777786 -0.122101
v -0.005427 1.784115 -0.122050
v -0.004897 1.790432 -0.121733
v -0.004426 1.796672 -0.120658
v -0.003982 1.802850 -0.119266
v -0.003583 1.808887 -0.117336
v -0.003201 1.814863 -0.115226
v -0.002844 1.820709 -0.112772
v -0.002508 1.826437 -0.110054
v -0.002228 1.832002 -0.107012
v -0.002075 1.837147 -0.103294
v -0.001989 1.842078 -0.099294
v -0.001941 1.846871 -0.095131
v -0.001988 1.851222 -0.090506
v -0.002045 1.855510 -0.085824
v -0.002094 1.859259 -0.080698
v -0.002124 1.862871 -0.075477
v -0.002079 1.865986 -0.069943
v -0.002069 1.868807 -0.064254
v -0.002022 1.871329 -0.058427
v -0.001944 1.873531 -0.052471
v -0.001835 1.875372 -0.046395
v -0.001763 1.877003 -0.040258
l 3361 3362 3363 3364 3365 3366 3367 3368 3369 3370 3371 3372 3373 3374 3375 3376 3377 3378 3379 3380 3381 3382 3383 3384 3385 3386 3387 3388 3389 3390 3391 3392
g card_81
v 0.038759 1.687430 -0.048196
v 0.039349 1.689822 -0.056273
v 0.037202 1.694566 -0.062892
v 0.035060 1.699300 -0.069548
v 0.032992 1.704135 -0.076155
v 0.031007 1.709228 -0.082590
v 0.029088 1.714658 -0.088762
v 0.027204 1.720438 -0.094619
v 0.025325 1.726520 -0.100164
v 0.023452 1.732804 -0.105483
v 0.021706 1.739691 -0.109978
v 0.020123 1.747124 -0.113649
v 0.018690 1.754906 -0.116557
v 0.017416 1.762993 -0.118584
v 0.016301 1.771247 -0.119948
v 0.015320 1.779598 -0.120642
v 0.014556 1.787993 -0.120439
v 0.013947 1.796364 -0.119550
v 0.013415 1.804685 -0.118222
v 0.013102 1.812781 -0.115903
v 0.012893 1.820572 -0.112674
v 0.012701 1.828021 -0.108714
v 0.012455 1.835171 -0.104233
v 0.012126 1.841931 -0.099190
v 0.011703 1.848187 -0.093541
v 0.011206 1.853688 -0.087164
v 0.010738 1.858724 -0.080404
v 0.010383 1.863169 -0.073236
v 0.010099 1.867156 -0.065799
v 0.009795 1.870715 -0.058148
v 0.009591 1.873312 -0.050118
v 0.009261 1.875753 -0.042041
l 3393 3394 3395 3396 3397 3398 3399 3400 3401 3402 3403 3404 3405 3406 3407 3408 3409 3410 3411 3412 3413 3414 3415 3416 3417 3418 3419 3420 3421 3422 3423 3424
v 0.034490 1.693394 -0.054798
v 0.035197 1.694697 -0.062759
v 0.033526 1.699014 -0.069495
v 0.031767 1.703502 -0.076094
v 0.030012 1.708308 -0.082465
v 0.028275 1.713494 -0.088535
v 0.026540 1.719049 -0.094269
v 0.024792 1.724934 -0.099661
v 0.023028 1.731050 -0.104787
v 0.021342 1.737643 -0.109259
v 0.019785 1.744758 -0.112962
v 0.018382 1.752198 -0.115988
v 0.017117 1.759953 -0.118219
v 0.015961 1.767872 -0.119837
v 0.015029 1.775935 -0.120695
v 0.014262 1.784065 -0.120785
v 0.013589 1.792193 -0.120293
v 0.013016 1.800284 -0.119325
v 0.012624 1.808238 -0.117594
v 0.012455 1.815906 -0.114783
v 0.012280 1.823341 -0.111404
v 0.012089 1.830508 -0.107487
v 0.011856 1.837358 -0.103050
v 0.011522 1.843698 -0.097909
v 0.011112 1.849546 -0.092229
v 0.010647 1.854673 -0.085882
v 0.010234 1.859464 -0.079276
v 0.009905 1.863740 -0.072320
v 0.009613 1.867595 -0.065120
v 0.009390 1.870926 -0.057662
v 0.009225 1.873464 -0.049894
v 0.008913 1.875833 -0.042078
l 3425 3426 3427 3428 3429 3430 3431 3432 3433 3434 3435 3436 3437 3438 3439 3440 3441 3442 3443 3444 3445 3446 3447 3448 3449 3450 3451 3452 3453 3454 3455 3456
g card_82
v 0.024855 1.684502 -0.055209
v 0.025455 1.687111 -0.063052
v 0.023962 1.692496 -0.069281
v 0.022518 1.697804 -0.075588
v 0.021123 1.703179 -0.081848
v 0.019758 1.708757 -0.087934
v 0.018385 1.714591 -0.093772
v 0.016983 1.720678 -0.099338
v 0.015565 1.726974 -0.104665
v 0.014132 1.733768 -0.109300
v 0.012720 1.740994 -0.113268
v 0.011432 1.748553 -0.116588
v 0.010361 1.756467 -0.119033
v 0.009501 1.764621 -0.120665
v 0.008762 1.772892 -0.121659
v 0.008125 1.781221 -0.122034
v 0.007672 1.789551 -0.121619
v 0.007404 1.797809 -0.120336
v 0.007221 1.805959 -0.118458
v 0.007098 1.813957 -0.116027
v 0.007069 1.821733 -0.112943
v 0.007035 1.829156 -0.109142
v 0.006959 1.835947 -0.104260
v 0.006836 1.842408 -0.098946
v 0.006655 1.848483 -0.093207
v 0.006376 1.853933 -0.086864
v 0.006095 1.859029 -0.080236
v 0.005850 1.863637 -0.073258
v 0.005769 1.867594 -0.065888
v 0.005846 1.870898 -0.058201
v 0.005980 1.873632 -0.050293
v 0.006106 1.876035 -0.042278
l 3457 3458 3459 3460 3461 3462 3463 3464 3465 3466 3467 3468 3469 3470 3471 3472 3473 3474 3475 3476 3477 3478 3479 3480 3481 3482 3483 3484 3485 3486 3487 3488
v 0.029150 1.685783 -0.053752
v 0.029601 1.688151 -0.061687
v 0.027931 1.693304 -0.068077
v 0.026338 1.698405 -0.074529
v 0.024804 1.703593 -0.080925
v 0.023306 1.709009 -0.087136
v 0.021811 1.714711 -0.093086
v 0.020287 1.720687 -0.098753
v 0.018738 1.726881 -0.104176
v 0.017166 1.733626 -0.108852
v 0.015636 1.740806 -0.112878
v 0.014229 1.748328 -0.116260
v 0.013013 1.756204 -0.118791
v 0.012002 1.764333 -0.120500
v 0.011163 1.772601 -0.121489
v 0.010419 1.780932 -0.121937
v 0.009815 1.789264 -0.121679
v 0.009433 1.797537 -0.120481
v 0.009186 1.805703 -0.118643
v 0.009032 1.813687 -0.116155
v 0.008947 1.821438 -0.112979
v 0.008863 1.828923 -0.109269
v 0.008747 1.835824 -0.104536
v 0.008538 1.842274 -0.099198
v 0.008261 1.848336 -0.093435
v 0.007906 1.853823 -0.087117
v 0.007562 1.858879 -0.080450
v 0.007259 1.863469 -0.073452
v 0.007080 1.867430 -0.066075
v 0.007046 1.870771 -0.058394
v 0.007042 1.873558 -0.050494
v 0.007075 1.875962 -0.042469
l 3489 3490 3491 3492 3493 3494 3495 3496 3497 3498 3499 3500 3501 3502 3503 3504 3505 3506 3507 3508 3509 3510 3511 3512 3513 3514 3515 3516 3517 3518 3519 3520
g card_83
v -0.000431 1.784029 -0.103335
v -0.000423 1.785046 -0.107821
v -0.000398 1.787414 -0.111748
v -0.000359 1.790697 -0.114945
v -0.000301 1.794861 -0.116769
v -0.000228 1.799394 -0.117296
v -0.000148 1.803964 -0.116936
v -0.000064 1.808466 -0.116025
v 0.000022 1.812893 -0.114787
v 0.000108 1.817270 -0.113379
v 0.000194 1.821553 -0.111719
v 0.000279 1.825719 -0.109771
v 0.000363 1.829856 -0.107762
v 0.000424 1.833770 -0.105380
v 0.000458 1.837405 -0.102565
v 0.000485 1.840975 -0.099663
v 0.000482 1.844421 -0.096621
v 0.000439 1.847706 -0.093403
v 0.000385 1.850944 -0.090136
v 0.000355 1.853934 -0.086648
v 0.000339 1.856782 -0.083035
v 0.000334 1.859544 -0.079357
v 0.000357 1.862050 -0.075503
v 0.000392 1.864474 -0.071594
v 0.000561 1.866474 -0.067463
v 0.000762 1.868374 -0.063278
v 0.000963 1.870274 -0.059094
v 0.001167 1.872066 -0.054862
v 0.001380 1.873509 -0.050502
v 0.001617 1.874848 -0.046107
v 0.001897 1.876050 -0.041676
v 0.002171 1.877237 -0.037241
l 3521 3522 3523 3524 3525 3526 3527 3528 3529 3530 3531 3532 3533 3534 3535 3536 3537 3538 3539 3540 3541 3542 3543 3544 3545 3546 3547 3548 3549 3550 3551 3552
g card_84
v 0.010111 1.689271 -0.061775
v 0.010542 1.689953 -0.070002
v 0.010328 1.694508 -0.076942
v 0.010135 1.699637 -0.083470
v 0.010023 1.705254 -0.089586
v 0.009972 1.711275 -0.095304
v 0.009940 1.717633 -0.100647
v 0.009887 1.724250 -0.105666
v 0.009829 1.731034 -0.110457
v 0.009748 1.738092 -0.114798
v 0.009592 1.745667 -0.118190
v 0.009569 1.753506 -0.120898
v 0.009516 1.761609 -0.122700
v 0.009382 1.769829 -0.123843
v 0.009268 1.778120 -0.124213
v 0.009172 1.786418 -0.123898
v 0.009090 1.794669 -0.123025
v 0.009014 1.802785 -0.121275
v 0.009028 1.810757 -0.118950
v 0.009111 1.818546 -0.116094
v 0.009223 1.825932 -0.112300
v 0.009210 1.833035 -0.107998
v 0.009118 1.839866 -0.103283
v 0.008897 1.846106 -0.097812
v 0.008547 1.851749 -0.091730
v 0.008151 1.856905 -0.085231
v 0.007729 1.861644 -0.078425
v 0.007211 1.865727 -0.071212
v 0.006713 1.869122 -0.063648
v 0.006293 1.872187 -0.055940
v 0.006117 1.874779 -0.048051
v 0.005713 1.876917 -0.040034
l 3553 3554 3555 3556 3557 3558 3559 3560 3561 3562 3563 3564 3565 3566 3567 3568 3569 3570 3571 3572 3573 3574 3575 3576 3577 3578 3579 3580 3581 3582 3583 3584
v 0.009414 1.682188 -0.059158
v 0.009561 1.684326 -0.067394
v 0.008990 1.689646 -0.074030
v 0.008559 1.695123 -0.080547
v 0.008291 1.700881 -0.086825
v 0.008176 1.706962 -0.092797
v 0.008140 1.713345 -0.098445
v 0.008142 1.719997 -0.103775
v 0.008120 1.726828 -0.108873
v 0.008116 1.733837 -0.113706
v 0.008145 1.741530 -0.117373
v 0.008081 1.749463 -0.120480
v 0.008092 1.757676 -0.122748
v 0.008053 1.766088 -0.124109
v 0.007971 1.774585 -0.124757
v 0.007854 1.783107 -0.124707
v 0.007759 1.791604 -0.124060
v 0.007718 1.800015 -0.122710
v 0.007824 1.808164 -0.120213
v 0.007944 1.816151 -0.117240
v 0.008038 1.823922 -0.113741
v 0.008083 1.831438 -0.109726
v 0.008036 1.838355 -0.104748
v 0.007928 1.844840 -0.099220
v 0.007622 1.850726 -0.093063
v 0.007238 1.856103 -0.086460
v 0.006816 1.861070 -0.079547
v 0.006376 1.865397 -0.072217
v 0.005945 1.868978 -0.064494
v 0.005562 1.872097 -0.056571
v 0.005454 1.874758 -0.048473
v 0.005166 1.876975 -0.040248
l 3585 3586 3587 3588 3589 3590 3591 3592 3593 3594 3595 3596 3597 3598 3599 3600 3601 3602 3603 3604 3605 3606 3607 3608 3609 3610 3611 3612 3613 3614 3615 3616
g card_85
v 0.001708 1.725788 -0.085688
v 0.001760 1.724063 -0.092574
v 0.001874 1.725460 -0.099513
v 0.002008 1.728495 -0.105916
v 0.002144 1.733191 -0.111203
v 0.002274 1.738889 -0.115408
v 0.002393 1.745151 -0.118728
v 0.002503 1.751747 -0.121333
v 0.002602 1.758535 -0.123395
v 0.002685 1.765424 -0.125101
v 0.002726 1.772457 -0.125908
v 0.002754 1.779552 -0.126070
v 0.002825 1.786619 -0.125513
v 0.002925 1.793656 -0.124585
v 0.003085 1.800567 -0.123005
v 0.003255 1.807397 -0.121078
v 0.003410 1.814080 -0.118699
v 0.003555 1.820613 -0.115931
v 0.003692 1.826955 -0.112748
v 0.003778 1.832895 -0.108875
v 0.003844 1.838690 -0.104775
v 0.003832 1.844023 -0.100100
v 0.003789 1.849169 -0.095210
v 0.003627 1.853898 -0.089922
v 0.003435 1.858344 -0.084392
v 0.003268 1.862198 -0.078437
v 0.003147 1.865705 -0.072266
v 0.003115 1.868696 -0.065830
v 0.003138 1.871397 -0.059265
v 0.003194 1.873724 -0.052559
v 0.003278 1.875709 -0.045744
v 0.003368 1.877481 -0.038871
l 3617 3618 3619 3620 3621 3622 3623 3624 3625 3626 3627 3628 3629 3630 3631 3632 3633 3634 3635 3636 3637 3638 3639 3640 3641 3642 3643 3644 3645 3646 3647 3648
g card_86
v -0.011141 1.689409 -0.061637
v -0.011872 1.690027 -0.069883
v -0.012031 1.694478 -0.076930
v -0.011991 1.699525 -0.083564
v -0.011834 1.705092 -0.089766
v -0.011602 1.711093 -0.095549
v -0.011325 1.717431 -0.100957
v -0.011030 1.724051 -0.106016
v -0.010743 1.730869 -0.110807
v -0.010481 1.737953 -0.115162
v -0.010247 1.745556 -0.118564
v -0.010029 1.753442 -0.121224
v -0.009786 1.761587 -0.122981
v -0.009474 1.769826 -0.124169
v -0.009125 1.778144 -0.124489
v -0.008753 1.786460 -0.124065
v -0.008311 1.794722 -0.123077
v -0.007764 1.802849 -0.121313
v -0.007225 1.810809 -0.118902
v -0.006786 1.818534 -0.115806
v -0.006444 1.825970 -0.112054
v -0.006048 1.833166 -0.107865
v -0.005721 1.840057 -0.103186
v -0.005468 1.846549 -0.097971
v -0.005285 1.852285 -0.091923
v -0.005080 1.857690 -0.085582
v -0.004755 1.862398 -0.078709
v -0.004170 1.866537 -0.071498
v -0.003464 1.869836 -0.063873
v -0.002623 1.872800 -0.056125
v -0.001954 1.875310 -0.048202
v -0.000995 1.877257 -0.040151
l 3649 3650 3651 3652 3653 3654 3655 3656 3657 3658 3659 3660 3661 3662 3663 3664 3665 3666 3667 3668 3669 3670 3671 3672 3673 3674 3675 3676 3677 3678 3679 3680
v -0.012531 1.681952 -0.058466
v -0.013312 1.684372 -0.066616
v -0.013052 1.689802 -0.073184
v -0.012772 1.695367 -0.079652
v -0.012479 1.701160 -0.085916
v -0.012174 1.707254 -0.091886
v -0.011854 1.713630 -0.097553
v -0.011529 1.720270 -0.102907
v -0.011210 1.727123 -0.107988
v -0.010913 1.734122 -0.112867
v -0.010657 1.741682 -0.116785
v -0.010428 1.749599 -0.119959
v -0.010200 1.757840 -0.122134
v -0.009904 1.766230 -0.123670
v -0.009556 1.774725 -0.124361
v -0.009180 1.783247 -0.124202
v -0.008746 1.791738 -0.123452
v -0.008199 1.800119 -0.121948
v -0.007630 1.808327 -0.119682
v -0.007149 1.816308 -0.116701
v -0.006778 1.824007 -0.113036
v -0.006358 1.831466 -0.108907
v -0.006003 1.838593 -0.104224
v -0.005728 1.845356 -0.099024
v -0.005530 1.851320 -0.092927
v -0.005316 1.856938 -0.086503
v -0.004993 1.861867 -0.079543
v -0.004405 1.866191 -0.072206
v -0.003674 1.869603 -0.064417
v -0.002806 1.872666 -0.056496
v -0.002105 1.875263 -0.048393
v -0.001112 1.877255 -0.040151
l 3681 3682 3683 3684 3685 3686 3687 3688 3689 3690 3691 3692 3693 3694 3695 3696 3697 3698 3699 3700 3701 3702 3703 3704 3705 3706 3707 3708 3709 3710 3711 3712
g card_87
v 0.012677 1.837011 0.080820
v 0.012724 1.837177 0.081020
v 0.012772 1.837342 0.081220
v 0.012820 1.837506 0.081421
v 0.012868 1.837671 0.081622
v 0.012915 1.837836 0.081822
v 0.012963 1.838003 0.082021
v 0.013011 1.838169 0.082220
v 0.013059 1.838339 0.082416
v 0.013107 1.838510 0.082612
v 0.013156 1.838685 0.082804
v 0.013204 1.838861 0.082994
v 0.013253 1.839043 0.083179
v 0.013302 1.839231 0.083358
v 0.013351 1.839420 0.083535
v 0.013401 1.839626 0.083692
v 0.013451 1.839832 0.083849
v 0.013501 1.840057 0.083977
v 0.013550 1.840288 0.084095
v 0.013599 1.840525 0.084198
v 0.013648 1.840771 0.084279
v 0.013695 1.841018 0.084346
v 0.013727 1.841268 0.084268
v 0.013764 1.841517 0.084187
v 0.013811 1.841762 0.084102
v 0.013860 1.842007 0.084016
v 0.013911 1.842251 0.083930
v 0.013944 1.842501 0.083851
v 0.013976 1.842751 0.083772
v 0.014008 1.843001 0.083694
v 0.014041 1.843251 0.083615
v 0.014073 1.843501 0.083537
l 3713 3714 3715 3716 3717 3718 3719 3720 3721 3722 3723 3724 3725 3726 3727 3728 3729 3730 3731 3732 3733 3734 3735 3736 3737 3738 3739 3740 3741 3742 3743 3744
v 0.011967 1.831919 0.084976
v 0.012009 1.832206 0.085247
v 0.012035 1.832525 0.085477
v 0.012054 1.832865 0.085682
v 0.012077 1.833211 0.085874
v 0.012105 1.833575 0.086028
v 0.012139 1.833953 0.086136
v 0.012177 1.834343 0.086195
v 0.012218 1.834737 0.086199
v 0.012266 1.835129 0.086166
v 0.012317 1.835519 0.086116
v 0.012369 1.835907 0.086054
v 0.012419 1.836294 0.085983
v 0.012481 1.836673 0.085884
v 0.012552 1.837047 0.085773
v 0.012623 1.837421 0.085662
v 0.012693 1.837795 0.085551
v 0.012765 1.838169 0.085439
v 0.012861 1.838534 0.085317
v 0.012955 1.838899 0.085196
v 0.013027 1.839273 0.085085
v 0.013098 1.839647 0.084973
v 0.013164 1.840021 0.084859
v 0.013219 1.840396 0.084741
v 0.013268 1.840772 0.084623
v 0.013316 1.841147 0.084505
v 0.013365 1.841521 0.084382
v 0.013433 1.841891 0.084256
v 0.013505 1.842260 0.084129
v 0.013562 1.842631 0.084003
v 0.013608 1.843005 0.083879
v 0.013654 1.843379 0.083754
l 3745 3746 3747 3748 3749 3750 3751 3752 3753 3754 3755 3756 3757 3758 3759 3760 3761 3762 3763 3764 3765 3766 3767 3768 3769 3770 3771 3772 3773 3774 3775 3776
g card_88
v -0.073287 1.773270 0.038047
v -0.079403 1.773490 0.034378
v -0.082786 1.774069 0.028019
v -0.085600 1.774894 0.021418
v -0.087757 1.775970 0.014610
v -0.089208 1.777326 0.007669
v -0.089956 1.778989 0.000682
v -0.090135 1.780935 -0.006274
v -0.089998 1.783079 -0.013175
v -0.089332 1.785673 -0.019872
v -0.088166 1.788781 -0.026286
v -0.086591 1.792347 -0.032361
v -0.084648 1.796326 -0.038067
v -0.082483 1.800629 -0.043452
v -0.080122 1.805246 -0.048480
v -0.077468 1.810164 -0.053053
v -0.074519 1.815349 -0.057124
v -0.071418 1.820861 -0.060603
v -0.068232 1.826705 -0.063402
v -0.064854 1.832742 -0.065443
v -0.061166 1.838851 -0.066433
v -0.057260 1.844899 -0.066171
v -0.053373 1.850792 -0.064693
v -0.049684 1.856475 -0.062202
v -0.046247 1.861923 -0.058931
v -0.042942 1.867083 -0.055105
v -0.039744 1.871783 -0.050662
v -0.036493 1.875549 -0.045424
v -0.032898 1.878575 -0.039940
v -0.028786 1.880632 -0.034370
v -0.023909 1.881754 -0.029156
v -0.018513 1.882203 -0.024366
l 3777 3778 3779 3780 3781 3782 3783 3784 3785 3786 3787 3788 3789 3790 3791 3792 3793 3794 3795 3796 3797 3798 3799 3800 3801 3802 3803 3804 3805 3806 3807 3808
v -0.073113 1.806712 -0.049062
v -0.075035 1.809128 -0.051521
v -0.074773 1.812152 -0.054110
v -0.073824 1.815227 -0.056474
v -0.072486 1.818339 -0.058593
v -0.070935 1.821499 -0.060482
v -0.069265 1.824717 -0.062163
v -0.067521 1.827984 -0.063667
v -0.065733 1.831288 -0.065029
v -0.063809 1.834636 -0.065990
v -0.061728 1.838010 -0.066492
v -0.059586 1.841368 -0.066611
v -0.057407 1.844693 -0.066231
v -0.055237 1.847974 -0.065537
v -0.053117 1.851198 -0.064512
v -0.051044 1.854367 -0.063231
v -0.049041 1.857479 -0.061750
v -0.047166 1.860484 -0.059898
v -0.045302 1.863452 -0.057979
v -0.043485 1.866273 -0.055814
v -0.041718 1.868945 -0.053423
v -0.039948 1.871524 -0.050945
v -0.038168 1.873736 -0.048134
v -0.036393 1.875775 -0.045190
v -0.034549 1.877684 -0.042221
v -0.032334 1.878893 -0.039121
v -0.030085 1.880059 -0.036031
v -0.027574 1.880922 -0.033045
v -0.024873 1.881539 -0.030165
v -0.022015 1.881961 -0.027402
v -0.019003 1.882169 -0.024783
v -0.015897 1.882272 -0.022270
l 3809 3810 3811 3812 3813 3814 3815 3816 3817 3818 3819 3820 3821 3822 3823 3824 3825 3826 3827 3828 3829 3830 3831 3832 3833 3834 3835 3836 3837 3838 3839 3840
g card_89
v -0.044164 1.835601 -0.066463
v -0.045461 1.837508 -0.067916
v -0.046515 1.839686 -0.069154
v -0.047345 1.842060 -0.070184
v -0.047840 1.844616 -0.070890
v -0.047873 1.847302 -0.071138
v -0.047401 1.849967 -0.070851
v -0.046552 1.852451 -0.070117
v -0.045546 1.854775 -0.069120
v -0.044467 1.856993 -0.067964
v -0.043352 1.859146 -0.066720
v -0.042213 1.861243 -0.065405
v -0.041053 1.863245 -0.063965
v -0.039906 1.865106 -0.062345
v -0.038770 1.866855 -0.060589
v -0.037635 1.868603 -0.058833
v -0.036499 1.870352 -0.057077
v -0.035358 1.872078 -0.055303
v -0.034145 1.873358 -0.053238
v -0.032918 1.874554 -0.051118
v -0.031692 1.875750 -0.048998
v -0.030457 1.876928 -0.046873
v -0.029135 1.877892 -0.044704
v -0.027678 1.878485 -0.042478
v -0.026221 1.879078 -0.040252
v -0.024764 1.879671 -0.038026
v -0.023184 1.880136 -0.035861
v -0.021441 1.880427 -0.033787
v -0.019664 1.880678 -0.031735
v -0.017887 1.880929 -0.029684
v -0.015939 1.881064 -0.027785
v -0.013953 1.881174 -0.025922
l 3841 3842 3843 3844 3845 3846 3847 3848 3849 3850 3851 3852 3853 3854 3855 3856 3857 3858 3859 3860 3861 3862 3863 3864 3865 3866 3867 3868 3869 3870 3871 3872
v -0.055882 1.818776 -0.069410
v -0.057307 1.821019 -0.071476
v -0.057858 1.823828 -0.073195
v -0.057991 1.826844 -0.074666
v -0.057569 1.829984 -0.075698
v -0.056625 1.833151 -0.076226
v -0.055352 1.836256 -0.076299
v -0.053902 1.839274 -0.075989
v -0.052362 1.842211 -0.075416
v -0.050787 1.845079 -0.074620
v -0.049210 1.847904 -0.073694
v -0.047654 1.850626 -0.072478
v -0.046119 1.853306 -0.071139
v -0.044688 1.855846 -0.069461
v -0.043267 1.858373 -0.067750
v -0.041847 1.860899 -0.066037
v -0.040432 1.863371 -0.064252
v -0.039048 1.865575 -0.062117
v -0.037664 1.867779 -0.059982
v -0.036279 1.869983 -0.057847
v -0.034863 1.871992 -0.055572
v -0.033379 1.873580 -0.053002
v -0.031890 1.875099 -0.050393
v -0.030400 1.876618 -0.047784
v -0.028761 1.877721 -0.045089
v -0.027000 1.878484 -0.042323
v -0.025237 1.879238 -0.039557
v -0.023360 1.879883 -0.036839
v -0.021228 1.880258 -0.034268
v -0.019036 1.880570 -0.031732
v -0.016766 1.880829 -0.029260
v -0.014364 1.880993 -0.026908
l 3873 3874 3875 3876 3877 3878 3879 3880 3881 3882 3883 3884 3885 3886 3887 3888 3889 3890 3891 3892 3893 3894 3895 3896 3897 3898 3899 3900 3901 3902 3903 3904
v -0.076905 1.760787 0.017784
v -0.082728 1.762042 0.013459
v -0.084834 1.763929 0.006557
v -0.085997 1.765853 -0.000557
v -0.086402 1.767723 -0.007768
v -0.086192 1.769417 -0.015032
v -0.085539 1.770869 -0.022324
v -0.084612 1.772168 -0.029616
v -0.083534 1.773487 -0.036884
v -0.082138 1.775379 -0.043934
v -0.080262 1.778142 -0.050604
v -0.078132 1.781293 -0.057024
v -0.075879 1.784857 -0.063177
v -0.073420 1.788991 -0.068864
v -0.070571 1.793686 -0.073909
v -0.067471 1.798766 -0.078404
v -0.064189 1.804239 -0.082255
v -0.060794 1.810158 -0.085240
v -0.057386 1.816501 -0.087127
v -0.054067 1.823122 -0.087658
v -0.050864 1.829758 -0.086538
v -0.047756 1.836213 -0.084458
v -0.044749 1.842459 -0.081711
v -0.041884 1.848385 -0.078191
v -0.039043 1.854169 -0.074428
v -0.036250 1.859629 -0.070173
v -0.033393 1.864783 -0.065598
v -0.030418 1.869234 -0.060400
v -0.027236 1.872999 -0.054800
v -0.023824 1.875743 -0.048757
v -0.020108 1.877525 -0.042533
v -0.016163 1.878819 -0.036329
l 3905 3906 3907 3908 3909 3910 3911 3912 3913 3914 3915 3916 3917 3918 3919 3920 3921 3922 3923 3924 3925 3926 3927 3928 3929 3930 3931 3932 3933 3934 3935 3936
g card_90
v -0.064618 1.783617 -0.074125
v -0.065188 1.786018 -0.077708
v -0.063571 1.789020 -0.080497
v -0.061782 1.792144 -0.083034
v -0.059889 1.795415 -0.085297
v -0.057941 1.798833 -0.087275
v -0.055974 1.802397 -0.088953
v -0.054014 1.806089 -0.090343
v -0.052078 1.809875 -0.091491
v -0.050226 1.813796 -0.092186
v -0.048500 1.817823 -0.092112
v -0.046839 1.821869 -0.091572
v -0.045222 1.825852 -0.090686
v -0.043666 1.829743 -0.089326
v -0.042125 1.833588 -0.087827
v -0.040597 1.837325 -0.086074
v -0.039085 1.840949 -0.084076
v -0.037579 1.844555 -0.082041
v -0.036102 1.848068 -0.079836
v -0.034664 1.851457 -0.077415
v -0.033227 1.854846 -0.074993
v -0.031783 1.858163 -0.072486
v -0.030316 1.861225 -0.069678
v -0.028846 1.864240 -0.066821
v -0.027345 1.867161 -0.063897
v -0.025659 1.869506 -0.060574
v -0.023879 1.871446 -0.057042
v -0.022083 1.873328 -0.053491
v -0.020135 1.874633 -0.049761
v -0.018138 1.875712 -0.045984
v -0.016099 1.876734 -0.042215
v -0.013819 1.877420 -0.038508
l 3937 3938 3939 3940 3941 3942 3943 3944 3945 3946 3947 3948 3949 3950 3951 3952 3953 3954 3955 3956 3957 3958 3959 3960 3961 3962 3963 3964 3965 3966 3967 3968
g card_91
v 0.072448 1.764352 0.040500
v 0.078405 1.764685 0.036806
v 0.081595 1.765326 0.030473
v 0.084258 1.766168 0.023926
v 0.086374 1.767298 0.017225
v 0.087959 1.768804 0.010452
v 0.089052 1.770716 0.003685
v 0.089737 1.772983 -0.003029
v 0.090167 1.775502 -0.009677
v 0.090179 1.778642 -0.016052
v 0.089873 1.782251 -0.022181
v 0.089235 1.786185 -0.028077
v 0.088150 1.790387 -0.033718
v 0.086641 1.794789 -0.039104
v 0.084795 1.799431 -0.044173
v 0.082597 1.804411 -0.048747
v 0.080042 1.809803 -0.052603
v 0.077118 1.815559 -0.055558
v 0.073970 1.821580 -0.057665
v 0.070753 1.827760 -0.059091
v 0.067223 1.833896 -0.059774
v 0.063418 1.839908 -0.059742
v 0.059434 1.845767 -0.059068
v 0.055378 1.851478 -0.057804
v 0.051281 1.857000 -0.055965
v 0.047096 1.862191 -0.053500
v 0.042799 1.866760 -0.050145
v 0.038540 1.870682 -0.046008
v 0.034338 1.873935 -0.041271
v 0.030183 1.876533 -0.036105
v 0.026007 1.878525 -0.030691
v 0.021623 1.880027 -0.025281
l 3969 3970 3971 3972 3973 3974 3975 3976 3977 3978 3979 3980 3981 3982 3983 3984 3985 3986 3987 3988 3989 3990 3991 3992 3993 3994 3995 3996 3997 3998 3999 4000
v 0.072463 1.762187 0.040239
v 0.078426 1.762635 0.036250
v 0.081530 1.763406 0.029743
v 0.084169 1.764341 0.023056
v 0.086267 1.765533 0.016221
v 0.087827 1.767088 0.009316
v 0.088884 1.769046 0.002417
v 0.089503 1.771371 -0.004421
v 0.089818 1.773974 -0.011182
v 0.089736 1.777045 -0.017723
v 0.089150 1.780756 -0.023926
v 0.088394 1.784676 -0.029977
v 0.087294 1.788834 -0.035812
v 0.085802 1.793181 -0.041417
v 0.083979 1.797814 -0.046678
v 0.081720 1.802857 -0.051359
v 0.079076 1.808290 -0.055352
v 0.076124 1.814058 -0.058584
v 0.073041 1.820172 -0.060950
v 0.069827 1.826463 -0.062557
v 0.066434 1.832814 -0.063367
v 0.062783 1.839070 -0.063406
v 0.058752 1.845041 -0.062631
v 0.054606 1.850779 -0.061069
v 0.050473 1.856344 -0.058946
v 0.046269 1.861588 -0.056232
v 0.041954 1.866317 -0.052844
v 0.037675 1.870223 -0.048488
v 0.033522 1.873432 -0.043485
v 0.029447 1.876021 -0.038074
v 0.025358 1.878058 -0.032441
v 0.021113 1.879628 -0.026775
l 4001 4002 4003 4004 4005 4006 4007 4008 4009 4010 4011 4012 4013 4014 4015 4016 4017 4018 4019 4020 4021 4022 4023 4024 4025 4026 4027 4028 4029 4030 4031 4032
v 0.047156 1.844493 -0.051943
v 0.048160 1.846249 -0.052739
v 0.048919 1.848165 -0.053400
v 0.049509 1.850177 -0.053959
v 0.049920 1.852255 -0.054401
v 0.050030 1.854412 -0.054643
v 0.049583 1.856531 -0.054505
v 0.048828 1.858518 -0.054131
v 0.047853 1.860368 -0.053568
v 0.046736 1.862090 -0.052861
v 0.045532 1.863703 -0.052041
v 0.044289 1.865257 -0.051169
v 0.042996 1.866719 -0.050217
v 0.041687 1.868004 -0.049058
v 0.040392 1.869161 -0.047752
v 0.039098 1.870307 -0.046436
v 0.037804 1.871448 -0.045114
v 0.036519 1.872496 -0.043717
v 0.035251 1.873385 -0.042192
v 0.033983 1.874274 -0.040668
v 0.032715 1.875163 -0.039144
v 0.031448 1.875939 -0.037559
v 0.030187 1.876597 -0.035918
v 0.028926 1.877242 -0.034269
v 0.027662 1.877880 -0.032621
v 0.026367 1.878445 -0.030971
v 0.025033 1.878912 -0.029321
v 0.023699 1.879380 -0.027670
v 0.022362 1.879844 -0.026021
v 0.020953 1.880207 -0.024410
v 0.019511 1.880525 -0.022815
v 0.018069 1.880842 -0.021221
l 4033 4034 4035 4036 4037 4038 4039 4040 4041 4042 4043 4044 4045 4046 4047 4048 4049 4050 4051 4052 4053 4054 4055 4056 4057 4058 4059 4060 4061 4062 4063 4064
g card_92
v 0.050462 1.820760 -0.073468
v 0.051824 1.822636 -0.075476
v 0.052629 1.825073 -0.077121
v 0.053069 1.827778 -0.078477
v 0.053009 1.830674 -0.079377
v 0.052436 1.833637 -0.079747
v 0.051477 1.836536 -0.079642
v 0.050284 1.839320 -0.079181
v 0.048963 1.841997 -0.078480
v 0.047574 1.844598 -0.077634
v 0.046155 1.847152 -0.076701
v 0.044686 1.849495 -0.075391
v 0.043206 1.851791 -0.073997
v 0.041726 1.854087 -0.072602
v 0.040239 1.856242 -0.071006
v 0.038757 1.858222 -0.069193
v 0.037274 1.860203 -0.067380
v 0.035795 1.862150 -0.065531
v 0.034339 1.863899 -0.063480
v 0.032911 1.865465 -0.061263
v 0.031484 1.867031 -0.059045
v 0.030065 1.868520 -0.056773
v 0.028674 1.869803 -0.054362
v 0.027301 1.870978 -0.051884
v 0.025927 1.872153 -0.049406
v 0.024549 1.873217 -0.046883
v 0.023168 1.874126 -0.044300
v 0.021787 1.874993 -0.041703
v 0.020406 1.875861 -0.039106
v 0.018982 1.876621 -0.036498
v 0.017534 1.877315 -0.033885
v 0.016084 1.878003 -0.031272
l 4065 4066 4067 4068 4069 4070 4071 4072 4073 4074 4075 4076 4077 4078 4079 4080 4081 4082 4083 4084 4085 4086 4087 4088 4089 4090 4091 4092 4093 4094 4095 4096
v 0.080514 1.762148 -0.007897
v 0.084206 1.763644 -0.012811
v 0.084689 1.765451 -0.018979
v 0.084866 1.767257 -0.025163
v 0.084697 1.769202 -0.031303
v 0.084148 1.771418 -0.037326
v 0.083234 1.773944 -0.043182
v 0.082031 1.776705 -0.048879
v 0.080648 1.779587 -0.054476
v 0.078902 1.782792 -0.059782
v 0.076837 1.786303 -0.064773
v 0.074476 1.790185 -0.069332
v 0.071885 1.794453 -0.073397
v 0.069167 1.799137 -0.076873
v 0.066409 1.804248 -0.079635
v 0.063666 1.809696 -0.081685
v 0.060965 1.815371 -0.083071
v 0.058321 1.821198 -0.083724
v 0.055646 1.827048 -0.083592
v 0.052862 1.832810 -0.082848
v 0.049982 1.838383 -0.081461
v 0.047001 1.843683 -0.079331
v 0.043988 1.848775 -0.076790
v 0.040950 1.853534 -0.073695
v 0.037903 1.857946 -0.070121
v 0.034879 1.862008 -0.066154
v 0.031926 1.865477 -0.061594
v 0.029014 1.868659 -0.056815
v 0.026191 1.871165 -0.051590
v 0.023359 1.873422 -0.046259
v 0.020518 1.875278 -0.040778
v 0.017603 1.876896 -0.035261
l 4097 4098 4099 4100 4101 4102 4103 4104 4105 4106 4107 4108 4109 4110 4111 4112 4113 4114 4115 4116 4117 4118 4119 4120 4121 4122 4123 4124 4125 4126 4127 4128
v 0.073263 1.752840 0.036134
v 0.078864 1.753777 0.031106
v 0.081309 1.755170 0.023914
v 0.083354 1.756813 0.016653
v 0.084886 1.758704 0.009327
v 0.085906 1.760845 0.001979
v 0.086537 1.763142 -0.005367
v 0.086965 1.765450 -0.012726
v 0.087299 1.767711 -0.020105
v 0.086846 1.770377 -0.027338
v 0.086046 1.773615 -0.034302
v 0.084843 1.777357 -0.040946
v 0.083167 1.781281 -0.047382
v 0.081185 1.785352 -0.053638
v 0.078907 1.789698 -0.059599
v 0.076240 1.794493 -0.065018
v 0.073233 1.799852 -0.069669
v 0.070049 1.805781 -0.073420
v 0.066810 1.812190 -0.076209
v 0.063579 1.818957 -0.077970
v 0.060356 1.825921 -0.078670
v 0.056968 1.832827 -0.078309
v 0.053302 1.839478 -0.076972
v 0.049489 1.845841 -0.074851
v 0.045599 1.851847 -0.071981
v 0.041673 1.857364 -0.068289
v 0.037749 1.862324 -0.063868
v 0.033882 1.866701 -0.058829
v 0.030135 1.870319 -0.053136
v 0.026500 1.873108 -0.046919
v 0.022852 1.875454 -0.040528
v 0.019136 1.877412 -0.034045
l 4129 4130 4131 4132 4133 4134 4135 4136 4137 4138 4139 4140 4141 4142 4143 4144 4145 4146 4147 4148 4149 4150 4151 4152 4153 4154 4155 4156 4157 4158 4159 4160
v 0.068400 1.800098 -0.063058
v 0.070490 1.802347 -0.065457
v 0.070710 1.805481 -0.067777
v 0.070103 1.808780 -0.069779
v 0.069005 1.812158 -0.071411
v 0.067634 1.815575 -0.072720
v 0.066113 1.819030 -0.073732
v 0.064508 1.822514 -0.074487
v 0.062854 1.826010 -0.075051
v 0.061161 1.829512 -0.075424
v 0.059401 1.833000 -0.075399
v 0.057506 1.836393 -0.074992
v 0.055538 1.839710 -0.074351
v 0.053563 1.843008 -0.073660
v 0.051520 1.846118 -0.072462
v 0.049475 1.849215 -0.071234
v 0.047424 1.852248 -0.069871
v 0.045368 1.855079 -0.068127
v 0.043312 1.857900 -0.066368
v 0.041251 1.860556 -0.064376
v 0.039199 1.862964 -0.062079
v 0.037150 1.865356 -0.059767
v 0.035144 1.867442 -0.057140
v 0.033188 1.869271 -0.054292
v 0.031234 1.871085 -0.051435
v 0.029306 1.872506 -0.048345
v 0.027387 1.873835 -0.045209
v 0.025467 1.875121 -0.042057
v 0.023537 1.876117 -0.038806
v 0.021606 1.877111 -0.035555
v 0.019595 1.877998 -0.032322
v 0.017493 1.878756 -0.029115
l 4161 4162 4163 4164 4165 4166 4167 4168 4169 4170 4171 4172 4173 4174 4175 4176 4177 4178 4179 4180 4181 4182 4183 4184 4185 4186 4187 4188 4189 4190 4191 4192
g card_93
v 0.076458 1.747789 0.017382
v 0.080805 1.749474 0.011535
v 0.081649 1.751818 0.004364
v 0.082204 1.754244 -0.002809
v 0.082552 1.756557 -0.010032
v 0.082788 1.758643 -0.017328
v 0.082892 1.760549 -0.024676
v 0.082831 1.762374 -0.032046
v 0.082605 1.764171 -0.039419
v 0.081449 1.766375 -0.046564
v 0.079370 1.768986 -0.053368
v 0.076636 1.771879 -0.059825
v 0.073556 1.775152 -0.065937
v 0.070350 1.778907 -0.071696
v 0.067031 1.783240 -0.076954
v 0.063584 1.788221 -0.081501
v 0.060094 1.793820 -0.085222
v 0.056668 1.799954 -0.088048
v 0.053360 1.806511 -0.089895
v 0.050192 1.813340 -0.090764
v 0.047230 1.820304 -0.090632
v 0.044504 1.827265 -0.089394
v 0.041860 1.834054 -0.087279
v 0.039244 1.840597 -0.084477
v 0.036608 1.846752 -0.080919
v 0.033889 1.852434 -0.076684
v 0.031118 1.857704 -0.071990
v 0.028268 1.862230 -0.066608
v 0.025362 1.866081 -0.060747
v 0.022434 1.869451 -0.054609
v 0.019465 1.872064 -0.048128
v 0.016472 1.874429 -0.041563
l 4193 4194 4195 4196 4197 4198 4199 4200 4201 4202 4203 4204 4205 4206 4207 4208 4209 4210 4211 4212 4213 4214 4215 4216 4217 4218 4219 4220 4221 4222 4223 4224
v 0.074138 1.776517 -0.059325
v 0.075358 1.778798 -0.063352
v 0.073944 1.781499 -0.067138
v 0.072284 1.784333 -0.070722
v 0.070431 1.787351 -0.074049
v 0.068433 1.790572 -0.077090
v 0.066342 1.793990 -0.079841
v 0.064202 1.797576 -0.082329
v 0.062046 1.801276 -0.084633
v 0.059926 1.805291 -0.086292
v 0.057848 1.809537 -0.087427
v 0.055830 1.813894 -0.088129
v 0.053876 1.818336 -0.088401
v 0.051984 1.822811 -0.088324
v 0.050115 1.827269 -0.087846
v 0.048223 1.831655 -0.086961
v 0.046279 1.835927 -0.085705
v 0.044230 1.840018 -0.084075
v 0.042124 1.843942 -0.082124
v 0.040046 1.847721 -0.079891
v 0.038003 1.851327 -0.077348
v 0.035970 1.854795 -0.074631
v 0.033960 1.857948 -0.071522
v 0.031959 1.860997 -0.068316
v 0.029989 1.863667 -0.064761
v 0.028027 1.866198 -0.061106
v 0.026059 1.868398 -0.057243
v 0.024093 1.870366 -0.053255
v 0.022122 1.872171 -0.049193
v 0.020150 1.873665 -0.045007
v 0.018168 1.875136 -0.040818
v 0.016074 1.876316 -0.036591
l 4225 4226 4227 4228 4229 4230 4231 4232 4233 4234 4235 4236 4237 4238 4239 4240 4241 4242 4243 4244 4245 4246 4247 4248 4249 4250 4251 4252 4253 4254 4255 4256
v 0.056393 1.787487 -0.082213
v 0.056856 1.790026 -0.085193
v 0.055539 1.793244 -0.087118
v 0.054004 1.796546 -0.088710
v 0.052372 1.799940 -0.089981
v 0.050713 1.803415 -0.090965
v 0.049078 1.806969 -0.091663
v 0.047492 1.810584 -0.092126
v 0.045971 1.814247 -0.092392
v 0.044528 1.817946 -0.092455
v 0.043215 1.821661 -0.092035
v 0.041959 1.825306 -0.091064
v 0.040701 1.828942 -0.090066
v 0.039440 1.832508 -0.088861
v 0.038176 1.835923 -0.087266
v 0.036910 1.839331 -0.085657
v 0.035628 1.842651 -0.083898
v 0.034307 1.845723 -0.081748
v 0.032986 1.848795 -0.079599
v 0.031659 1.851805 -0.077377
v 0.030299 1.854457 -0.074746
v 0.028937 1.857090 -0.072097
v 0.027571 1.859678 -0.069410
v 0.026175 1.861886 -0.066413
v 0.024775 1.863979 -0.063337
v 0.023371 1.866051 -0.060249
v 0.021920 1.867846 -0.057013
v 0.020436 1.869387 -0.053662
v 0.018952 1.870926 -0.050310
v 0.017465 1.872389 -0.046926
v 0.015970 1.873572 -0.043437
v 0.014475 1.874754 -0.039948
l 4257 4258 4259 4260 4261 4262 4263 4264 4265 4266 4267 4268 4269 4270 4271 4272 4273 4274 4275 4276 4277 4278 4279 4280 4281 4282 4283 4284 4285 4286 4287 4288
g card_94
v -0.032069 1.826382 -0.081959
v -0.033226 1.827922 -0.084371
v -0.034366 1.829507 -0.086761
v -0.035336 1.831434 -0.088948
v -0.035962 1.833857 -0.090669
v -0.036107 1.836710 -0.091655
v -0.035733 1.839743 -0.091736
v -0.034974 1.842648 -0.091029
v -0.034005 1.845318 -0.089820
v -0.032963 1.847845 -0.088391
v -0.031892 1.850287 -0.086838
v -0.030802 1.852622 -0.085143
v -0.029703 1.854888 -0.083359
v -0.028616 1.857007 -0.081402
v -0.027538 1.859023 -0.079329
v -0.026460 1.861027 -0.077244
v -0.025383 1.863025 -0.075152
v -0.024335 1.864646 -0.072747
v -0.023289 1.866240 -0.070320
v -0.022244 1.867825 -0.067887
v -0.021208 1.869269 -0.065369
v -0.020198 1.870408 -0.062684
v -0.019187 1.871547 -0.059999
v -0.018177 1.872685 -0.057314
v -0.017182 1.873683 -0.054573
v -0.016208 1.874489 -0.051757
v -0.015238 1.875269 -0.048933
v -0.014268 1.876049 -0.046109
v -0.013278 1.876738 -0.043268
v -0.012276 1.877373 -0.040419
v -0.011273 1.878001 -0.037568
v -0.010270 1.878630 -0.034718
l 4289 4290 4291 4292 4293 4294 4295 4296 4297 4298 4299 4300 4301 4302 4303 4304 4305 4306 4307 4308 4309 4310 4311 4312 4313 4314 4315 4316 4317 4318 4319 4320
g card_95
v -0.049226 1.778898 -0.088985
v -0.051226 1.780236 -0.093182
v -0.051731 1.783138 -0.097022
v -0.051157 1.786847 -0.100077
v -0.049893 1.790950 -0.102312
v -0.048293 1.795239 -0.103885
v -0.046533 1.799626 -0.104928
v -0.044730 1.804075 -0.105548
v -0.042948 1.808565 -0.105862
v -0.041192 1.813074 -0.105956
v -0.039552 1.817593 -0.105393
v -0.037823 1.821909 -0.104045
v -0.036113 1.826195 -0.102584
v -0.034552 1.830415 -0.100798
v -0.033005 1.834580 -0.098876
v -0.031503 1.838582 -0.096606
v -0.030000 1.842584 -0.094334
v -0.028530 1.846356 -0.091681
v -0.027073 1.850043 -0.088903
v -0.025608 1.853611 -0.085978
v -0.024132 1.856843 -0.082691
v -0.022656 1.860074 -0.079402
v -0.021177 1.862843 -0.075718
v -0.019702 1.865437 -0.071907
v -0.018223 1.867859 -0.067985
v -0.016750 1.869739 -0.063775
v -0.015276 1.871618 -0.059564
v -0.013839 1.873194 -0.055219
v -0.012442 1.874483 -0.050767
v -0.011044 1.875773 -0.046316
v -0.009601 1.876801 -0.041811
v -0.008157 1.877827 -0.037306
l 4321 4322 4323 4324 4325 4326 4327 4328 4329 4330 4331 4332 4333 4334 4335 4336 4337 4338 4339 4340 4341 4342 4343 4344 4345 4346 4347 4348 4349 4350 4351 4352
v -0.076324 1.742759 -0.033535
v -0.079197 1.741580 -0.039775
v -0.077850 1.742229 -0.046933
v -0.076416 1.743857 -0.053925
v -0.074815 1.746135 -0.060698
v -0.072992 1.748923 -0.067222
v -0.070926 1.752175 -0.073454
v -0.068639 1.755798 -0.079397
v -0.066081 1.759884 -0.084888
v -0.063227 1.764577 -0.089728
v -0.060230 1.769672 -0.094048
v -0.057124 1.775149 -0.097785
v -0.054053 1.781008 -0.100930
v -0.050927 1.787133 -0.103455
v -0.047971 1.793555 -0.105388
v -0.045021 1.800165 -0.106530
v -0.042371 1.806980 -0.106969
v -0.039861 1.813829 -0.106370
v -0.037312 1.820502 -0.104786
v -0.034890 1.827029 -0.102516
v -0.032595 1.833372 -0.099667
v -0.030355 1.839533 -0.096397
v -0.028138 1.845370 -0.092585
v -0.025934 1.850871 -0.088280
v -0.023740 1.856045 -0.083586
v -0.021552 1.860708 -0.078394
v -0.019362 1.864787 -0.072719
v -0.017174 1.868347 -0.066714
v -0.014997 1.871164 -0.060312
v -0.012858 1.873578 -0.053733
v -0.010765 1.875523 -0.046986
v -0.008614 1.877138 -0.040169
l 4353 4354 4355 4356 4357 4358 4359 4360 4361 4362 4363 4364 4365 4366 4367 4368 4369 4370 4371 4372 4373 4374 4375 4376 4377 4378 4379 4380 4381 4382 4383 4384
v -0.072883 1.740723 -0.048604
v -0.074997 1.741609 -0.054967
v -0.073641 1.744047 -0.061290
v -0.071975 1.746818 -0.067397
v -0.070029 1.749962 -0.073234
v -0.067831 1.753484 -0.078757
v -0.065418 1.757356 -0.083946
v -0.062846 1.761515 -0.088831
v -0.060180 1.765867 -0.093494
v -0.057254 1.770886 -0.097224
v -0.054317 1.776272 -0.100406
v -0.051339 1.781923 -0.103039
v -0.048465 1.787855 -0.105108
v -0.045694 1.793996 -0.106640
v -0.043090 1.800320 -0.107600
v -0.040655 1.806775 -0.107844
v -0.038299 1.813225 -0.107199
v -0.035954 1.819564 -0.105785
v -0.033785 1.825786 -0.103725
v -0.031754 1.831822 -0.101055
v -0.029707 1.837668 -0.097986
v -0.027651 1.843266 -0.094514
v -0.025594 1.848527 -0.090530
v -0.023566 1.853536 -0.086229
v -0.021577 1.858134 -0.081471
v -0.019585 1.862320 -0.076349
v -0.017595 1.865983 -0.070844
v -0.015598 1.869042 -0.064975
v -0.013611 1.871756 -0.058940
v -0.011667 1.873822 -0.052635
v -0.009734 1.875672 -0.046261
v -0.007739 1.877159 -0.039811
l 4385 4386 4387 4388 4389 4390 4391 4392 4393 4394 4395 4396 4397 4398 4399 4400 4401 4402 4403 4404 4405 4406 4407 4408 4409 4410 4411 4412 4413 4414 4415 4416
g card_96
v -0.069234 1.720024 -0.031774
v -0.071140 1.720914 -0.039305
v -0.069513 1.723397 -0.046670
v -0.067705 1.725941 -0.053971
v -0.065675 1.728737 -0.061118
v -0.063406 1.731904 -0.068034
v -0.060914 1.735476 -0.074669
v -0.058237 1.739415 -0.081020
v -0.055437 1.743613 -0.087150
v -0.052380 1.748634 -0.092449
v -0.049133 1.754171 -0.097116
v -0.045882 1.760140 -0.101206
v -0.042664 1.766530 -0.104628
v -0.039467 1.773273 -0.107312
v -0.036446 1.780315 -0.109364
v -0.033652 1.787595 -0.110826
v -0.031051 1.795050 -0.111550
v -0.028671 1.802610 -0.111417
v -0.026486 1.810158 -0.110383
v -0.024409 1.817544 -0.108397
v -0.022453 1.824698 -0.105580
v -0.020665 1.831637 -0.102170
v -0.018968 1.838350 -0.098287
v -0.017317 1.844760 -0.093923
v -0.015644 1.850664 -0.088885
v -0.013935 1.856163 -0.083447
v -0.012104 1.860787 -0.077257
v -0.010227 1.865101 -0.070871
v -0.008242 1.868540 -0.063995
v -0.006275 1.871524 -0.056905
v -0.004333 1.874027 -0.049624
v -0.002405 1.876003 -0.042178
l 4417 4418 4419 4420 4421 4422 4423 4424 4425 4426 4427 4428 4429 4430 4431 4432 4433 4434 4435 4436 4437 4438 4439 4440 4441 4442 4443 4444 4445 4446 4447 4448
v -0.040569 1.758456 -0.091678
v -0.041245 1.759701 -0.096868
v -0.040195 1.763209 -0.100852
v -0.038630 1.767367 -0.103945
v -0.036826 1.771892 -0.106313
v -0.034938 1.776636 -0.108124
v -0.033048 1.781521 -0.109511
v -0.031193 1.786497 -0.110589
v -0.029386 1.791533 -0.111452
v -0.027664 1.796628 -0.111949
v -0.026117 1.801809 -0.111600
v -0.024622 1.806969 -0.110921
v -0.023197 1.812073 -0.109784
v -0.021843 1.817141 -0.108460
v -0.020746 1.822096 -0.106558
v -0.019653 1.827007 -0.104554
v -0.018546 1.831706 -0.102093
v -0.017434 1.836269 -0.099388
v -0.016325 1.840774 -0.096598
v -0.015226 1.844921 -0.093286
v -0.014129 1.849001 -0.089891
v -0.013023 1.852948 -0.086356
v -0.011884 1.856336 -0.082281
v -0.010743 1.859708 -0.078196
v -0.009563 1.862874 -0.073963
v -0.008285 1.865420 -0.069353
v -0.007005 1.867950 -0.064734
v -0.005716 1.870175 -0.059964
v -0.004421 1.871986 -0.055022
v -0.003126 1.873787 -0.050078
v -0.001838 1.875142 -0.044991
v -0.000549 1.876485 -0.039900
l 4449 4450 4451 4452 4453 4454 4455 4456 4457 4458 4459 4460 4461 4462 4463 4464 4465 4466 4467 4468 4469 4470 4471 4472 4473 4474 4475 4476 4477 4478 4479 4480
v -0.017673 1.823442 -0.089329
v -0.018262 1.825324 -0.091599
v -0.018662 1.827670 -0.093407
v -0.018947 1.830261 -0.094892
v -0.019086 1.833051 -0.095923
v -0.019019 1.836003 -0.096292
v -0.018719 1.838963 -0.095878
v -0.018245 1.841739 -0.094825
v -0.017694 1.844342 -0.093434
v -0.017102 1.846806 -0.091822
v -0.016488 1.849175 -0.090076
v -0.015861 1.851454 -0.088221
v -0.015219 1.853612 -0.086227
v -0.014560 1.855659 -0.084133
v -0.013868 1.857480 -0.081844
v -0.013167 1.859225 -0.079498
v -0.012466 1.860970 -0.077152
v -0.011764 1.862716 -0.074806
v -0.011052 1.864385 -0.072409
v -0.010298 1.865724 -0.069827
v -0.009541 1.867030 -0.067226
v -0.008784 1.868336 -0.064626
v -0.008027 1.869621 -0.062015
v -0.007278 1.870753 -0.059336
v -0.006538 1.871696 -0.056578
v -0.005799 1.872639 -0.053820
v -0.005060 1.873583 -0.051062
v -0.004323 1.874441 -0.048277
v -0.003589 1.875191 -0.045460
v -0.002856 1.875917 -0.042635
v -0.002123 1.876643 -0.039811
v -0.001390 1.877369 -0.036987
l 4481 4482 4483 4484 4485 4486 4487 4488 4489 4490 4491 4492 4493 4494 4495 4496 4497 4498 4499 4500 4501 4502 4503 4504 4505 4506 4507 4508 4509 4510 4511 4512
g card_97
v 0.078630 1.753130 -0.032879
v 0.081512 1.754218 -0.038471
v 0.080876 1.756238 -0.044621
v 0.079781 1.758399 -0.050658
v 0.078359 1.760766 -0.056548
v 0.076696 1.763435 -0.062241
v 0.074853 1.766475 -0.067686
v 0.072900 1.769880 -0.072873
v 0.070895 1.773557 -0.077851
v 0.068796 1.777970 -0.082095
v 0.066592 1.782959 -0.085628
v 0.064244 1.788237 -0.088608
v 0.061755 1.793717 -0.091067
v 0.059154 1.799329 -0.093073
v 0.056511 1.805046 -0.094697
v 0.053802 1.810863 -0.095651
v 0.050979 1.816717 -0.095848
v 0.048207 1.822573 -0.095419
v 0.045595 1.828397 -0.094210
v 0.042993 1.834066 -0.092373
v 0.040378 1.839539 -0.090039
v 0.037895 1.844769 -0.087087
v 0.035447 1.849638 -0.083542
v 0.033018 1.854158 -0.079546
v 0.030590 1.858346 -0.075203
v 0.028174 1.862113 -0.070488
v 0.025837 1.865355 -0.065354
v 0.023489 1.868262 -0.060028
v 0.021163 1.870798 -0.054508
v 0.018933 1.872935 -0.048780
v 0.016742 1.874819 -0.042950
v 0.014639 1.876571 -0.037047
l 4513 4514 4515 4516 4517 4518 4519 4520 4521 4522 4523 4524 4525 4526 4527 4528 4529 4530 4531 4532 4533 4534 4535 4536 4537 4538 4539 4540 4541 4542 4543 4544
v 0.078925 1.754671 -0.032414
v 0.082025 1.756260 -0.037534
v 0.081609 1.758598 -0.043405
v 0.080687 1.760937 -0.049218
v 0.079356 1.763400 -0.054899
v 0.077717 1.766121 -0.060377
v 0.075885 1.769165 -0.065620
v 0.073963 1.772517 -0.070640
v 0.072002 1.776099 -0.075484
v 0.069966 1.780463 -0.079572
v 0.067839 1.785295 -0.083065
v 0.065571 1.790473 -0.085906
v 0.063147 1.795847 -0.088214
v 0.060623 1.801305 -0.090209
v 0.058002 1.806872 -0.091682
v 0.055309 1.812533 -0.092563
v 0.052583 1.818236 -0.092802
v 0.049820 1.823910 -0.092354
v 0.047120 1.829527 -0.091263
v 0.044546 1.835056 -0.089568
v 0.041961 1.840383 -0.087331
v 0.039333 1.845445 -0.084587
v 0.036823 1.850230 -0.081294
v 0.034433 1.854686 -0.077483
v 0.032035 1.858766 -0.073280
v 0.029552 1.862371 -0.068704
v 0.027136 1.865625 -0.063836
v 0.024756 1.868504 -0.058721
v 0.022325 1.870980 -0.053421
v 0.019941 1.873099 -0.047946
v 0.017730 1.874935 -0.042299
v 0.015607 1.876653 -0.036581
l 4545 4546 4547 4548 4549 4550 4551 4552 4553 4554 4555 4556 4557 4558 4559 4560 4561 4562 4563 4564 4565 4566 4567 4568 4569 4570 4571 4572 4573 4574 4575 4576
g card_98
v 0.043948 1.796862 -0.088942
v 0.045444 1.798631 -0.092335
v 0.046198 1.801323 -0.095315
v 0.046487 1.804480 -0.097909
v 0.046135 1.808079 -0.099754
v 0.045249 1.811922 -0.100795
v 0.044045 1.815818 -0.101181
v 0.042673 1.819683 -0.101077
v 0.041219 1.823496 -0.100616
v 0.039726 1.827255 -0.099897
v 0.038224 1.830976 -0.099022
v 0.036870 1.834496 -0.097392
v 0.035516 1.837994 -0.095719
v 0.034162 1.841311 -0.093708
v 0.032802 1.844561 -0.091597
v 0.031417 1.847635 -0.089250
v 0.030034 1.850586 -0.086750
v 0.028694 1.853344 -0.084020
v 0.027391 1.855949 -0.081122
v 0.026074 1.858433 -0.078131
v 0.024733 1.860680 -0.074965
v 0.023385 1.862844 -0.071743
v 0.022054 1.864833 -0.068408
v 0.020739 1.866649 -0.064965
v 0.019434 1.868398 -0.061484
v 0.018170 1.869930 -0.057890
v 0.016924 1.871359 -0.054245
v 0.015687 1.872628 -0.050538
v 0.014453 1.873853 -0.046816
v 0.013250 1.875027 -0.043066
v 0.012113 1.876095 -0.039265
v 0.010981 1.877153 -0.035460
l 4577 4578 4579 4580 4581 4582 4583 4584 4585 4586 4587 4588 4589 4590 4591 4592 4593 4594 4595 4596 4597 4598 4599 4600 4601 4602 4603 4604 4605 4606 4607 4608
v 0.075002 1.737848 -0.034125
v 0.078228 1.738428 -0.040023
v 0.076878 1.740566 -0.046839
v 0.075362 1.742724 -0.053615
v 0.073690 1.745028 -0.060305
v 0.071831 1.747675 -0.066814
v 0.069796 1.750788 -0.073059
v 0.067620 1.754318 -0.079028
v 0.065165 1.758585 -0.084342
v 0.062515 1.763466 -0.089019
v 0.059808 1.768832 -0.093086
v 0.057016 1.774569 -0.096560
v 0.054080 1.780503 -0.099553
v 0.051112 1.786650 -0.102040
v 0.048219 1.793039 -0.103939
v 0.045373 1.799602 -0.105223
v 0.042669 1.806314 -0.105906
v 0.040048 1.813089 -0.105594
v 0.037504 1.819784 -0.104351
v 0.035200 1.826415 -0.102470
v 0.033143 1.832919 -0.099968
v 0.031047 1.839029 -0.096662
v 0.028802 1.844676 -0.092690
v 0.026575 1.849861 -0.088122
v 0.024422 1.854666 -0.083113
v 0.022264 1.859030 -0.077727
v 0.020095 1.862866 -0.071951
v 0.017978 1.866276 -0.065892
v 0.015942 1.869304 -0.059607
v 0.013981 1.871860 -0.053091
v 0.011960 1.874028 -0.046452
v 0.010038 1.876055 -0.039739
l 4609 4610 4611 4612 4613 4614 4615 4616 4617 4618 4619 4620 4621 4622 4623 4624 4625 4626 4627 4628 4629 4630 4631 4632 4633 4634 4635 4636 4637 4638 4639 4640
v 0.044240 1.771442 -0.092028
v 0.045485 1.772897 -0.096671
v 0.045254 1.776088 -0.100526
v 0.044275 1.779994 -0.103512
v 0.042874 1.784272 -0.105722
v 0.041266 1.788747 -0.107328
v 0.039580 1.793339 -0.108452
v 0.037880 1.798004 -0.109197
v 0.036200 1.802715 -0.109632
v 0.034539 1.807448 -0.109884
v 0.033053 1.812196 -0.109369
v 0.031652 1.816936 -0.108477
v 0.030376 1.821565 -0.107036
v 0.029136 1.826153 -0.105412
v 0.027891 1.830546 -0.103337
v 0.026645 1.834884 -0.101135
v 0.025384 1.838965 -0.098503
v 0.024121 1.842972 -0.095751
v 0.022830 1.846617 -0.092557
v 0.021530 1.850116 -0.089196
v 0.020220 1.853503 -0.085727
v 0.018885 1.856498 -0.081927
v 0.017546 1.859434 -0.078079
v 0.016231 1.862075 -0.074016
v 0.014935 1.864525 -0.069828
v 0.013658 1.866849 -0.065563
v 0.012442 1.868827 -0.061111
v 0.011234 1.870645 -0.056587
v 0.010036 1.872220 -0.051971
v 0.008839 1.873783 -0.047351
v 0.007654 1.875318 -0.042718
v 0.006554 1.876670 -0.038007
l 4641 4642 4643 4644 4645 4646 4647 4648 4649 4650 4651 4652 4653 4654 4655 4656 4657 4658 4659 4660 4661 4662 4663 4664 4665 4666 4667 4668 4669 4670 4671 4672
g card_99
v 0.052370 1.740227 -0.075260
v 0.053455 1.741293 -0.081222
v 0.051812 1.744902 -0.086040
v 0.049768 1.748927 -0.090349
v 0.047500 1.753273 -0.094213
v 0.045123 1.757886 -0.097681
v 0.042707 1.762737 -0.100778
v 0.040292 1.767791 -0.103532
v 0.037906 1.772992 -0.106030
v 0.035600 1.778405 -0.108072
v 0.033416 1.784087 -0.109446
v 0.031333 1.789894 -0.110389
v 0.029422 1.795808 -0.110938
v 0.027715 1.801807 -0.110997
v 0.026109 1.807804 -0.110417
v 0.024608 1.813734 -0.109190
v 0.023240 1.819579 -0.107480
v 0.022018 1.825343 -0.105422
v 0.020887 1.830937 -0.102910
v 0.019639 1.836208 -0.099808
v 0.018325 1.841210 -0.096320
v 0.016952 1.845837 -0.092360
v 0.015555 1.850267 -0.088193
v 0.014120 1.854316 -0.083661
v 0.012671 1.858118 -0.078927
v 0.011232 1.861558 -0.073919
v 0.009808 1.864752 -0.068748
v 0.008447 1.867579 -0.063350
v 0.007122 1.870199 -0.057840
v 0.005848 1.872307 -0.052102
v 0.004583 1.874338 -0.046334
v 0.003378 1.876067 -0.040456
l 4673 4674 4675 4676 4677 4678 4679 4680 4681 4682 4683 4684 4685 4686 4687 4688 4689 4690 4691 4692 4693 4694 4695 4696 4697 4698 4699 4700 4701 4702 4703 4704
v 0.068880 1.719977 -0.032963
v 0.069934 1.720862 -0.040559
v 0.067876 1.723351 -0.047687
v 0.065848 1.725987 -0.054769
v 0.063730 1.728921 -0.061705
v 0.061463 1.732233 -0.068419
v 0.059021 1.735943 -0.074857
v 0.056418 1.740018 -0.081007
v 0.053708 1.744351 -0.086931
v 0.050693 1.749437 -0.092022
v 0.047501 1.755039 -0.096446
v 0.044373 1.760967 -0.100479
v 0.041277 1.767326 -0.103788
v 0.038302 1.774056 -0.106432
v 0.035486 1.781039 -0.108542
v 0.032821 1.788241 -0.109990
v 0.030348 1.795618 -0.110748
v 0.028130 1.803108 -0.110764
v 0.026151 1.810604 -0.109843
v 0.024302 1.817985 -0.108051
v 0.022643 1.825182 -0.105511
v 0.021180 1.832100 -0.102180
v 0.019616 1.838658 -0.098218
v 0.017947 1.844751 -0.093631
v 0.016151 1.850195 -0.088309
v 0.014322 1.855273 -0.082647
v 0.012474 1.859895 -0.076618
v 0.010665 1.863900 -0.070144
v 0.008904 1.867565 -0.063460
v 0.007218 1.870756 -0.056519
v 0.005612 1.873287 -0.049291
v 0.004049 1.875605 -0.041982
l 4705 4706 4707 4708 4709 4710 4711 4712 4713 4714 4715 4716 4717 4718 4719 4720 4721 4722 4723 4724 4725 4726 4727 4728 4729 4730 4731 4732 4733 4734 4735 4736
v 0.062693 1.733730 -0.059530
v 0.064141 1.734336 -0.066087
v 0.062573 1.737322 -0.072020
v 0.060617 1.740743 -0.077592
v 0.058372 1.744575 -0.082774
v 0.055915 1.748777 -0.087559
v 0.053311 1.753295 -0.091962
v 0.050614 1.758070 -0.096028
v 0.047871 1.763017 -0.099852
v 0.045101 1.768327 -0.103072
v 0.042389 1.774090 -0.105521
v 0.039794 1.780066 -0.107553
v 0.037295 1.786222 -0.109102
v 0.034963 1.792548 -0.110156
v 0.032800 1.798994 -0.110755
v 0.030766 1.805487 -0.110652
v 0.028905 1.811962 -0.109576
v 0.027279 1.818397 -0.107986
v 0.025740 1.824723 -0.105937
v 0.024222 1.830828 -0.103322
v 0.022660 1.836508 -0.099875
v 0.021111 1.841920 -0.096011
v 0.019553 1.847083 -0.091840
v 0.017921 1.851695 -0.087076
v 0.016272 1.856103 -0.082134
v 0.014592 1.859993 -0.076781
v 0.012938 1.863577 -0.071210
v 0.011314 1.866803 -0.065416
v 0.009697 1.869572 -0.059388
v 0.008148 1.871937 -0.053172
v 0.006655 1.874095 -0.046868
v 0.005230 1.875995 -0.040466
l 4737 4738 4739 4740 4741 4742 4743 4744 4745 4746 4747 4748 4749 4750 4751 4752 4753 4754 4755 4756 4757 4758 4759 4760 4761 4762 4763 4764 4765 4766 4767 4768
v 0.017389 1.810962 -0.094913
v 0.018176 1.812411 -0.097968
v 0.018816 1.814499 -0.100657
v 0.019228 1.817209 -0.102757
v 0.019305 1.820444 -0.103887
v 0.019063 1.823861 -0.103960
v 0.018609 1.827205 -0.103234
v 0.018045 1.830405 -0.102031
v 0.017427 1.833488 -0.100564
v 0.016782 1.836481 -0.098930
v 0.016115 1.839343 -0.097094
v 0.015426 1.842023 -0.094998
v 0.014736 1.844704 -0.092903
v 0.014036 1.847315 -0.090729
v 0.013310 1.849728 -0.088346
v 0.012570 1.852018 -0.085844
v 0.011831 1.854308 -0.083343
v 0.011086 1.856535 -0.080787
v 0.010331 1.858565 -0.078078
v 0.009570 1.860483 -0.075287
v 0.008810 1.862402 -0.072496
v 0.008072 1.864194 -0.069618
v 0.007373 1.865785 -0.066615
v 0.006685 1.867315 -0.063575
v 0.005998 1.868844 -0.060536
v 0.005314 1.870296 -0.057458
v 0.004644 1.871509 -0.054277
v 0.003977 1.872671 -0.051075
v 0.003310 1.873834 -0.047873
v 0.002666 1.874884 -0.044627
v 0.002038 1.875856 -0.041355
v 0.001411 1.876823 -0.038080
l 4769 4770 4771 4772 4773 4774 4775 4776 4777 4778 4779 4780 4781 4782 4783 4784 4785 4786 4787 4788 4789 4790 4791 4792 4793 4794 4795 4796 4797 4798 4799 4800
g card_100
v 0.061960 1.705782 -0.033159
v 0.062982 1.706734 -0.041152
v 0.060820 1.709646 -0.048544
v 0.058874 1.712757 -0.055915
v 0.057034 1.716195 -0.063166
v 0.055206 1.720028 -0.070218
v 0.053299 1.724261 -0.077016
v 0.051271 1.728841 -0.083550
v 0.049158 1.733653 -0.089889
v 0.046785 1.739400 -0.095253
v 0.044382 1.745663 -0.100023
v 0.041916 1.752145 -0.104459
v 0.039566 1.759107 -0.108138
v 0.037384 1.766495 -0.111023
v 0.035357 1.774174 -0.113161
v 0.033441 1.782035 -0.114663
v 0.031698 1.790034 -0.115402
v 0.030182 1.798112 -0.115227
v 0.028830 1.806157 -0.114188
v 0.027519 1.814103 -0.112487
v 0.026352 1.821772 -0.109855
v 0.025408 1.829075 -0.106173
v 0.024408 1.836062 -0.101964
v 0.023278 1.842451 -0.096914
v 0.021985 1.848303 -0.091269
v 0.020652 1.853835 -0.085322
v 0.019313 1.858834 -0.078929
v 0.018048 1.863129 -0.072019
v 0.016739 1.867003 -0.064874
v 0.015397 1.870370 -0.057482
v 0.014081 1.873144 -0.049841
v 0.012808 1.875549 -0.042069
l 4801 4802 4803 4804 4805 4806 4807 4808 4809 4810 4811 4812 4813 4814 4815 4816 4817 4818 4819 4820 4821 4822 4823 4824 4825 4826 4827 4828 4829 4830 4831 4832
g card_101
v 0.031413 1.722294 -0.077308
v 0.032559 1.721024 -0.084034
v 0.032250 1.723245 -0.090643
v 0.031265 1.727105 -0.096388
v 0.029925 1.731912 -0.101296
v 0.028440 1.737294 -0.105523
v 0.026918 1.743059 -0.109201
v 0.025406 1.749092 -0.112429
v 0.023926 1.755306 -0.115312
v 0.022581 1.761836 -0.117368
v 0.021369 1.768628 -0.118585
v 0.020233 1.775500 -0.119338
v 0.019191 1.782422 -0.119668
v 0.018265 1.789361 -0.119497
v 0.017441 1.796293 -0.118863
v 0.016762 1.803151 -0.117697
v 0.016274 1.809852 -0.115711
v 0.015814 1.816409 -0.113281
v 0.015366 1.822814 -0.110475
v 0.014904 1.828996 -0.107215
v 0.014423 1.834910 -0.103483
v 0.013890 1.840593 -0.099431
v 0.013255 1.845809 -0.094794
v 0.012528 1.850689 -0.089821
v 0.011705 1.855133 -0.084463
v 0.010920 1.859326 -0.078905
v 0.010198 1.863021 -0.072993
v 0.009459 1.866427 -0.066912
v 0.008771 1.869389 -0.060596
v 0.008100 1.872112 -0.054172
v 0.007449 1.874242 -0.047526
v 0.006843 1.876204 -0.040823
l 4833 4834 4835 4836 4837 4838 4839 4840 4841 4842 4843 4844 4845 4846 4847 4848 4849 4850 4851 4852 4853 4854 4855 4856 4857 4858 4859 4860 4861 4862 4863 4864
v 0.055361 1.694215 -0.034207
v 0.055516 1.695550 -0.042642
v 0.052476 1.698871 -0.050014
v 0.049763 1.702277 -0.057475
v 0.047325 1.705907 -0.064924
v 0.045087 1.709907 -0.072244
v 0.042969 1.714338 -0.079347
v 0.040890 1.719189 -0.086183
v 0.038807 1.724375 -0.092770
v 0.036597 1.730318 -0.098592
v 0.034326 1.736881 -0.103722
v 0.032185 1.743923 -0.108219
v 0.030071 1.751365 -0.112049
v 0.028047 1.759189 -0.115040
v 0.026295 1.767393 -0.117041
v 0.024762 1.775807 -0.118196
v 0.023363 1.784313 -0.118689
v 0.022052 1.792840 -0.118525
v 0.020900 1.801322 -0.117472
v 0.020022 1.809656 -0.115434
v 0.019327 1.817762 -0.112542
v 0.018662 1.825591 -0.108985
v 0.017925 1.833002 -0.104611
v 0.017113 1.840092 -0.099768
v 0.016126 1.846504 -0.094073
v 0.015024 1.852352 -0.087814
v 0.013888 1.857751 -0.081176
v 0.012897 1.862392 -0.073959
v 0.011820 1.866587 -0.066486
v 0.010800 1.870143 -0.058681
v 0.009798 1.873170 -0.050651
v 0.008833 1.875713 -0.042451
l 4865 4866 4867 4868 4869 4870 4871 4872 4873 4874 4875 4876 4877 4878 4879 4880 4881 4882 4883 4884 4885 4886 4887 4888 4889 4890 4891 4892 4893 4894 4895 4896
g card_102
v 0.046265 1.690400 -0.043096
v 0.045847 1.692112 -0.051443
v 0.042454 1.695907 -0.058263
v 0.039386 1.699874 -0.065163
v 0.036652 1.704093 -0.072055
v 0.034200 1.708692 -0.078806
v 0.031962 1.713737 -0.085306
v 0.029862 1.719211 -0.091498
v 0.027837 1.725045 -0.097380
v 0.025850 1.731119 -0.103029
v 0.023979 1.737832 -0.107882
v 0.022215 1.745145 -0.111897
v 0.020620 1.752893 -0.115028
v 0.019185 1.760993 -0.117260
v 0.017814 1.769266 -0.118791
v 0.016561 1.777656 -0.119631
v 0.015557 1.786115 -0.119594
v 0.014728 1.794565 -0.118814
v 0.014014 1.802926 -0.117314
v 0.013418 1.811102 -0.114984
v 0.012930 1.819058 -0.111956
v 0.012462 1.826681 -0.108171
v 0.011992 1.834144 -0.104065
v 0.011410 1.840958 -0.098993
v 0.010688 1.847189 -0.093218
v 0.009854 1.852967 -0.087001
v 0.008996 1.858153 -0.080286
v 0.008136 1.862929 -0.073271
v 0.007402 1.867007 -0.065818
v 0.006730 1.870469 -0.058051
v 0.006082 1.873432 -0.050078
v 0.005456 1.875914 -0.041940
l 4897 4898 4899 4900 4901 4902 4903 4904 4905 4906 4907 4908 4909 4910 4911 4912 4913 4914 4915 4916 4917 4918 4919 4920 4921 4922 4923 4924 4925 4926 4927 4928
v 0.038273 1.693109 -0.051950
v 0.037889 1.694733 -0.059879
v 0.034970 1.698740 -0.066404
v 0.032341 1.702920 -0.072943
v 0.030008 1.707469 -0.079344
v 0.027927 1.712466 -0.085492
v 0.026010 1.717889 -0.091325
v 0.024184 1.723676 -0.096830
v 0.022405 1.729700 -0.102093
v 0.020718 1.736253 -0.106686
v 0.019197 1.743333 -0.110499
v 0.017758 1.750728 -0.113713
v 0.016433 1.758422 -0.116151
v 0.015267 1.766370 -0.117720
v 0.014210 1.774443 -0.118601
v 0.013229 1.782568 -0.118987
v 0.012375 1.790707 -0.118807
v 0.011740 1.798783 -0.117712
v 0.011277 1.806718 -0.115734
v 0.010812 1.814531 -0.113308
v 0.010360 1.822131 -0.110318
v 0.010001 1.829433 -0.106616
v 0.009570 1.836411 -0.102411
v 0.008976 1.842604 -0.097079
v 0.008335 1.848497 -0.091422
v 0.007628 1.854054 -0.085449
v 0.006817 1.859025 -0.078986
v 0.006098 1.863533 -0.072185
v 0.005535 1.867412 -0.064990
v 0.004969 1.870715 -0.057511
v 0.004419 1.873538 -0.049837
v 0.003915 1.875914 -0.042010
l 4929 4930 4931 4932 4933 4934 4935 4936 4937 4938 4939 4940 4941 4942 4943 4944 4945 4946 4947 4948 4949 4950 4951 4952 4953 4954 4955 4956 4957 4958 4959 4960
g card_103
v -0.057518 1.702740 -0.038121
v -0.059181 1.703653 -0.046142
v -0.057698 1.706802 -0.053704
v -0.056217 1.710067 -0.061216
v -0.054634 1.713636 -0.068565
v -0.052894 1.717626 -0.075657
v -0.050995 1.722069 -0.082431
v -0.048961 1.726918 -0.088880
v -0.046836 1.732050 -0.095079
v -0.044593 1.737808 -0.100610
v -0.042249 1.744257 -0.105304
v -0.039866 1.751122 -0.109348
v -0.037480 1.758366 -0.112647
v -0.035153 1.765987 -0.114988
v -0.032915 1.773858 -0.116491
v -0.030832 1.781856 -0.117407
v -0.029003 1.789967 -0.117671
v -0.027371 1.798105 -0.117221
v -0.025925 1.806164 -0.115814
v -0.024627 1.814027 -0.113434
v -0.023401 1.821654 -0.110352
v -0.022205 1.829007 -0.106643
v -0.021026 1.836113 -0.102483
v -0.019840 1.842839 -0.097727
v -0.018651 1.849254 -0.092578
v -0.017448 1.854946 -0.086625
v -0.016193 1.860282 -0.080373
v -0.014831 1.864729 -0.073470
v -0.013451 1.868725 -0.066303
v -0.012101 1.871930 -0.058741
v -0.010806 1.874545 -0.050946
v -0.009530 1.876770 -0.043026
l 4961 4962 4963 4964 4965 4966 4967 4968 4969 4970 4971 4972 4973 4974 4975 4976 4977 4978 4979 4980 4981 4982 4983 4984 4985 4986 4987 4988 4989 4990 4991 4992
g card_104
v -0.054102 1.694006 -0.036032
v -0.054635 1.695730 -0.044354
v -0.052196 1.699351 -0.051774
v -0.050109 1.702892 -0.059340
v -0.048192 1.706574 -0.066883
v -0.046311 1.710596 -0.074257
v -0.044390 1.715061 -0.081360
v -0.042414 1.719970 -0.088148
v -0.040401 1.725201 -0.094683
v -0.038249 1.731243 -0.100394
v -0.036114 1.737963 -0.105317
v -0.033994 1.745093 -0.109644
v -0.031812 1.752551 -0.113334
v -0.029723 1.760437 -0.116007
v -0.027810 1.768652 -0.117675
v -0.025992 1.777013 -0.118565
v -0.024225 1.785431 -0.118895
v -0.022574 1.793872 -0.118679
v -0.021148 1.802266 -0.117556
v -0.019958 1.810459 -0.115269
v -0.018874 1.818416 -0.112164
v -0.017837 1.826147 -0.108555
v -0.016855 1.833509 -0.104200
v -0.015846 1.840630 -0.099478
v -0.014817 1.847283 -0.094127
v -0.013819 1.853366 -0.088117
v -0.012829 1.859027 -0.081725
v -0.011772 1.863712 -0.074581
v -0.010522 1.867910 -0.067173
v -0.009276 1.871305 -0.059360
v -0.008064 1.874158 -0.051327
v -0.006881 1.876533 -0.043135
l 4993 4994 4995 4996 4997 4998 4999 5000 5001 5002 5003 5004 5005 5006 5007 5008 5009 5010 5011 5012 5013 5014 5015 5016 5017 5018 5019 5020 5021 5022 5023 5024
g card_105
v -0.045130 1.689720 -0.043859
v -0.044768 1.691378 -0.052212
v -0.041572 1.695336 -0.059053
v -0.038832 1.699309 -0.066081
v -0.036421 1.703530 -0.073084
v -0.034233 1.708181 -0.079884
v -0.032186 1.713319 -0.086370
v -0.030238 1.718925 -0.092488
v -0.028349 1.724882 -0.098284
v -0.026509 1.731078 -0.103843
v -0.024736 1.738019 -0.108431
v -0.023121 1.745514 -0.112142
v -0.021586 1.753359 -0.115090
v -0.019993 1.761417 -0.117358
v -0.018480 1.769691 -0.118707
v -0.017129 1.778087 -0.119242
v -0.015852 1.786515 -0.119323
v -0.014517 1.794922 -0.118892
v -0.013399 1.803180 -0.117151
v -0.012415 1.811278 -0.114683
v -0.011497 1.819206 -0.111690
v -0.010640 1.826832 -0.107984
v -0.009816 1.834312 -0.103978
v -0.009140 1.841086 -0.098857
v -0.008496 1.847400 -0.093168
v -0.007861 1.853435 -0.087180
v -0.007160 1.858775 -0.080575
v -0.006332 1.863653 -0.073632
v -0.005472 1.867701 -0.066181
v -0.004574 1.871062 -0.058398
v -0.003632 1.873931 -0.050426
v -0.002670 1.876331 -0.042302
l 5025 5026 5027 5028 5029 5030 5031 5032 5033 5034 5035 5036 5037 5038 5039 5040 5041 5042 5043 5044 5045 5046 5047 5048 5049 5050 5051 5052 5053 5054 5055 5056
v -0.025759 1.733649 -0.086379
v -0.026929 1.732428 -0.092698
v -0.027092 1.734224 -0.098988
v -0.026570 1.737909 -0.104371
v -0.025633 1.742776 -0.108648
v -0.024499 1.748281 -0.112004
v -0.023292 1.754166 -0.114606
v -0.022065 1.760276 -0.116614
v -0.020831 1.766507 -0.118201
v -0.019605 1.772805 -0.119502
v -0.018446 1.779229 -0.119993
v -0.017435 1.785697 -0.119864
v -0.016451 1.792154 -0.119408
v -0.015499 1.798580 -0.118592
v -0.014629 1.804908 -0.117158
v -0.013842 1.811108 -0.115206
v -0.013127 1.817173 -0.112844
v -0.012439 1.823107 -0.110164
v -0.011794 1.828839 -0.107065
v -0.011150 1.834562 -0.103953
v -0.010587 1.839833 -0.100110
v -0.010032 1.845058 -0.096205
v -0.009519 1.849604 -0.091520
v -0.009007 1.854128 -0.086815
v -0.008428 1.858196 -0.081717
v -0.007806 1.862059 -0.076467
v -0.007099 1.865524 -0.070957
v -0.006377 1.868397 -0.065118
v -0.005632 1.870921 -0.059122
v -0.004879 1.873259 -0.053053
v -0.004127 1.875141 -0.046827
v -0.003373 1.876871 -0.040557
l 5057 5058 5059 5060 5061 5062 5063 5064 5065 5066 5067 5068 5069 5070 5071 5072 5073 5074 5075 5076 5077 5078 5079 5080 5081 5082 5083 5084 5085 5086 5087 5088
g card_106
v -0.029830 1.694133 -0.057824
v -0.031071 1.694680 -0.065774
v -0.030300 1.698733 -0.072795
v -0.029290 1.703206 -0.079521
v -0.028065 1.708137 -0.085882
v -0.026676 1.713510 -0.091837
v -0.025186 1.719274 -0.097390
v -0.023649 1.725356 -0.102581
v -0.022099 1.731653 -0.107507
v -0.020583 1.738360 -0.111835
v -0.019165 1.745546 -0.115373
v -0.017800 1.753072 -0.118128
v -0.016473 1.760864 -0.120054
v -0.015247 1.768812 -0.121306
v -0.014103 1.776841 -0.122008
v -0.013050 1.784904 -0.122052
v -0.012110 1.792951 -0.121285
v -0.011257 1.800910 -0.119825
v -0.010481 1.808722 -0.117678
v -0.009773 1.816383 -0.115009
v -0.009153 1.823832 -0.111810
v -0.008691 1.830891 -0.107783
v -0.008332 1.837637 -0.103244
v -0.008085 1.843952 -0.098113
v -0.007879 1.849874 -0.092530
v -0.007700 1.855380 -0.086537
v -0.007481 1.860319 -0.080067
v -0.007212 1.864783 -0.073265
v -0.006858 1.868564 -0.066061
v -0.006445 1.871797 -0.058599
v -0.006028 1.874412 -0.050897
v -0.005628 1.876661 -0.043080
l 5089 5090 5091 5092 5093 5094 5095 5096 5097 5098 5099 5100 5101 5102 5103 5104 5105 5106 5107 5108 5109 5110 5111 5112 5113 5114 5115 5116 5117 5118 5119 5120
g card_107
v -0.018938 1.717867 -0.078604
v -0.019792 1.716245 -0.085507
v -0.019667 1.718252 -0.092381
v -0.019016 1.722150 -0.098363
v -0.018092 1.727161 -0.103416
v -0.017042 1.732805 -0.107728
v -0.015949 1.738840 -0.111466
v -0.014858 1.745144 -0.114730
v -0.013789 1.751641 -0.117605
v -0.012776 1.758358 -0.119861
v -0.011858 1.765372 -0.121098
v -0.010970 1.772456 -0.121902
v -0.010120 1.779573 -0.122312
v -0.009368 1.786707 -0.122077
v -0.008691 1.793797 -0.121150
v -0.008060 1.800809 -0.119729
v -0.007437 1.807723 -0.117878
v -0.006844 1.814545 -0.115711
v -0.006308 1.821193 -0.113048
v -0.005884 1.827590 -0.109825
v -0.005617 1.833577 -0.105863
v -0.005410 1.839370 -0.101621
v -0.005295 1.844824 -0.096947
v -0.005215 1.849970 -0.091936
v -0.005164 1.854784 -0.086603
v -0.005081 1.859256 -0.080980
v -0.004969 1.863422 -0.075131
v -0.004778 1.866960 -0.068881
v -0.004604 1.869954 -0.062352
v -0.004407 1.872570 -0.055663
v -0.004176 1.874854 -0.048855
v -0.003885 1.876800 -0.041944
l 5121 5122 5123 5124 5125 5126 5127 5128 5129 5130 5131 5132 5133 5134 5135 5136 5137 5138 5139 5140 5141 5142 5143 5144 5145 5146 5147 5148 5149 5150 5151 5152
g card_108
v -0.014248 1.693215 -0.062851
v -0.014654 1.693940 -0.070767
v -0.013880 1.698342 -0.077425
v -0.013055 1.703288 -0.083682
v -0.012161 1.708708 -0.089524
v -0.011220 1.714529 -0.094958
v -0.010269 1.720684 -0.100009
v -0.009327 1.727096 -0.104734
v -0.008405 1.733691 -0.109204
v -0.007501 1.740598 -0.113146
v -0.006640 1.747922 -0.116282
v -0.005894 1.755535 -0.118643
v -0.005258 1.763375 -0.120186
v -0.004626 1.771308 -0.121166
v -0.004007 1.779287 -0.121529
v -0.003470 1.787278 -0.121163
v -0.002930 1.795231 -0.120298
v -0.002376 1.803088 -0.118829
v -0.001883 1.810763 -0.116573
v -0.001500 1.818202 -0.113613
v -0.001211 1.825348 -0.109994
v -0.000960 1.832193 -0.105820
v -0.000738 1.838892 -0.101419
v -0.000608 1.845201 -0.096490
v -0.000684 1.850774 -0.090722
v -0.000801 1.855977 -0.084623
v -0.000925 1.860666 -0.078118
v -0.000983 1.864838 -0.071268
v -0.000955 1.868648 -0.064212
v -0.000921 1.871733 -0.056808
v -0.000879 1.874263 -0.049196
v -0.000819 1.876498 -0.041492
l 5153 5154 5155 5156 5157 5158 5159 5160 5161 5162 5163 5164 5165 5166 5167 5168 5169 5170 5171 5172 5173 5174 5175 5176 5177 5178 5179 5180 5181 5182 5183 5184
v -0.007785 1.752694 -0.098613
v -0.008110 1.752403 -0.104381
v -0.008127 1.754504 -0.109752
v -0.007947 1.757922 -0.114399
v -0.007579 1.762643 -0.117668
v -0.007114 1.768013 -0.119715
v -0.006610 1.773644 -0.120893
v -0.006105 1.779371 -0.121481
v -0.005607 1.785127 -0.121702
v -0.005113 1.790890 -0.121723
v -0.004674 1.796557 -0.120823
v -0.004258 1.802185 -0.119553
v -0.003878 1.807701 -0.117877
v -0.003522 1.813139 -0.115940
v -0.003184 1.818512 -0.113827
v -0.002885 1.823733 -0.111362
v -0.002596 1.828914 -0.108807
v -0.002393 1.833793 -0.105723
v -0.002235 1.838516 -0.102388
v -0.002175 1.842927 -0.098654
v -0.002141 1.847244 -0.094805
v -0.002179 1.851198 -0.090590
v -0.002229 1.855092 -0.086313
v -0.002272 1.858579 -0.081703
v -0.002313 1.861979 -0.077024
v -0.002295 1.864844 -0.072004
v -0.002261 1.867514 -0.066873
v -0.002219 1.870003 -0.061652
v -0.002170 1.872257 -0.056326
v -0.002093 1.874054 -0.050830
v -0.002004 1.875678 -0.045280
v -0.001894 1.877168 -0.039692
l 5185 5186 5187 5188 5189 5190 5191 5192 5193 5194 5195 5196 5197 5198 5199 5200 5201 5202 5203 5204 5205 5206 5207 5208 5209 5210 5211 5212 5213 5214 5215 5216
g card_110
v 0.018929 1.699848 -0.065790
v 0.019572 1.699503 -0.073518
v 0.018813 1.703370 -0.080297
v 0.017859 1.708007 -0.086548
v 0.016774 1.713206 -0.092320
v 0.015592 1.718844 -0.097642
v 0.014349 1.724838 -0.102547
v 0.013078 1.731101 -0.107097
v 0.011797 1.737543 -0.111390
v 0.010583 1.744333 -0.115082
v 0.009522 1.751582 -0.117858
v 0.008655 1.759112 -0.119839
v 0.007950 1.766815 -0.121136
v 0.007310 1.774588 -0.121968
v 0.006798 1.782402 -0.122218
v 0.006482 1.790213 -0.121637
v 0.006276 1.797951 -0.120378
v 0.006135 1.805591 -0.118611
v 0.006057 1.813090 -0.116319
v 0.006070 1.820409 -0.113492
v 0.006090 1.827457 -0.110107
v 0.006034 1.833904 -0.105635
v 0.005956 1.840173 -0.100928
v 0.005818 1.845967 -0.095642
v 0.005624 1.851374 -0.089961
v 0.005394 1.856423 -0.083963
v 0.005187 1.860916 -0.077535
v 0.005068 1.865029 -0.070857
v 0.005105 1.868521 -0.063831
v 0.005240 1.871494 -0.056571
v 0.005406 1.874042 -0.049151
v 0.005561 1.876238 -0.041619
l 5217 5218 5219 5220 5221 5222 5223 5224 5225 5226 5227 5228 5229 5230 5231 5232 5233 5234 5235 5236 5237 5238 5239 5240 5241 5242 5243 5244 5245 5246 5247 5248
g card_111
v 0.012861 1.693323 -0.063185
v 0.012763 1.694093 -0.071100
v 0.011750 1.698622 -0.077631
v 0.010686 1.703646 -0.083782
v 0.009617 1.709091 -0.089560
v 0.008548 1.714906 -0.094968
v 0.007489 1.721042 -0.100010
v 0.006444 1.727434 -0.104727
v 0.005423 1.734011 -0.109191
v 0.004463 1.740897 -0.113140
v 0.003619 1.748223 -0.116255
v 0.002967 1.755846 -0.118590
v 0.002516 1.763693 -0.120128
v 0.002112 1.771633 -0.121111
v 0.001799 1.779622 -0.121491
v 0.001676 1.787624 -0.121140
v 0.001605 1.795585 -0.120254
v 0.001574 1.803449 -0.118753
v 0.001654 1.811134 -0.116504
v 0.001781 1.818579 -0.113554
v 0.001926 1.825726 -0.109946
v 0.002001 1.832558 -0.105758
v 0.002033 1.839218 -0.101306
v 0.001981 1.845443 -0.096277
v 0.001863 1.850949 -0.090456
v 0.001773 1.856097 -0.084318
v 0.001749 1.860746 -0.077793
v 0.001824 1.864886 -0.070931
v 0.001949 1.868667 -0.063869
v 0.002265 1.871638 -0.056433
v 0.002622 1.874124 -0.048823
v 0.003024 1.876327 -0.041127
l 5249 5250 5251 5252 5253 5254 5255 5256 5257 5258 5259 5260 5261 5262 5263 5264 5265 5266 5267 5268 5269 5270 5271 5272 5273 5274 5275 5276 5277 5278 5279 5280
v 0.007701 1.742173 -0.094339
v 0.008030 1.740949 -0.100425
v 0.007909 1.742700 -0.106394
v 0.007526 1.746046 -0.111617
v 0.006974 1.750922 -0.115438
v 0.006390 1.756536 -0.118062
v 0.005849 1.762482 -0.119830
v 0.005368 1.768575 -0.121027
v 0.004943 1.774734 -0.121856
v 0.004569 1.780923 -0.122389
v 0.004331 1.787143 -0.122172
v 0.004133 1.793347 -0.121704
v 0.004058 1.799455 -0.120489
v 0.004026 1.805503 -0.119004
v 0.004038 1.811449 -0.117155
v 0.004115 1.817212 -0.114791
v 0.004185 1.822924 -0.112314
v 0.004231 1.828393 -0.109332
v 0.004256 1.833751 -0.106161
v 0.004218 1.838739 -0.102432
v 0.004142 1.843428 -0.098332
v 0.004047 1.847935 -0.094035
v 0.003928 1.852085 -0.089391
v 0.003804 1.856136 -0.084663
v 0.003687 1.859747 -0.079589
v 0.003614 1.863180 -0.074392
v 0.003671 1.866165 -0.068926
v 0.003770 1.868896 -0.063328
v 0.003923 1.871273 -0.057573
v 0.004111 1.873366 -0.051709
v 0.004332 1.875160 -0.045748
v 0.004594 1.876772 -0.039737
l 5281 5282 5283 5284 5285 5286 5287 5288 5289 5290 5291 5292 5293 5294 5295 5296 5297 5298 5299 5300 5301 5302 5303 5304 5305 5306 5307 5308 5309 5310 5311 5312
g card_112
v 0.004581 1.698278 -0.066873
v 0.004569 1.697143 -0.074918
v 0.004541 1.699814 -0.082597
v 0.004588 1.704035 -0.089547
v 0.004717 1.709263 -0.095773
v 0.004893 1.715165 -0.101364
v 0.005064 1.721537 -0.106414
v 0.005212 1.728238 -0.111019
v 0.005349 1.735163 -0.115279
v 0.005484 1.742230 -0.119296
v 0.005559 1.749904 -0.121985
v 0.005613 1.757795 -0.123948
v 0.005631 1.765823 -0.125244
v 0.005607 1.773926 -0.125920
v 0.005557 1.782057 -0.125852
v 0.005572 1.790145 -0.125003
v 0.005632 1.798138 -0.123506
v 0.005724 1.806026 -0.121532
v 0.005849 1.813687 -0.118810
v 0.005978 1.821201 -0.115702
v 0.006103 1.828408 -0.111940
v 0.006124 1.835071 -0.107277
v 0.006099 1.841545 -0.102356
v 0.005937 1.847427 -0.096744
v 0.005692 1.853002 -0.090828
v 0.005375 1.858174 -0.084561
v 0.005071 1.862526 -0.077698
v 0.004753 1.866416 -0.070564
v 0.004488 1.869749 -0.063151
v 0.004361 1.872620 -0.055544
v 0.004310 1.875097 -0.047798
v 0.004291 1.877196 -0.039942
l 5313 5314 5315 5316 5317 5318 5319 5320 5321 5322 5323 5324 5325 5326 5327 5328 5329 5330 5331 5332 5333 5334 5335 5336 5337 5338 5339 5340 5341 5342 5343 5344
g card_113
v -0.002049 1.680245 -0.059362
v -0.001734 1.682635 -0.067582
v -0.001508 1.688024 -0.074293
v -0.001418 1.693471 -0.080959
v -0.001332 1.699156 -0.087421
v -0.001182 1.705188 -0.093558
v -0.000967 1.711563 -0.099337
v -0.000722 1.718221 -0.104787
v -0.000473 1.725081 -0.109983
v -0.000278 1.732335 -0.114579
v -0.000124 1.740040 -0.118402
v 0.000045 1.748055 -0.121505
v 0.000206 1.756347 -0.123781
v 0.000320 1.764812 -0.125297
v 0.000423 1.773380 -0.126005
v 0.000566 1.781979 -0.125859
v 0.000743 1.790536 -0.124984
v 0.000980 1.798990 -0.123424
v 0.001252 1.807263 -0.121080
v 0.001464 1.815338 -0.118110
v 0.001674 1.823205 -0.114631
v 0.001878 1.830710 -0.110446
v 0.001998 1.837683 -0.105402
v 0.002061 1.844321 -0.099928
v 0.002033 1.850457 -0.093896
v 0.001887 1.856058 -0.087364
v 0.001783 1.861063 -0.080363
v 0.001774 1.865492 -0.072986
v 0.001926 1.869065 -0.065156
v 0.002043 1.872217 -0.057145
v 0.002276 1.874891 -0.048965
v 0.002545 1.877102 -0.040649
l 5345 5346 5347 5348 5349 5350 5351 5352 5353 5354 5355 5356 5357 5358 5359 5360 5361 5362 5363 5364 5365 5366 5367 5368 5369 5370 5371 5372 5373 5374 5375 5376
g card_114
v -0.006953 1.705144 -0.071601
v -0.007567 1.703346 -0.079249
v -0.007814 1.705409 -0.086859
v -0.007828 1.709416 -0.093656
v -0.007700 1.714615 -0.099591
v -0.007495 1.720534 -0.104805
v -0.007263 1.726916 -0.109442
v -0.007042 1.733606 -0.113625
v -0.006837 1.740502 -0.117458
v -0.006639 1.747546 -0.120997
v -0.006419 1.755145 -0.123115
v -0.006201 1.762890 -0.124615
v -0.005975 1.770734 -0.125455
v -0.005687 1.778619 -0.125631
v -0.005386 1.786500 -0.125354
v -0.005068 1.794318 -0.124328
v -0.004707 1.801996 -0.122541
v -0.004315 1.809502 -0.120135
v -0.003934 1.816825 -0.117214
v -0.003625 1.823969 -0.113874
v -0.003369 1.830837 -0.109995
v -0.003146 1.837324 -0.105506
v -0.002976 1.843451 -0.100534
v -0.002843 1.849297 -0.095234
v -0.002719 1.854575 -0.089367
v -0.002569 1.859506 -0.083207
v -0.002318 1.863721 -0.076539
v -0.001948 1.867395 -0.069564
v -0.001511 1.870525 -0.062331
v -0.000918 1.873200 -0.054929
v -0.000289 1.875457 -0.047392
v 0.000344 1.877367 -0.039761
l 5377 5378 5379 5380 5381 5382 5383 5384 5385 5386 5387 5388 5389 5390 5391 5392 5393 5394 5395 5396 5397 5398 5399 5400 5401 5402 5403 5404 5405 5406 5407 5408
g card_115
v -0.026840 1.836173 0.077370
v -0.026891 1.836305 0.077526
v -0.026944 1.836439 0.077680
v -0.026997 1.836579 0.077829
v -0.027054 1.836726 0.077969
v -0.027116 1.836890 0.078085
v -0.027183 1.837068 0.078173
v -0.027252 1.837258 0.078229
v -0.027320 1.837457 0.078242
v -0.027385 1.837657 0.078226
v -0.027448 1.837855 0.078194
v -0.027510 1.838052 0.078149
v -0.027572 1.838246 0.078093
v -0.027635 1.838431 0.078015
v -0.027698 1.838607 0.077919
v -0.027762 1.838782 0.077819
v -0.027825 1.838957 0.077719
v -0.027890 1.839131 0.077619
v -0.027954 1.839305 0.077519
v -0.028020 1.839478 0.077418
v -0.028087 1.839650 0.077316
v -0.028154 1.839822 0.077215
v -0.028221 1.839994 0.077113
v -0.028288 1.840167 0.077011
v -0.028353 1.840340 0.076910
v -0.028416 1.840515 0.076811
v -0.028478 1.840691 0.076713
v -0.028541 1.840871 0.076623
v -0.028604 1.841053 0.076537
v -0.028667 1.841236 0.076453
v -0.028729 1.841423 0.076377
v -0.028791 1.841610 0.076303
l 5409 5410 5411 5412 5413 5414 5415 5416 5417 5418 5419 5420 5421 5422 5423 5424 5425 5426 5427 5428 5429 5430 5431 5432 5433 5434 5435 5436 5437 5438 5439 5440
v -0.022420 1.830988 0.083037
v -0.022308 1.831383 0.083155
v -0.022130 1.831762 0.083072
v -0.022079 1.832170 0.082954
v -0.022123 1.832573 0.082819
v -0.022220 1.832965 0.082679
v -0.022341 1.833351 0.082543
v -0.022472 1.833737 0.082413
v -0.022605 1.834124 0.082289
v -0.022740 1.834511 0.082168
v -0.022873 1.834901 0.082054
v -0.023007 1.835289 0.081936
v -0.023157 1.835659 0.081784
v -0.023317 1.836014 0.081606
v -0.023477 1.836367 0.081427
v -0.023638 1.836720 0.081248
v -0.023798 1.837074 0.081069
v -0.023933 1.837451 0.080920
v -0.024045 1.837845 0.080799
v -0.024155 1.838241 0.080679
v -0.024265 1.838636 0.080560
v -0.024376 1.839031 0.080440
v -0.024495 1.839414 0.080293
v -0.024622 1.839777 0.080106
v -0.024741 1.840138 0.079911
v -0.024864 1.840496 0.079712
v -0.024997 1.840847 0.079508
v -0.025130 1.841208 0.079321
v -0.025256 1.841583 0.079160
v -0.025359 1.841976 0.079027
v -0.025475 1.842362 0.078885
v -0.025596 1.842745 0.078738
l 5441 5442 5443 5444 5445 5446 5447 5448 5449 5450 5451 5452 5453 5454 5455 5456 5457 5458 5459 5460 5461 5462 5463 5464 5465 5466 5467 5468 5469 5470 5471 5472
g card_116
v -0.008393 1.832729 0.085109
v -0.008528 1.832963 0.085546
v -0.008704 1.833164 0.085984
v -0.008903 1.833354 0.086416
v -0.009101 1.833579 0.086834
v -0.009304 1.833862 0.087210
v -0.009509 1.834201 0.087530
v -0.009715 1.834595 0.087781
v -0.009913 1.835055 0.087898
v -0.010090 1.835534 0.087927
v -0.010247 1.836021 0.087903
v -0.010384 1.836512 0.087838
v -0.010501 1.837004 0.087746
v -0.010589 1.837493 0.087622
v -0.010669 1.837980 0.087479
v -0.010784 1.838459 0.087335
v -0.010917 1.838935 0.087191
v -0.011050 1.839410 0.087048
v -0.011182 1.839885 0.086904
v -0.011289 1.840365 0.086757
v -0.011362 1.840851 0.086607
v -0.011432 1.841337 0.086457
v -0.011501 1.841824 0.086306
v -0.011559 1.842311 0.086156
v -0.011595 1.842802 0.086008
v -0.011621 1.843293 0.085860
v -0.011681 1.843779 0.085704
v -0.011723 1.844268 0.085553
v -0.011804 1.844749 0.085395
v -0.011926 1.845220 0.085229
v -0.012072 1.845682 0.085060
v -0.012239 1.846136 0.084888
l 5473 5474 5475 5476 5477 5478 5479 5480 5481 5482 5483 5484 5485 5486 5487 5488 5489 5490 5491 5492 5493 5494 5495 5496 5497 5498 5499 5500 5501 5502 5503 5504
v -0.007258 1.837177 0.081899
v -0.007316 1.837418 0.082195
v -0.007374 1.837659 0.082491
v -0.007431 1.837901 0.082787
v -0.007488 1.838142 0.083083
v -0.007546 1.838385 0.083377
v -0.007604 1.838630 0.083670
v -0.007661 1.838876 0.083962
v -0.007720 1.839127 0.084250
v -0.007778 1.839377 0.084538
v -0.007837 1.839638 0.084817
v -0.007896 1.839900 0.085095
v -0.007956 1.840174 0.085360
v -0.008017 1.840454 0.085619
v -0.008078 1.840746 0.085862
v -0.008140 1.841055 0.086087
v -0.008202 1.841370 0.086298
v -0.008265 1.841716 0.086458
v -0.008329 1.842062 0.086618
v -0.008389 1.842427 0.086728
v -0.008450 1.842793 0.086834
v -0.008484 1.843161 0.086791
v -0.008503 1.843531 0.086680
v -0.008546 1.843896 0.086564
v -0.008603 1.844258 0.086444
v -0.008625 1.844627 0.086332
v -0.008644 1.844997 0.086221
v -0.008663 1.845366 0.086110
v -0.008680 1.845736 0.086000
v -0.008757 1.846088 0.085879
v -0.008906 1.846418 0.085746
v -0.009019 1.846764 0.085618
l 5505 5506 5507 5508 5509 5510 5511 5512 5513 5514 5515 5516 5517 5518 5519 5520 5521 5522 5523 5524 5525 5526 5527 5528 5529 5530 5531 5532 5533 5534 5535 5536
g card_117
v 0.003471 1.832841 0.085804
v 0.003492 1.833136 0.086155
v 0.003500 1.833452 0.086488
v 0.003494 1.833788 0.086803
v 0.003492 1.834134 0.087105
v 0.003491 1.834493 0.087393
v 0.003491 1.834864 0.087665
v 0.003492 1.835273 0.087875
v 0.003493 1.835701 0.088033
v 0.003495 1.836150 0.088133
v 0.003522 1.836608 0.088142
v 0.003561 1.837066 0.088124
v 0.003611 1.837520 0.088077
v 0.003665 1.837972 0.088010
v 0.003710 1.838419 0.087917
v 0.003756 1.838860 0.087791
v 0.003807 1.839299 0.087665
v 0.003853 1.839738 0.087537
v 0.003853 1.840178 0.087406
v 0.003820 1.840616 0.087268
v 0.003797 1.841052 0.087125
v 0.003735 1.841487 0.086990
v 0.003679 1.841923 0.086855
v 0.003687 1.842360 0.086715
v 0.003740 1.842794 0.086572
v 0.003798 1.843227 0.086429
v 0.003857 1.843660 0.086286
v 0.003887 1.844097 0.086145
v 0.003888 1.844534 0.086003
v 0.003881 1.844972 0.085861
v 0.003850 1.845409 0.085723
v 0.003812 1.845847 0.085587
l 5537 5538 5539 5540 5541 5542 5543 5544 5545 5546 5547 5548 5549 5550 5551 5552 5553 5554 5555 5556 5557 5558 5559 5560 5561 5562 5563 5564 5565 5566 5567 5568
g card_118
v -0.066394 1.789012 0.058792
v -0.067192 1.789029 0.058711
v -0.067866 1.788992 0.058275
v -0.068488 1.788954 0.057768
v -0.069077 1.788918 0.057222
v -0.069644 1.788876 0.056653
v -0.070197 1.788831 0.056072
v -0.070744 1.788786 0.055484
v -0.071287 1.788745 0.054894
v -0.071831 1.788710 0.054303
v -0.072370 1.788663 0.053708
v -0.072905 1.788611 0.053111
v -0.073420 1.788586 0.052494
v -0.073925 1.788574 0.051869
v -0.074428 1.788565 0.051242
v -0.074931 1.788555 0.050615
v -0.075432 1.788533 0.049987
v -0.075929 1.788496 0.049356
v -0.076430 1.788475 0.048728
v -0.076933 1.788465 0.048101
v -0.077436 1.788456 0.047474
v -0.077939 1.788447 0.046848
v -0.078429 1.788454 0.046210
v -0.078892 1.788501 0.045555
v -0.079347 1.788568 0.044896
v -0.079802 1.788634 0.044236
v -0.080257 1.788700 0.043577
v -0.080704 1.788724 0.042910
v -0.081156 1.788773 0.042247
v -0.081611 1.788839 0.041588
v -0.082066 1.788906 0.040928
v -0.082521 1.788972 0.040269
l 5569 5570 5571 5572 5573 5574 5575 5576 5577 5578 5579 5580 5581 5582 5583 5584 5585 5586 5587 5588 5589 5590 5591 5592 5593 5594 5595 5596 5597 5598 5599 5600
g card_120
v 0.069192 1.787309 0.051257
v 0.069531 1.787329 0.051381
v 0.069870 1.787349 0.051504
v 0.070208 1.787369 0.051629
v 0.070546 1.787389 0.051756
v 0.070884 1.787409 0.051883
v 0.071222 1.787429 0.052009
v 0.071561 1.787449 0.052133
v 0.071900 1.787469 0.052258
v 0.072240 1.787489 0.052379
v 0.072580 1.787509 0.052500
v 0.072921 1.787530 0.052617
v 0.073263 1.787551 0.052732
v 0.073605 1.787571 0.052846
v 0.073951 1.787593 0.052950
v 0.074296 1.787615 0.053053
v 0.074643 1.787637 0.053151
v 0.074995 1.787660 0.053233
v 0.075346 1.787683 0.053314
v 0.075701 1.787708 0.053376
v 0.076059 1.787734 0.053421
v 0.076416 1.787759 0.053466
v 0.076776 1.787788 0.053455
v 0.077136 1.787817 0.053439
v 0.077463 1.787847 0.053354
v 0.077700 1.787879 0.053084
v 0.077938 1.787912 0.052814
v 0.078176 1.787945 0.052543
v 0.078414 1.787977 0.052273
v 0.078651 1.788010 0.052003
v 0.078889 1.788043 0.051732
v 0.079127 1.788075 0.051462
l 5601 5602 5603 5604 5605 5606 5607 5608 5609 5610 5611 5612 5613 5614 5615 5616 5617 5618 5619 5620 5621 5622 5623 5624 5625 5626 5627 5628 5629 5630 5631 5632
g card_121
v 0.062502 1.797408 0.065685
v 0.062585 1.797684 0.066355
v 0.062078 1.797866 0.066768
v 0.061628 1.798096 0.067255
v 0.061425 1.798412 0.067840
v 0.061661 1.798841 0.068381
v 0.061570 1.799228 0.068977
v 0.061236 1.799393 0.069545
v 0.060710 1.799448 0.069980
v 0.060068 1.799790 0.070036
v 0.060650 1.799627 0.069786
v 0.061282 1.799525 0.069449
v 0.061905 1.799480 0.069072
v 0.062536 1.799433 0.068708
v 0.063167 1.799386 0.068344
v 0.063770 1.799372 0.067938
v 0.064351 1.799385 0.067496
v 0.064929 1.799401 0.067052
v 0.065507 1.799416 0.066607
v 0.066078 1.799420 0.066153
v 0.066630 1.799395 0.065677
v 0.067173 1.799357 0.065191
v 0.067716 1.799319 0.064705
v 0.068259 1.799281 0.064219
v 0.068797 1.799252 0.063728
v 0.069299 1.799284 0.063200
v 0.069779 1.799350 0.062654
v 0.070259 1.799416 0.062108
v 0.070738 1.799481 0.061563
v 0.071219 1.799548 0.061018
v 0.071725 1.799640 0.060501
v 0.072253 1.799754 0.060011
l 5633 5634 5635 5636 5637 5638 5639 5640 5641 5642 5643 5644 5645 5646 5647 5648 5649 5650 5651 5652 5653 5654 5655 5656 5657 5658 5659 5660 5661 5662 5663 5664
g card_122
v 0.056896 1.803560 0.073346
v 0.057528 1.803638 0.073432
v 0.058137 1.803619 0.073224
v 0.058721 1.803577 0.072957
v 0.059291 1.803524 0.072664
v 0.059854 1.803465 0.072358
v 0.060413 1.803400 0.072046
v 0.060971 1.803338 0.071730
v 0.061528 1.803281 0.071414
v 0.062086 1.803227 0.071097
v 0.062643 1.803179 0.070779
v 0.063189 1.803149 0.070440
v 0.063709 1.803157 0.070060
v 0.064219 1.803176 0.069668
v 0.064729 1.803196 0.069276
v 0.065239 1.803216 0.068884
v 0.065748 1.803257 0.068493
v 0.066257 1.803334 0.068106
v 0.066765 1.803351 0.067711
v 0.067242 1.803313 0.067281
v 0.067716 1.803272 0.066848
v 0.068190 1.803231 0.066415
v 0.068639 1.803234 0.065954
v 0.069063 1.803278 0.065472
v 0.069482 1.803328 0.064986
v 0.069906 1.803384 0.064504
v 0.070363 1.803486 0.064063
v 0.070830 1.803600 0.063635
v 0.071296 1.803714 0.063207
v 0.071763 1.803828 0.062778
v 0.072229 1.803942 0.062350
v 0.072696 1.804057 0.061922
l 5665 5666 5667 5668 5669 5670 5671 5672 5673 5674 5675 5676 5677 5678 5679 5680 5681 5682 5683 5684 5685 5686 5687 5688 5689 5690 5691 5692 5693 5694 5695 5696
v 0.053639 1.807974 0.075861
v 0.054289 1.808024 0.075893
v 0.054900 1.807982 0.075677
v 0.055494 1.807933 0.075411
v 0.056078 1.807883 0.075123
v 0.056655 1.807831 0.074822
v 0.057228 1.807777 0.074514
v 0.057798 1.807720 0.074202
v 0.058367 1.807663 0.073886
v 0.058935 1.807608 0.073569
v 0.059501 1.807555 0.073249
v 0.060067 1.807506 0.072927
v 0.060629 1.807480 0.072598
v 0.061169 1.807495 0.072232
v 0.061686 1.807515 0.071834
v 0.062203 1.807535 0.071437
v 0.062721 1.807555 0.071039
v 0.063235 1.807587 0.070638
v 0.063747 1.807635 0.070236
v 0.064261 1.807668 0.069835
v 0.064779 1.807688 0.069438
v 0.065296 1.807708 0.069040
v 0.065806 1.807744 0.068635
v 0.066292 1.807835 0.068209
v 0.066766 1.807949 0.067775
v 0.067239 1.808065 0.067341
v 0.067713 1.808181 0.066906
v 0.068186 1.808297 0.066472
v 0.068659 1.808413 0.066037
v 0.069132 1.808529 0.065603
v 0.069605 1.808644 0.065168
v 0.070079 1.808760 0.064733
l 5697 5698 5699 5700 5701 5702 5703 5704 5705 5706 5707 5708 5709 5710 5711 5712 5713 5714 5715 5716 5717 5718 5719 5720 5721 5722 5723 5724 5725 5726 5727 5728
g card_124
v 0.048005 1.816384 0.077875
v 0.048477 1.816620 0.077945
v 0.048930 1.816837 0.077782
v 0.049357 1.817049 0.077546
v 0.049760 1.817254 0.077266
v 0.050147 1.817451 0.076958
v 0.050523 1.817645 0.076635
v 0.050892 1.817835 0.076302
v 0.051257 1.818025 0.075963
v 0.051619 1.818214 0.075622
v 0.051981 1.818417 0.075290
v 0.052343 1.818653 0.074978
v 0.052704 1.818894 0.074670
v 0.053065 1.819135 0.074362
v 0.053427 1.819376 0.074054
v 0.053788 1.819616 0.073746
v 0.054150 1.819857 0.073439
v 0.054508 1.820100 0.073128
v 0.054857 1.820345 0.072810
v 0.055201 1.820592 0.072487
v 0.055545 1.820839 0.072164
v 0.055888 1.821087 0.071841
v 0.056232 1.821334 0.071518
v 0.056575 1.821581 0.071196
v 0.056919 1.821825 0.070870
v 0.057262 1.822032 0.070520
v 0.057604 1.822212 0.070154
v 0.057945 1.822390 0.069786
v 0.058287 1.822567 0.069418
v 0.058628 1.822745 0.069050
v 0.058970 1.822922 0.068683
v 0.059312 1.823099 0.068315
l 5729 5730 5731 5732 5733 5734 5735 5736 5737 5738 5739 5740 5741 5742 5743 5744 5745 5746 5747 5748 5749 5750 5751 5752 5753 5754 5755 5756 5757 5758 5759 5760
v 0.046681 1.820588 0.076685
v 0.046932 1.820759 0.076933
v 0.047192 1.820934 0.077169
v 0.047458 1.821115 0.077392
v 0.047734 1.821302 0.077599
v 0.048025 1.821498 0.077772
v 0.048328 1.821703 0.077908
v 0.048647 1.821917 0.077985
v 0.048969 1.822134 0.077952
v 0.049285 1.822347 0.077866
v 0.049591 1.822552 0.077734
v 0.049882 1.822748 0.077559
v 0.050167 1.822941 0.077373
v 0.050443 1.823131 0.077170
v 0.050696 1.823313 0.076932
v 0.050949 1.823495 0.076694
v 0.051202 1.823677 0.076456
v 0.051455 1.823859 0.076219
v 0.051708 1.824041 0.075981
v 0.051961 1.824223 0.075743
v 0.052214 1.824406 0.075505
v 0.052467 1.824588 0.075267
v 0.052720 1.824770 0.075030
v 0.052973 1.824952 0.074792
v 0.053226 1.825134 0.074554
v 0.053479 1.825316 0.074316
v 0.053732 1.825498 0.074079
v 0.053985 1.825680 0.073841
v 0.054238 1.825863 0.073603
v 0.054491 1.826045 0.073365
v 0.054744 1.826227 0.073127
v 0.054997 1.826409 0.072890
l 5761 5762 5763 5764 5765 5766 5767 5768 5769 5770 5771 5772 5773 5774 5775 5776 5777 5778 5779 5780 5781 5782 5783 5784 5785 5786 5787 5788 5789 5790 5791 5792
g card_126
v 0.028106 1.824859 0.085402
v 0.028252 1.825113 0.085743
v 0.028420 1.825392 0.086051
v 0.028607 1.825689 0.086332
v 0.028816 1.825997 0.086581
v 0.029063 1.826327 0.086763
v 0.029350 1.826663 0.086827
v 0.029654 1.826987 0.086802
v 0.029966 1.827293 0.086704
v 0.030277 1.827580 0.086553
v 0.030585 1.827850 0.086367
v 0.030891 1.828115 0.086170
v 0.031189 1.828379 0.085962
v 0.031473 1.828667 0.085769
v 0.031764 1.828972 0.085613
v 0.032061 1.829276 0.085467
v 0.032358 1.829580 0.085320
v 0.032655 1.829885 0.085174
v 0.032952 1.830189 0.085028
v 0.033250 1.830493 0.084882
v 0.033537 1.830804 0.084731
v 0.033803 1.831128 0.084571
v 0.034061 1.831458 0.084407
v 0.034319 1.831788 0.084243
v 0.034577 1.832118 0.084079
v 0.034847 1.832437 0.083913
v 0.035121 1.832751 0.083745
v 0.035389 1.833059 0.083558
v 0.035660 1.833339 0.083336
v 0.035934 1.833605 0.083098
v 0.036208 1.833871 0.082861
v 0.036482 1.834137 0.082623
l 5793 5794 5795 5796 5797 5798 5799 5800 5801 5802 5803 5804 5805 5806 5807 5808 5809 5810 5811 5812 5813 5814 5815 5816 5817 5818 5819 5820 5821 5822 5823 5824
g card_127
v -0.054503 1.820847 0.067147
v -0.054685 1.820935 0.067267
v -0.054867 1.821022 0.067386
v -0.055051 1.821110 0.067504
v -0.055234 1.821199 0.067621
v -0.055418 1.821287 0.067738
v -0.055603 1.821376 0.067853
v -0.055788 1.821465 0.067967
v -0.055974 1.821556 0.068078
v -0.056160 1.821646 0.068189
v -0.056350 1.821738 0.068293
v -0.056540 1.821831 0.068395
v -0.056734 1.821926 0.068487
v -0.056930 1.822022 0.068575
v -0.057129 1.822121 0.068650
v -0.057332 1.822224 0.068709
v -0.057536 1.822327 0.068759
v -0.057745 1.822435 0.068770
v -0.057953 1.822543 0.068781
v -0.058159 1.822652 0.068756
v -0.058366 1.822761 0.068729
v -0.058528 1.822853 0.068606
v -0.058669 1.822937 0.068438
v -0.058810 1.823021 0.068270
v -0.058951 1.823105 0.068102
v -0.059092 1.823189 0.067934
v -0.059233 1.823273 0.067766
v -0.059374 1.823357 0.067597
v -0.059515 1.823441 0.067429
v -0.059656 1.823526 0.067261
v -0.059797 1.823610 0.067093
v -0.059938 1.823694 0.066925
l 5825 5826 5827 5828 5829 5830 5831 5832 5833 5834 5835 5836 5837 5838 5839 5840 5841 5842 5843 5844 5845 5846 5847 5848 5849 5850 5851 5852 5853 5854 5855 5856
g card_128
v -0.041650 1.825948 0.077453
v -0.041837 1.826110 0.077679
v -0.042023 1.826272 0.077904
v -0.042208 1.826434 0.078131
v -0.042395 1.826598 0.078355
v -0.042585 1.826765 0.078574
v -0.042782 1.826938 0.078783
v -0.042981 1.827113 0.078986
v -0.043194 1.827303 0.079162
v -0.043413 1.827499 0.079318
v -0.043645 1.827708 0.079438
v -0.043885 1.827928 0.079499
v -0.044131 1.828154 0.079524
v -0.044371 1.828380 0.079475
v -0.044609 1.828605 0.079410
v -0.044840 1.828827 0.079311
v -0.045055 1.829037 0.079174
v -0.045250 1.829232 0.078984
v -0.045445 1.829426 0.078794
v -0.045640 1.829621 0.078604
v -0.045835 1.829816 0.078414
v -0.046029 1.830011 0.078224
v -0.046224 1.830206 0.078034
v -0.046419 1.830400 0.077844
v -0.046614 1.830595 0.077654
v -0.046809 1.830783 0.077459
v -0.047006 1.830960 0.077253
v -0.047203 1.831119 0.077035
v -0.047401 1.831276 0.076815
v -0.047598 1.831433 0.076595
v -0.047796 1.831590 0.076375
v -0.047993 1.831747 0.076155
l 5857 5858 5859 5860 5861 5862 5863 5864 5865 5866 5867 5868 5869 5870 5871 5872 5873 5874 5875 5876 5877 5878 5879 5880 5881 5882 5883 5884 5885 5886 5887 5888
v -0.039473 1.821852 0.081641
v -0.039813 1.822103 0.081942
v -0.040204 1.822363 0.082154
v -0.040616 1.822635 0.082310
v -0.041036 1.822918 0.082408
v -0.041462 1.823212 0.082417
v -0.041875 1.823498 0.082292
v -0.042267 1.823771 0.082093
v -0.042643 1.824032 0.081851
v -0.043006 1.824286 0.081582
v -0.043360 1.824534 0.081296
v -0.043710 1.824779 0.081002
v -0.044051 1.825046 0.080717
v -0.044389 1.825327 0.080443
v -0.044728 1.825608 0.080169
v -0.045067 1.825889 0.079895
v -0.045406 1.826171 0.079622
v -0.045744 1.826452 0.079348
v -0.046077 1.826737 0.079070
v -0.046390 1.827032 0.078782
v -0.046693 1.827333 0.078488
v -0.046995 1.827635 0.078194
v -0.047297 1.827937 0.077900
v -0.047599 1.828239 0.077605
v -0.047901 1.828539 0.077309
v -0.048204 1.828820 0.076998
v -0.048510 1.829071 0.076663
v -0.048816 1.829314 0.076322
v -0.049122 1.829558 0.075982
v -0.049428 1.829801 0.075641
v -0.049734 1.830044 0.075300
v -0.050039 1.830288 0.074960
l 5889 5890 5891 5892 5893 5894 5895 5896 5897 5898 5899 5900 5901 5902 5903 5904 5905 5906 5907 5908 5909 5910 5911 5912 5913 5914 5915 5916 5917 5918 5919 5920
g card_129
v -0.034154 1.827879 0.080931
v -0.034290 1.828063 0.081181
v -0.034427 1.828249 0.081427
v -0.034570 1.828440 0.081667
v -0.034716 1.828634 0.081903
v -0.034864 1.828829 0.082137
v -0.035021 1.829032 0.082357
v -0.035183 1.829239 0.082569
v -0.035359 1.829457 0.082758
v -0.035549 1.829685 0.082917
v -0.035751 1.829922 0.083049
v -0.035975 1.830168 0.083102
v -0.036202 1.830415 0.083131
v -0.036434 1.830660 0.083106
v -0.036665 1.830904 0.083068
v -0.036897 1.831145 0.083014
v -0.037121 1.831372 0.082906
v -0.037331 1.831602 0.082777
v -0.037523 1.831844 0.082639
v -0.037709 1.832089 0.082498
v -0.037894 1.832335 0.082357
v -0.038079 1.832580 0.082216
v -0.038266 1.832824 0.082074
v -0.038462 1.833057 0.081927
v -0.038663 1.833260 0.081747
v -0.038861 1.833456 0.081555
v -0.039056 1.833655 0.081363
v -0.039251 1.833854 0.081171
v -0.039446 1.834053 0.080980
v -0.039641 1.834251 0.080788
v -0.039837 1.834450 0.080596
v -0.040032 1.834649 0.080404
l 5921 5922 5923 5924 5925 5926 5927 5928 5929 5930 5931 5932 5933 5934 5935 5936 5937 5938 5939 5940 5941 5942 5943 5944 5945 5946 5947 5948 5949 5950 5951 5952
v -0.029639 1.826022 0.084089
v -0.029829 1.826303 0.084411
v -0.030044 1.826610 0.084686
v -0.030279 1.826936 0.084926
v -0.030523 1.827265 0.085151
v -0.030786 1.827603 0.085337
v -0.031067 1.827947 0.085476
v -0.031368 1.828297 0.085551
v -0.031692 1.828629 0.085498
v -0.032017 1.828945 0.085392
v -0.032341 1.829245 0.085240
v -0.032661 1.829528 0.085049
v -0.032978 1.829804 0.084844
v -0.033287 1.830078 0.084625
v -0.033580 1.830370 0.084409
v -0.033882 1.830680 0.084231
v -0.034189 1.830988 0.084061
v -0.034497 1.831296 0.083891
v -0.034805 1.831605 0.083721
v -0.035113 1.831913 0.083551
v -0.035421 1.832221 0.083381
v -0.035704 1.832545 0.083198
v -0.035961 1.832884 0.083004
v -0.036217 1.833224 0.082809
v -0.036473 1.833563 0.082614
v -0.036737 1.833896 0.082418
v -0.037011 1.834218 0.082220
v -0.037277 1.834541 0.082010
v -0.037544 1.834836 0.081765
v -0.037814 1.835111 0.081500
v -0.038083 1.835386 0.081235
v -0.038353 1.835661 0.080970
l 5953 5954 5955 5956 5957 5958 5959 5960 5961 5962 5963 5964 5965 5966 5967 5968 5969 5970 5971 5972 5973 5974 5975 5976 5977 5978 5979 5980 5981 5982 5983 5984
g card_130
v -0.063825 1.795465 0.063440
v -0.064563 1.795676 0.063559
v -0.065285 1.795933 0.063469
v -0.066003 1.796147 0.063270
v -0.066690 1.796281 0.062948
v -0.067331 1.796344 0.062518
v -0.067930 1.796357 0.062024
v -0.068499 1.796338 0.061495
v -0.069051 1.796306 0.060949
v -0.069598 1.796277 0.060399
v -0.070148 1.796256 0.059850
v -0.070702 1.796243 0.059306
v -0.071256 1.796225 0.058762
v -0.071810 1.796206 0.058218
v -0.072330 1.796217 0.057641
v -0.072829 1.796246 0.057045
v -0.073326 1.796273 0.056449
v -0.073822 1.796280 0.055851
v -0.074316 1.796282 0.055251
v -0.074805 1.796291 0.054649
v -0.075284 1.796276 0.054037
v -0.075763 1.796262 0.053426
v -0.076243 1.796247 0.052814
v -0.076722 1.796233 0.052203
v -0.077189 1.796230 0.051582
v -0.077634 1.796251 0.050946
v -0.078069 1.796283 0.050303
v -0.078500 1.796281 0.049657
v -0.078932 1.796300 0.049012
v -0.079365 1.796333 0.048368
v -0.079804 1.796403 0.047731
v -0.080248 1.796507 0.047102
l 5985 5986 5987 5988 5989 5990 5991 5992 5993 5994 5995 5996 5997 5998 5999 6000 6001 6002 6003 6004 6005 6006 6007 6008 6009 6010 6011 6012 6013 6014 6015 6016
g card_131
v -0.056930 1.807358 0.071627
v -0.057645 1.807531 0.071825
v -0.058387 1.807677 0.071837
v -0.059133 1.807807 0.071759
v -0.059867 1.807919 0.071602
v -0.060574 1.808003 0.071336
v -0.061235 1.808051 0.070960
v -0.061858 1.808078 0.070521
v -0.062460 1.808096 0.070055
v -0.063051 1.808112 0.069574
v -0.063638 1.808131 0.069088
v -0.064223 1.808152 0.068600
v -0.064811 1.808188 0.068117
v -0.065386 1.808234 0.067619
v -0.065917 1.808311 0.067078
v -0.066421 1.808405 0.066515
v -0.066926 1.808499 0.065951
v -0.067429 1.808586 0.065386
v -0.067925 1.808641 0.064809
v -0.068414 1.808673 0.064226
v -0.068902 1.808701 0.063642
v -0.069391 1.808730 0.063057
v -0.069878 1.808761 0.062472
v -0.070346 1.808820 0.061874
v -0.070783 1.808923 0.061258
v -0.071219 1.809027 0.060642
v -0.071656 1.809132 0.060026
v -0.072092 1.809236 0.059409
v -0.072531 1.809364 0.058801
v -0.072976 1.809529 0.058204
v -0.073422 1.809706 0.057612
v -0.073869 1.809885 0.057021
l 6017 6018 6019 6020 6021 6022 6023 6024 6025 6026 6027 6028 6029 6030 6031 6032 6033 6034 6035 6036 6037 6038 6039 6040 6041 6042 6043 6044 6045 6046 6047 6048
g card_132
v -0.050203 1.815516 0.076060
v -0.050605 1.815790 0.076361
v -0.051015 1.816110 0.076593
v -0.051440 1.816443 0.076779
v -0.051887 1.816763 0.076936
v -0.052375 1.817054 0.077006
v -0.052886 1.817297 0.076962
v -0.053400 1.817492 0.076823
v -0.053906 1.817642 0.076604
v -0.054392 1.817755 0.076324
v -0.054866 1.817858 0.076021
v -0.055334 1.817963 0.075709
v -0.055797 1.818082 0.075396
v -0.056252 1.818239 0.075087
v -0.056704 1.818403 0.074776
v -0.057142 1.818589 0.074460
v -0.057575 1.818785 0.074141
v -0.058008 1.818981 0.073822
v -0.058433 1.819156 0.073483
v -0.058822 1.819247 0.073074
v -0.059201 1.819317 0.072651
v -0.059580 1.819387 0.072229
v -0.059959 1.819458 0.071806
v -0.060337 1.819528 0.071383
v -0.060696 1.819629 0.070949
v -0.061036 1.819757 0.070507
v -0.061371 1.819891 0.070063
v -0.061706 1.820025 0.069619
v -0.062041 1.820159 0.069175
v -0.062377 1.820294 0.068732
v -0.062738 1.820466 0.068324
v -0.063124 1.820674 0.067956
l 6049 6050 6051 6052 6053 6054 6055 6056 6057 6058 6059 6060 6061 6062 6063 6064 6065 6066 6067 6068 6069 6070 6071 6072 6073 6074 6075 6076 6077 6078 6079 6080
g card_133
v 0.023094 1.826416 0.085949
v 0.023208 1.826691 0.086360
v 0.023325 1.826978 0.086763
v 0.023446 1.827275 0.087157
v 0.023584 1.827583 0.087537
v 0.023736 1.827903 0.087900
v 0.023905 1.828235 0.088246
v 0.024125 1.828601 0.088521
v 0.024378 1.828982 0.088731
v 0.024662 1.829376 0.088878
v 0.024984 1.829769 0.088897
v 0.025311 1.830155 0.088878
v 0.025644 1.830536 0.088821
v 0.025975 1.830910 0.088731
v 0.026306 1.831274 0.088608
v 0.026644 1.831619 0.088448
v 0.026984 1.831960 0.088288
v 0.027325 1.832301 0.088128
v 0.027665 1.832643 0.087968
v 0.028006 1.832984 0.087808
v 0.028334 1.833335 0.087642
v 0.028636 1.833703 0.087464
v 0.028933 1.834074 0.087284
v 0.029230 1.834444 0.087104
v 0.029527 1.834815 0.086924
v 0.029831 1.835180 0.086742
v 0.030148 1.835532 0.086559
v 0.030453 1.835895 0.086377
v 0.030750 1.836266 0.086197
v 0.031047 1.836637 0.086017
v 0.031344 1.837008 0.085837
v 0.031641 1.837379 0.085657
l 6081 6082 6083 6084 6085 6086 6087 6088 6089 6090 6091 6092 6093 6094 6095 6096 6097 6098 6099 6100 6101 6102 6103 6104 6105 6106 6107 6108 6109 6110 6111 6112
g card_135
v 0.044169 1.823524 0.077008
v 0.049708 1.818477 0.077752
v 0.053677 1.812345 0.075741
v 0.058871 1.807660 0.072788
v 0.064437 1.804034 0.069090
v 0.069885 1.800976 0.064752
v 0.074986 1.798199 0.059841
v 0.079700 1.795606 0.054461
v 0.084105 1.793166 0.048756
v 0.087999 1.791253 0.042554
v 0.091278 1.790180 0.035775
v 0.094150 1.789748 0.028761
v 0.096384 1.790056 0.021501
v 0.098146 1.790912 0.014151
v 0.099465 1.792384 0.006820
v 0.100199 1.794690 -0.000388
v 0.100516 1.797623 -0.007396
v 0.100404 1.801054 -0.014184
v 0.099771 1.804732 -0.020816
v 0.098659 1.808564 -0.027291
v 0.096980 1.812714 -0.033436
v 0.094676 1.817246 -0.039094
v 0.091857 1.822081 -0.044236
v 0.088416 1.827281 -0.048587
v 0.084506 1.832758 -0.052124
v 0.080139 1.838438 -0.054678
v 0.075435 1.844150 -0.056444
v 0.070258 1.849632 -0.057470
v 0.064754 1.854869 -0.057927
v 0.059023 1.859878 -0.057917
v 0.053193 1.864754 -0.057499
v 0.047429 1.869694 -0.056943
l 6113 6114 6115 6116 6117 6118 6119 6120 6121 6122 6123 6124 6125 6126 6127 6128 6129 6130 6131 6132 6133 6134 6135 6136 6137 6138 6139 6140 6141 6142 6143 6144
g card_136
v 0.015591 1.861830 -0.040634
v 0.017317 1.870590 -0.043381
v 0.018942 1.879347 -0.046195
v 0.020463 1.888102 -0.049075
v 0.021605 1.896876 -0.052070
v 0.022326 1.905641 -0.055189
v 0.022624 1.914395 -0.058432
v 0.021353 1.922906 -0.062066
v 0.018785 1.930910 -0.065907
v 0.014953 1.938393 -0.069948
v 0.008574 1.943518 -0.074454
v 0.001595 1.947409 -0.079114
v -0.005927 1.950154 -0.083918
v -0.013688 1.951571 -0.088920
v -0.021071 1.950807 -0.094197
v -0.027732 1.947524 -0.099847
v -0.033612 1.943132 -0.105617
v -0.038932 1.937805 -0.111067
v -0.043347 1.931124 -0.115859
v -0.047136 1.923693 -0.120040
v -0.050269 1.915537 -0.123328
v -0.053010 1.907023 -0.126004
v -0.055210 1.898213 -0.128169
v -0.056752 1.889138 -0.129717
v -0.057200 1.879826 -0.130076
v -0.056593 1.870553 -0.129458
v -0.054686 1.861550 -0.127957
v -0.051735 1.853113 -0.125317
v -0.047010 1.846322 -0.121107
v -0.040881 1.841819 -0.115781
v -0.034240 1.839495 -0.109706
v -0.027645 1.838621 -0.103159
l 6145 6146 6147 6148 6149 6150 6151 6152 6153 6154 6155 6156 6157 6158 6159 6160 6161 6162 6163 6164 6165 6166 6167 6168 6169 6170 6171 6172 6173 6174 6175 6176
v -0.023261 1.830874 -0.082693
v -0.023475 1.831212 -0.083206
v -0.023690 1.831549 -0.083720
v -0.023907 1.831884 -0.084235
v -0.024135 1.832209 -0.084751
v -0.024363 1.832535 -0.085266
v -0.024590 1.832862 -0.085782
v -0.024815 1.833190 -0.086297
v -0.025040 1.833518 -0.086813
v -0.025263 1.833848 -0.087328
v -0.025486 1.834178 -0.087843
v -0.025708 1.834509 -0.088358
v -0.025926 1.834843 -0.088873
v -0.026144 1.835177 -0.089387
v -0.026361 1.835512 -0.089902
v -0.026571 1.835853 -0.090415
v -0.026781 1.836193 -0.090929
v -0.026985 1.836539 -0.091442
v -0.027180 1.836891 -0.091954
v -0.027375 1.837243 -0.092465
v -0.027553 1.837609 -0.092974
v -0.027719 1.837983 -0.093480
v -0.027886 1.838356 -0.093987
v -0.028007 1.838761 -0.094482
v -0.028120 1.839171 -0.094975
v -0.028181 1.839544 -0.095385
v -0.027707 1.839521 -0.094939
v -0.027234 1.839499 -0.094493
v -0.026760 1.839476 -0.094046
v -0.026287 1.839454 -0.093600
v -0.025813 1.839432 -0.093154
v -0.025339 1.839409 -0.092707
l 6177 6178 6179 6180 6181 6182 6183 6184 6185 6186 6187 6188 6189 6190 6191 6192 6193 6194 6195 6196 6197 6198 6199 6200 6201 6202 6203 6204 6205 6206 6207 6208
g card_138
v 0.032469 1.817649 0.087569
v 0.039345 1.817210 0.087094
v 0.045325 1.815568 0.083849
v 0.051257 1.814042 0.080467
v 0.057061 1.812696 0.076800
v 0.062669 1.811534 0.072783
v 0.068051 1.810530 0.068429
v 0.073229 1.809723 0.063794
v 0.078272 1.809118 0.058979
v 0.082679 1.808875 0.053575
v 0.086587 1.809205 0.047791
v 0.090079 1.809654 0.041748
v 0.092997 1.810564 0.035474
v 0.095223 1.811943 0.028996
v 0.096800 1.813481 0.022361
v 0.097691 1.815398 0.015709
v 0.098068 1.817911 0.009197
v 0.098007 1.820834 0.002847
v 0.097397 1.824149 -0.003270
v 0.096396 1.827882 -0.009102
v 0.095028 1.831892 -0.014655
v 0.093136 1.836288 -0.019753
v 0.090783 1.840855 -0.024495
v 0.087903 1.845522 -0.028831
v 0.084434 1.850185 -0.032707
v 0.080242 1.854634 -0.036096
v 0.075548 1.859066 -0.038762
v 0.070135 1.862941 -0.040903
v 0.064454 1.866772 -0.042310
v 0.058470 1.870259 -0.043312
v 0.052387 1.873671 -0.043887
v 0.046232 1.876995 -0.044099
l 6209 6210 6211 6212 6213 6214 6215 6216 6217 6218 6219 6220 6221 6222 6223 6224 6225 6226 6227 6228 6229 6230 6231 6232 6233 6234 6235 6236 6237 6238 6239 6240
v 0.025496 1.823946 0.086756
v 0.032382 1.824183 0.087382
v 0.038834 1.822793 0.084986
v 0.045166 1.821579 0.082210
v 0.051327 1.820527 0.079015
v 0.057272 1.819643 0.075391
v 0.062978 1.818935 0.071365
v 0.068451 1.818405 0.067000
v 0.073745 1.818016 0.062405
v 0.078500 1.818082 0.057268
v 0.082725 1.818624 0.051694
v 0.086589 1.819501 0.045901
v 0.089894 1.820767 0.039854
v 0.092476 1.822452 0.033559
v 0.094484 1.824461 0.027142
v 0.095916 1.826799 0.020689
v 0.096708 1.829459 0.014246
v 0.096890 1.832367 0.007867
v 0.096397 1.835646 0.001696
v 0.095366 1.839331 -0.004191
v 0.093894 1.843253 -0.009804
v 0.091695 1.847444 -0.014986
v 0.088894 1.851632 -0.019857
v 0.085246 1.855695 -0.024254
v 0.080898 1.859610 -0.028124
v 0.076006 1.863367 -0.031461
v 0.070590 1.866973 -0.034097
v 0.064891 1.870452 -0.036253
v 0.058837 1.873697 -0.037711
v 0.052643 1.876812 -0.038821
v 0.046309 1.879761 -0.039527
v 0.039978 1.882729 -0.040180
l 6241 6242 6243 6244 6245 6246 6247 6248 6249 6250 6251 6252 6253 6254 6255 6256 6257 6258 6259 6260 6261 6262 6263 6264 6265 6266 6267 6268 6269 6270 6271 6272
g card_139
v -0.072936 1.757724 0.037909
v -0.078670 1.749081 0.036367
v -0.079689 1.738991 0.033460
v -0.080758 1.728787 0.031001
v -0.081760 1.718489 0.028944
v -0.082491 1.708126 0.027110
v -0.082742 1.697722 0.025384
v -0.082504 1.687315 0.023676
v -0.081725 1.676942 0.021922
v -0.080426 1.666640 0.020108
v -0.078126 1.656498 0.018397
v -0.075452 1.646322 0.017622
v -0.072957 1.636102 0.016982
v -0.071579 1.625650 0.016877
v -0.071380 1.615151 0.017284
v -0.073223 1.604832 0.018475
v -0.075198 1.594548 0.019714
v -0.078120 1.584542 0.021306
v -0.081804 1.574847 0.023241
v -0.085599 1.565263 0.025480
v -0.088945 1.555640 0.028201
v -0.091441 1.546002 0.031661
v -0.092543 1.536487 0.036041
v -0.091745 1.527455 0.041409
v -0.089315 1.519267 0.047596
v -0.086138 1.511703 0.054223
v -0.082208 1.504978 0.061339
v -0.077946 1.498576 0.068561
v -0.073727 1.491897 0.075554
v -0.069481 1.484914 0.082225
v -0.065833 1.477230 0.088464
v -0.063958 1.468344 0.093834
l 6273 6274 6275 6276 6277 6278 6279 6280 6281 6282 6283 6284 6285 6286 6287 6288 6289 6290 6291 6292 6293 6294 6295 6296 6297 6298 6299 6300 6301 6302 6303 6304
v -0.070047 1.777658 0.049442
v -0.076949 1.769668 0.045573
v -0.078797 1.760124 0.039585
v -0.080385 1.750000 0.034558
v -0.081882 1.739408 0.030575
v -0.083369 1.728504 0.027529
v -0.084777 1.717416 0.025176
v -0.086006 1.706218 0.023284
v -0.087097 1.694964 0.021644
v -0.086708 1.683721 0.019860
v -0.085113 1.672586 0.017909
v -0.082468 1.661594 0.016393
v -0.079437 1.650653 0.015116
v -0.076617 1.639639 0.014012
v -0.074777 1.628408 0.013696
v -0.074657 1.617050 0.014284
v -0.076007 1.605772 0.015392
v -0.078244 1.594668 0.016818
v -0.081479 1.583885 0.018623
v -0.085516 1.573431 0.020839
v -0.089456 1.563037 0.023454
v -0.092719 1.552589 0.026676
v -0.094805 1.542157 0.030732
v -0.095067 1.532057 0.035928
v -0.093379 1.522675 0.042194
v -0.090566 1.513958 0.049001
v -0.086858 1.506015 0.056314
v -0.082431 1.498806 0.063991
v -0.077715 1.491810 0.071693
v -0.072862 1.484434 0.078939
v -0.068690 1.476361 0.085850
v -0.066490 1.466916 0.091888
l 6305 6306 6307 6308 6309 6310 6311 6312 6313 6314 6315 6316 6317 6318 6319 6320 6321 6322 6323 6324 6325 6326 6327 6328 6329 6330 6331 6332 6333 6334 6335 6336
g card_140
v -0.042372 1.823404 0.078594
v -0.048791 1.823204 0.077842
v -0.054283 1.821582 0.074687
v -0.059710 1.820030 0.071388
v -0.064939 1.818516 0.067771
v -0.069887 1.817044 0.063764
v -0.074523 1.815650 0.059374
v -0.078872 1.814371 0.054665
v -0.083019 1.813198 0.049748
v -0.086568 1.812532 0.044330
v -0.089687 1.812335 0.038590
v -0.092410 1.812584 0.032662
v -0.094594 1.813361 0.026561
v -0.096319 1.814612 0.020386
v -0.097519 1.816442 0.014244
v -0.098140 1.818773 0.008174
v -0.098243 1.821396 0.002194
v -0.097804 1.824324 -0.003627
v -0.096916 1.827511 -0.009264
v -0.095657 1.830895 -0.014707
v -0.093881 1.834531 -0.019831
v -0.091582 1.838381 -0.024584
v -0.088808 1.842365 -0.028945
v -0.085433 1.846488 -0.032723
v -0.081662 1.850694 -0.036008
v -0.077563 1.854962 -0.038761
v -0.073132 1.859369 -0.040681
v -0.068572 1.863784 -0.042221
v -0.063747 1.868140 -0.042927
v -0.058813 1.872400 -0.043431
v -0.053715 1.876491 -0.043623
v -0.048565 1.880519 -0.043735
l 6337 6338 6339 6340 6341 6342 6343 6344 6345 6346 6347 6348 6349 6350 6351 6352 6353 6354 6355 6356 6357 6358 6359 6360 6361 6362 6363 6364 6365 6366 6367 6368
g card_141
v 0.075436 1.739520 0.021277
v 0.083044 1.731752 0.019943
v 0.085647 1.721441 0.017368
v 0.087147 1.710870 0.014926
v 0.087900 1.700153 0.012799
v 0.088174 1.689348 0.011026
v 0.088150 1.678481 0.009665
v 0.087952 1.667570 0.008723
v 0.087682 1.656639 0.008085
v 0.087431 1.645696 0.007660
v 0.088201 1.634883 0.008828
v 0.089258 1.624435 0.011847
v 0.090301 1.614092 0.015299
v 0.090619 1.603905 0.019283
v 0.089667 1.594106 0.024039
v 0.087247 1.584899 0.029416
v 0.083276 1.576593 0.035304
v 0.078289 1.568993 0.041401
v 0.072849 1.561744 0.047552
v 0.067123 1.554773 0.053763
v 0.061168 1.548054 0.060037
v 0.054838 1.541783 0.066406
v 0.048744 1.535197 0.072686
v 0.043494 1.527903 0.078935
v 0.039848 1.519594 0.085035
v 0.039357 1.510195 0.090519
v 0.042617 1.500736 0.094819
v 0.049636 1.492797 0.097312
v 0.058999 1.487277 0.098350
v 0.069462 1.484097 0.098290
v 0.080285 1.484143 0.096777
v 0.089500 1.488863 0.093323
l 6369 6370 6371 6372 6373 6374 6375 6376 6377 6378 6379 6380 6381 6382 6383 6384 6385 6386 6387 6388 6389 6390 6391 6392 6393 6394 6395 6396 6397 6398 6399 6400
g card_142
v 0.014810 1.821996 0.090532
v 0.020336 1.824157 0.090476
v 0.025557 1.825440 0.087938
v 0.030539 1.827671 0.085586
v 0.035258 1.830381 0.083194
v 0.039673 1.833448 0.080659
v 0.043787 1.836721 0.077886
v 0.047677 1.840028 0.074843
v 0.051322 1.843354 0.071529
v 0.054855 1.846656 0.068072
v 0.057487 1.849892 0.063863
v 0.060020 1.853028 0.059494
v 0.062081 1.856008 0.054787
v 0.063709 1.858825 0.049814
v 0.064771 1.861382 0.044559
v 0.065035 1.863679 0.039088
v 0.064751 1.866025 0.033636
v 0.064000 1.868239 0.028172
v 0.062955 1.870234 0.022672
v 0.061399 1.872577 0.017438
v 0.059345 1.875322 0.012586
v 0.057084 1.877611 0.007590
v 0.054437 1.879956 0.002813
v 0.051639 1.881937 -0.002042
v 0.048459 1.883948 -0.006644
v 0.045289 1.885740 -0.011342
v 0.041761 1.887421 -0.015821
v 0.038229 1.889128 -0.020287
v 0.034449 1.890698 -0.024598
v 0.030347 1.891980 -0.028704
v 0.026355 1.892988 -0.032992
v 0.021837 1.893711 -0.036786
l 6401 6402 6403 6404 6405 6406 6407 6408 6409 6410 6411 6412 6413 6414 6415 6416 6417 6418 6419 6420 6421 6422 6423 6424 6425 6426 6427 6428 6429 6430 6431 6432
g card_143
v -0.047699 1.814906 0.078972
v -0.052168 1.813357 0.078458
v -0.055586 1.810740 0.076287
v -0.058929 1.808036 0.074106
v -0.062131 1.805224 0.071852
v -0.065176 1.802317 0.069506
v -0.068057 1.799324 0.067060
v -0.070781 1.796266 0.064517
v -0.073385 1.793170 0.061896
v -0.075664 1.789995 0.059080
v -0.077613 1.786859 0.055988
v -0.079347 1.783830 0.052664
v -0.080940 1.780979 0.049122
v -0.082456 1.778308 0.045406
v -0.083921 1.775944 0.041476
v -0.085340 1.773867 0.037364
v -0.086715 1.771972 0.033152
v -0.088054 1.770282 0.028841
v -0.089379 1.768823 0.024443
v -0.090705 1.767602 0.019973
v -0.092010 1.766748 0.015421
v -0.093256 1.766400 0.010779
v -0.094468 1.766352 0.006114
v -0.095632 1.766672 0.001457
v -0.096706 1.767632 -0.003139
v -0.097686 1.769093 -0.007623
v -0.098514 1.771080 -0.011926
v -0.098993 1.773688 -0.015950
v -0.099338 1.776683 -0.019707
v -0.099519 1.780113 -0.023086
v -0.099391 1.783925 -0.026035
v -0.099153 1.787883 -0.028779
l 6433 6434 6435 6436 6437 6438 6439 6440 6441 6442 6443 6444 6445 6446 6447 6448 6449 6450 6451 6452 6453 6454 6455 6456 6457 6458 6459 6460 6461 6462 6463 6464
v -0.043593 1.810136 0.084543
v -0.048272 1.810089 0.082884
v -0.051835 1.808492 0.079629
v -0.055507 1.806144 0.076987
v -0.059013 1.803331 0.074572
v -0.062332 1.800285 0.072170
v -0.065498 1.797131 0.069698
v -0.068485 1.793894 0.067117
v -0.071213 1.790588 0.064359
v -0.073499 1.787227 0.061269
v -0.075649 1.783887 0.058062
v -0.077618 1.780617 0.054673
v -0.079303 1.777562 0.050945
v -0.080924 1.774691 0.047046
v -0.082387 1.772140 0.042872
v -0.083855 1.769880 0.038536
v -0.085261 1.767825 0.034079
v -0.086636 1.765971 0.029525
v -0.087992 1.764352 0.024878
v -0.089323 1.763033 0.020131
v -0.090631 1.762050 0.015297
v -0.091935 1.761438 0.010402
v -0.093155 1.761318 0.005456
v -0.094256 1.761639 0.000482
v -0.095283 1.762288 -0.004473
v -0.096210 1.763450 -0.009342
v -0.096984 1.765253 -0.014051
v -0.097525 1.767447 -0.018625
v -0.097782 1.770127 -0.022937
v -0.097966 1.773684 -0.026593
v -0.097877 1.777460 -0.030028
v -0.097518 1.781430 -0.033219
l 6465 6466 6467 6468 6469 6470 6471 6472 6473 6474 6475 6476 6477 6478 6479 6480 6481 6482 6483 6484 6485 6486 6487 6488 6489 6490 6491 6492 6493 6494 6495 6496
g card_144
v 0.066047 1.789632 0.059572
v 0.072268 1.781595 0.060604
v 0.074649 1.771740 0.058797
v 0.076905 1.762326 0.055251
v 0.078551 1.753063 0.051027
v 0.079512 1.743731 0.046747
v 0.079766 1.734251 0.042700
v 0.079384 1.724643 0.038972
v 0.078560 1.714961 0.035514
v 0.077084 1.705220 0.032558
v 0.074726 1.695427 0.030341
v 0.072035 1.685643 0.028522
v 0.069069 1.675850 0.027215
v 0.066253 1.665976 0.026266
v 0.063856 1.655964 0.025978
v 0.062411 1.645806 0.026728
v 0.061872 1.635657 0.028487
v 0.061667 1.625592 0.030683
v 0.061887 1.615730 0.033697
v 0.061733 1.606000 0.037083
v 0.060334 1.596562 0.040931
v 0.057321 1.587881 0.045566
v 0.052866 1.580132 0.050698
v 0.047372 1.573101 0.055846
v 0.040777 1.567105 0.061032
v 0.033654 1.561833 0.066309
v 0.026348 1.557041 0.071792
v 0.019421 1.552090 0.077613
v 0.013017 1.546462 0.083413
v 0.007904 1.539744 0.089329
v 0.004996 1.531531 0.094840
v 0.005821 1.522220 0.099206
l 6497 6498 6499 6500 6501 6502 6503 6504 6505 6506 6507 6508 6509 6510 6511 6512 6513 6514 6515 6516 6517 6518 6519 6520 6521 6522 6523 6524 6525 6526 6527 6528
g card_145
v -0.026893 1.850637 -0.058750
v -0.027023 1.851033 -0.058992
v -0.027153 1.851428 -0.059233
v -0.027280 1.851825 -0.059475
v -0.027405 1.852222 -0.059717
v -0.027529 1.852619 -0.059958
v -0.027652 1.853018 -0.060198
v -0.027774 1.853417 -0.060438
v -0.027891 1.853820 -0.060675
v -0.028007 1.854223 -0.060911
v -0.028118 1.854630 -0.061144
v -0.028222 1.855040 -0.061374
v -0.028323 1.855452 -0.061602
v -0.028405 1.855874 -0.061818
v -0.028487 1.856296 -0.062034
v -0.028539 1.856732 -0.062231
v -0.028580 1.857172 -0.062422
v -0.028597 1.857618 -0.062596
v -0.028570 1.858077 -0.062740
v -0.028544 1.858535 -0.062885
v -0.028458 1.858999 -0.062983
v -0.028371 1.859462 -0.063082
v -0.028137 1.859841 -0.063034
v -0.027812 1.860167 -0.062895
v -0.027486 1.860492 -0.062755
v -0.027160 1.860818 -0.062616
v -0.026834 1.861144 -0.062476
v -0.026508 1.861470 -0.062337
v -0.026182 1.861795 -0.062197
v -0.025856 1.862121 -0.062058
v -0.025530 1.862447 -0.061918
v -0.025204 1.862772 -0.061779
l 6529 6530 6531 6532 6533 6534 6535 6536 6537 6538 6539 6540 6541 6542 6543 6544 6545 6546 6547 6548 6549 6550 6551 6552 6553 6554 6555 6556 6557 6558 6559 6560
v 0.018053 1.864063 -0.028675
v 0.019796 1.872926 -0.030372
v 0.021232 1.881862 -0.031945
v 0.022363 1.890859 -0.033434
v 0.023053 1.899900 -0.034936
v 0.022860 1.908955 -0.036412
v 0.021655 1.917896 -0.037832
v 0.019000 1.926596 -0.039152
v 0.013744 1.934018 -0.040150
v 0.007179 1.940194 -0.041034
v -0.000543 1.945082 -0.041829
v -0.009122 1.948296 -0.042572
v -0.017909 1.950837 -0.043320
v -0.026839 1.952149 -0.044092
v -0.035795 1.950343 -0.044955
v -0.044394 1.947338 -0.046041
v -0.052438 1.943155 -0.047463
v -0.059635 1.937697 -0.049064
v -0.065757 1.931259 -0.051381
v -0.070951 1.924010 -0.053518
v -0.075080 1.916033 -0.055394
v -0.077889 1.907402 -0.056689
v -0.079006 1.898395 -0.058012
v -0.078266 1.889405 -0.059634
v -0.075766 1.880736 -0.061207
v -0.071822 1.872555 -0.062505
v -0.067225 1.864674 -0.063602
v -0.061666 1.857414 -0.064359
v -0.054402 1.852242 -0.064401
v -0.045528 1.851702 -0.063095
v -0.037302 1.855056 -0.061218
v -0.030290 1.860582 -0.059142
l 6561 6562 6563 6564 6565 6566 6567 6568 6569 6570 6571 6572 6573 6574 6575 6576 6577 6578 6579 6580 6581 6582 6583 6584 6585 6586 6587 6588 6589 6590 6591 6592
g card_148
v -0.010665 1.831388 0.085660
v -0.026329 1.828051 0.088812
v -0.039859 1.818809 0.085716
v -0.051019 1.806777 0.082902
v -0.059234 1.792506 0.080352
v -0.064776 1.776951 0.077861
v -0.068493 1.760860 0.075217
v -0.071243 1.744602 0.072356
v -0.073658 1.728322 0.069351
v -0.078686 1.712921 0.065146
v -0.083808 1.697558 0.060915
v -0.089551 1.682504 0.056389
v -0.095343 1.667490 0.051788
v -0.097434 1.651371 0.048338
v -0.096643 1.634886 0.045835
v -0.092496 1.618830 0.044601
v -0.085458 1.603719 0.044624
v -0.078198 1.588817 0.046514
v -0.073085 1.573475 0.050422
v -0.071024 1.557722 0.055412
v -0.072845 1.542098 0.060548
v -0.078998 1.527542 0.065653
v -0.088539 1.514938 0.070847
v -0.100122 1.504105 0.076190
v -0.111411 1.493273 0.082080
v -0.120521 1.481357 0.089097
v -0.123878 1.467720 0.097886
v -0.120223 1.454339 0.106948
v -0.109300 1.444017 0.114307
v -0.097101 1.434532 0.120739
v -0.089134 1.422813 0.129611
v -0.093764 1.411373 0.140764
l 6593 6594 6595 6596 6597 6598 6599 6600 6601 6602 6603 6604 6605 6606 6607 6608 6609 6610 6611 6612 6613 6614 6615 6616 6617 6618 6619 6620 6621 6622 6623 6624
v -0.009117 1.828215 0.088028
v -0.024645 1.825147 0.091752
v -0.038464 1.816394 0.088789
v -0.049895 1.804706 0.085976
v -0.058287 1.790623 0.083297
v -0.064017 1.775223 0.080595
v -0.068047 1.759299 0.077706
v -0.071315 1.743241 0.074557
v -0.074334 1.727176 0.071198
v -0.077109 1.711155 0.067436
v -0.082973 1.696141 0.063122
v -0.088974 1.681201 0.058727
v -0.094083 1.665969 0.054226
v -0.095611 1.649807 0.050774
v -0.094498 1.633389 0.048224
v -0.089972 1.617488 0.047017
v -0.082823 1.602481 0.047366
v -0.075707 1.587547 0.049292
v -0.071038 1.572088 0.052982
v -0.069913 1.556265 0.057765
v -0.072417 1.540641 0.062728
v -0.078644 1.526169 0.067735
v -0.088323 1.513708 0.072920
v -0.099825 1.502931 0.078386
v -0.111116 1.492309 0.084472
v -0.119813 1.480367 0.091790
v -0.122485 1.466716 0.100672
v -0.118058 1.453496 0.109520
v -0.106712 1.443368 0.116388
v -0.094793 1.433730 0.122986
v -0.087963 1.421600 0.132156
v -0.093772 1.410367 0.142967
l 6625 6626 6627 6628 6629 6630 6631 6632 6633 6634 6635 6636 6637 6638 6639 6640 6641 6642 6643 6644 6645 6646 6647 6648 6649 6650 6651 6652 6653 6654 6655 6656
g card_150
v 0.001660 1.831289 0.087026
v 0.016958 1.830614 0.091636
v 0.031805 1.824187 0.089186
v 0.044996 1.815033 0.086164
v 0.055875 1.803337 0.082741
v 0.064271 1.789786 0.079065
v 0.070545 1.775138 0.075259
v 0.075269 1.759919 0.071386
v 0.079152 1.744468 0.067460
v 0.080648 1.728798 0.062863
v 0.082072 1.713243 0.057835
v 0.084471 1.697822 0.052783
v 0.088563 1.682485 0.048727
v 0.092496 1.666900 0.045463
v 0.095495 1.650980 0.042928
v 0.096716 1.634732 0.041436
v 0.094918 1.618565 0.041735
v 0.089610 1.603338 0.043898
v 0.083347 1.588496 0.046930
v 0.079407 1.572984 0.050041
v 0.079059 1.556980 0.053108
v 0.082967 1.541573 0.056145
v 0.091015 1.527666 0.059193
v 0.101143 1.515440 0.062956
v 0.112339 1.505161 0.069070
v 0.121569 1.496944 0.078497
v 0.122043 1.492980 0.092852
v 0.108896 1.486566 0.100148
v 0.095191 1.478515 0.104102
v 0.083751 1.467717 0.108470
v 0.079694 1.453185 0.114779
v 0.084494 1.439200 0.121896
l 6657 6658 6659 6660 6661 6662 6663 6664 6665 6666 6667 6668 6669 6670 6671 6672 6673 6674 6675 6676 6677 6678 6679 6680 6681 6682 6683 6684 6685 6686 6687 6688
v 0.001953 1.828518 0.088759
v 0.017067 1.827906 0.093713
v 0.031868 1.821354 0.091516
v 0.044937 1.812016 0.088676
v 0.055637 1.800156 0.085364
v 0.063754 1.786447 0.081765
v 0.069666 1.771654 0.078031
v 0.074131 1.756362 0.074219
v 0.077708 1.740870 0.070299
v 0.078755 1.725269 0.065399
v 0.080398 1.709868 0.060048
v 0.083448 1.694533 0.055161
v 0.087397 1.679191 0.050992
v 0.091137 1.663606 0.047601
v 0.093848 1.647663 0.045055
v 0.094227 1.631394 0.043905
v 0.091575 1.615357 0.044665
v 0.085796 1.600327 0.047046
v 0.079323 1.585587 0.050032
v 0.075890 1.570061 0.052955
v 0.076832 1.554066 0.055810
v 0.081309 1.538668 0.058694
v 0.089074 1.524661 0.061553
v 0.099743 1.512773 0.064839
v 0.111655 1.502939 0.070111
v 0.121606 1.495311 0.079618
v 0.123071 1.491420 0.093521
v 0.110595 1.485624 0.102124
v 0.096720 1.477901 0.106024
v 0.084999 1.467518 0.110475
v 0.080368 1.453286 0.116928
v 0.085320 1.439430 0.124139
l 6689 6690 6691 6692 6693 6694 6695 6696 6697 6698 6699 6700 6701 6702 6703 6704 6705 6706 6707 6708 6709 6710 6711 6712 6713 6714 6715 6716 6717 6718 6719 6720
g card_151
v 0.006940 1.819397 0.093141
v 0.018580 1.816186 0.099517
v 0.030155 1.808355 0.099097
v 0.039863 1.798364 0.098116
v 0.047313 1.786613 0.096825
v 0.052636 1.773754 0.095365
v 0.056294 1.760320 0.093810
v 0.058839 1.746626 0.092204
v 0.060812 1.732834 0.090592
v 0.062027 1.718953 0.089002
v 0.063541 1.705115 0.087293
v 0.066600 1.691601 0.085241
v 0.070740 1.678435 0.082785
v 0.075464 1.665631 0.079587
v 0.079193 1.652671 0.075818
v 0.081731 1.639414 0.072043
v 0.083282 1.625900 0.068673
v 0.083849 1.612177 0.065894
v 0.083357 1.598311 0.064024
v 0.081984 1.584388 0.063249
v 0.079554 1.570639 0.063801
v 0.075446 1.557527 0.066197
v 0.070076 1.545194 0.070154
v 0.064551 1.533125 0.074680
v 0.059637 1.520963 0.079534
v 0.056676 1.508060 0.084143
v 0.055283 1.494856 0.088435
v 0.057612 1.481568 0.091824
v 0.064794 1.469762 0.093960
v 0.074769 1.460177 0.095327
v 0.088045 1.455948 0.096009
v 0.101794 1.458722 0.096121
l 6721 6722 6723 6724 6725 6726 6727 6728 6729 6730 6731 6732 6733 6734 6735 6736 6737 6738 6739 6740 6741 6742 6743 6744 6745 6746 6747 6748 6749 6750 6751 6752
g card_152
v -0.001710 1.831224 0.087068
v 0.008422 1.834497 0.092931
v 0.020831 1.832996 0.092902
v 0.032626 1.828992 0.092108
v 0.043207 1.822476 0.090961
v 0.052174 1.813865 0.089752
v 0.059410 1.803728 0.088614
v 0.065074 1.792606 0.087572
v 0.069679 1.780986 0.086594
v 0.070905 1.768555 0.085778
v 0.071054 1.756045 0.084938
v 0.070955 1.743551 0.083851
v 0.071116 1.731084 0.082500
v 0.071844 1.718674 0.080856
v 0.073549 1.706419 0.078875
v 0.076164 1.694345 0.076749
v 0.079804 1.682549 0.074606
v 0.084218 1.671002 0.072510
v 0.089004 1.659566 0.070614
v 0.093889 1.648138 0.068931
v 0.098528 1.636567 0.067605
v 0.102601 1.624742 0.066762
v 0.106068 1.612703 0.066256
v 0.108508 1.600442 0.066069
v 0.109145 1.587939 0.066297
v 0.108069 1.575555 0.067312
v 0.104746 1.563774 0.069863
v 0.100055 1.552766 0.073616
v 0.095161 1.541902 0.077520
v 0.090911 1.530575 0.080764
v 0.088335 1.518471 0.082656
v 0.088895 1.505941 0.082688
l 6753 6754 6755 6756 6757 6758 6759 6760 6761 6762 6763 6764 6765 6766 6767 6768 6769 6770 6771 6772 6773 6774 6775 6776 6777 6778 6779 6780 6781 6782 6783 6784
g card_158
v -0.005532 1.812925 0.095935
v -0.005481 1.813854 0.097603
v -0.005156 1.815024 0.099071
v -0.004584 1.816274 0.100390
v -0.003769 1.817568 0.101525
v -0.002764 1.818866 0.102492
v -0.001617 1.820143 0.103322
v -0.000357 1.821387 0.104032
v 0.000996 1.822586 0.104642
v 0.002422 1.823738 0.105175
v 0.003931 1.824817 0.105589
v 0.005614 1.825696 0.105738
v 0.007397 1.826371 0.105820
v 0.009170 1.827065 0.105734
v 0.010961 1.827669 0.105506
v 0.012829 1.828007 0.105341
v 0.014701 1.828268 0.105109
v 0.016575 1.828397 0.104833
v 0.018467 1.828330 0.104597
v 0.020343 1.828201 0.104272
v 0.022206 1.828005 0.103902
v 0.024056 1.827722 0.103530
v 0.025895 1.827378 0.103149
v 0.027711 1.826952 0.102742
v 0.029501 1.826431 0.102329
v 0.031274 1.825862 0.101909
v 0.033034 1.825264 0.101473
v 0.034774 1.824632 0.101006
v 0.036484 1.823955 0.100494
v 0.038174 1.823194 0.100034
v 0.039835 1.822402 0.099526
v 0.041460 1.821642 0.098873
l 6785 6786 6787 6788 6789 6790 6791 6792 6793 6794 6795 6796 6797 6798 6799 6800 6801 6802 6803 6804 6805 6806 6807 6808 6809 6810 6811 6812 6813 6814 6815 6816
g card_159
v 0.038634 1.853212 -0.044785
v 0.039291 1.854754 -0.045417
v 0.039856 1.856337 -0.046031
v 0.040239 1.857987 -0.046594
v 0.040268 1.859695 -0.047036
v 0.039783 1.861362 -0.047273
v 0.038741 1.862803 -0.047251
v 0.037253 1.863778 -0.047045
v 0.035612 1.864429 -0.046770
v 0.033924 1.864937 -0.046465
v 0.032220 1.865380 -0.046144
v 0.030510 1.865795 -0.045814
v 0.028797 1.866195 -0.045477
v 0.027069 1.866598 -0.045302
v 0.025326 1.867005 -0.045331
v 0.023584 1.867412 -0.045391
v 0.021842 1.867814 -0.045487
v 0.020100 1.868211 -0.045607
v 0.018371 1.868663 -0.045717
v 0.016654 1.869158 -0.045818
v 0.014948 1.869651 -0.046031
v 0.013289 1.870132 -0.046501
v 0.011631 1.870634 -0.046953
v 0.009984 1.871221 -0.047334
v 0.008340 1.871822 -0.047708
v 0.006692 1.872329 -0.048182
v 0.005043 1.872774 -0.048720
v 0.003411 1.873262 -0.049269
v 0.001800 1.873804 -0.049834
v 0.000196 1.874358 -0.050402
v -0.001432 1.874868 -0.050946
v -0.003075 1.875346 -0.051473
l 6817 6818 6819 6820 6821 6822 6823 6824 6825 6826 6827 6828 6829 6830 6831 6832 6833 6834 6835 6836 6837 6838 6839 6840 6841 6842 6843 6844 6845 6846 6847 6848
g card_160
v 0.015374 1.843821 -0.073453
v 0.017428 1.849946 -0.078706
v 0.019565 1.856077 -0.083919
v 0.021793 1.862226 -0.089070
v 0.024244 1.868523 -0.093936
v 0.027028 1.874996 -0.098350
v 0.030168 1.881625 -0.102230
v 0.034068 1.888502 -0.104842
v 0.038740 1.895238 -0.105536
v 0.043760 1.901689 -0.104712
v 0.048920 1.907505 -0.101734
v 0.053659 1.912600 -0.097234
v 0.058102 1.917386 -0.092095
v 0.062192 1.921915 -0.086430
v 0.063687 1.925679 -0.079227
v 0.063973 1.928993 -0.071637
v 0.063059 1.931807 -0.063854
v 0.061282 1.934418 -0.056178
v 0.058884 1.936878 -0.048594
v 0.055611 1.939077 -0.041263
v 0.051191 1.940797 -0.034554
v 0.045425 1.941923 -0.028653
v 0.039156 1.942707 -0.023248
v 0.032084 1.943011 -0.018870
v 0.024822 1.942823 -0.014872
v 0.017148 1.941780 -0.011825
v 0.009289 1.940152 -0.009685
v 0.001368 1.937818 -0.008718
v -0.006361 1.934746 -0.008912
v -0.013859 1.931347 -0.010056
v -0.020598 1.927210 -0.012515
v -0.026676 1.923036 -0.016355
l 6849 6850 6851 6852 6853 6854 6855 6856 6857 6858 6859 6860 6861 6862 6863 6864 6865 6866 6867 6868 6869 6870 6871 6872 6873 6874 6875 6876 6877 6878 6879 6880
g card_161
v -0.049141 1.840577 -0.055445
v -0.051572 1.842602 -0.057297
v -0.054394 1.843908 -0.059234
v -0.057351 1.845013 -0.061098
v -0.060305 1.846223 -0.062900
v -0.063148 1.847695 -0.064684
v -0.065808 1.849459 -0.066483
v -0.068294 1.851451 -0.068295
v -0.070616 1.853630 -0.070109
v -0.072827 1.855930 -0.071916
v -0.074681 1.858557 -0.073659
v -0.076388 1.861446 -0.075127
v -0.077996 1.864421 -0.076542
v -0.079553 1.867407 -0.077989
v -0.081014 1.870395 -0.079532
v -0.082301 1.873613 -0.080706
v -0.083546 1.876892 -0.081772
v -0.084696 1.880232 -0.082752
v -0.085694 1.883633 -0.083689
v -0.086502 1.887096 -0.084578
v -0.087113 1.890628 -0.085339
v -0.087580 1.894203 -0.086007
v -0.087884 1.897807 -0.086598
v -0.087867 1.901435 -0.087119
v -0.087589 1.905072 -0.087479
v -0.086941 1.908664 -0.087809
v -0.086144 1.912230 -0.088101
v -0.084794 1.915633 -0.088242
v -0.082908 1.918771 -0.088388
v -0.080452 1.921487 -0.088484
v -0.077469 1.923616 -0.088497
v -0.074066 1.924977 -0.088479
l 6881 6882 6883 6884 6885 6886 6887 6888 6889 6890 6891 6892 6893 6894 6895 6896 6897 6898 6899 6900 6901 6902 6903 6904 6905 6906 6907 6908 6909 6910 6911 6912
g card_162
v -0.044541 1.853610 -0.033867
v -0.047555 1.858965 -0.035104
v -0.050527 1.864363 -0.036248
v -0.053454 1.869805 -0.037303
v -0.056214 1.875337 -0.038334
v -0.058799 1.880959 -0.039323
v -0.061203 1.886668 -0.040269
v -0.063026 1.892613 -0.041064
v -0.064268 1.898699 -0.041689
v -0.064982 1.904905 -0.042158
v -0.064894 1.911171 -0.042315
v -0.064406 1.917409 -0.042311
v -0.063577 1.923619 -0.042171
v -0.062301 1.929749 -0.041869
v -0.059595 1.935219 -0.041349
v -0.055548 1.939966 -0.040771
v -0.050883 1.944133 -0.040460
v -0.045805 1.947802 -0.040372
v -0.040421 1.950997 -0.040490
v -0.034724 1.953570 -0.040874
v -0.028824 1.955611 -0.041398
v -0.022812 1.957182 -0.042202
v -0.016701 1.958289 -0.043005
v -0.010526 1.958692 -0.043961
v -0.004361 1.958608 -0.045082
v 0.001762 1.958047 -0.046283
v 0.007821 1.957044 -0.047528
v 0.013704 1.955354 -0.048845
v 0.019195 1.952661 -0.050160
v 0.023990 1.948846 -0.051296
v 0.027673 1.943882 -0.052096
v 0.029789 1.938024 -0.052289
l 6913 6914 6915 6916 6917 6918 6919 6920 6921 6922 6923 6924 6925 6926 6927 6928 6929 6930 6931 6932 6933 6934 6935 6936 6937 6938 6939 6940 6941 6942 6943 6944
g card_163
v -0.018731 1.856376 -0.052680
v -0.020677 1.860632 -0.054812
v -0.023774 1.864317 -0.056576
v -0.027647 1.867406 -0.057894
v -0.032300 1.869393 -0.058298
v -0.037256 1.870385 -0.057664
v -0.042093 1.870758 -0.056058
v -0.046600 1.870886 -0.053628
v -0.050743 1.871017 -0.050599
v -0.054619 1.871257 -0.047230
v -0.058273 1.871778 -0.043668
v -0.061773 1.873028 -0.040155
v -0.065563 1.875014 -0.037323
v -0.069210 1.877746 -0.035011
v -0.072346 1.881383 -0.033246
v -0.074726 1.885689 -0.031842
v -0.076428 1.890408 -0.030746
v -0.077651 1.895287 -0.029712
v -0.078246 1.900265 -0.028621
v -0.078211 1.905302 -0.027624
v -0.077525 1.910316 -0.026782
v -0.076016 1.915172 -0.026147
v -0.073838 1.919800 -0.025698
v -0.070868 1.923959 -0.025390
v -0.067256 1.927600 -0.025174
v -0.063291 1.930866 -0.025024
v -0.058995 1.933682 -0.024960
v -0.054341 1.935851 -0.024956
v -0.049529 1.937662 -0.024984
v -0.044505 1.938726 -0.025101
v -0.039385 1.938484 -0.025365
v -0.034304 1.937751 -0.025667
l 6945 6946 6947 6948 6949 6950 6951 6952 6953 6954 6955 6956 6957 6958 6959 6960 6961 6962 6963 6964 6965 6966 6967 6968 6969 6970 6971 6972 6973 6974 6975 6976
g card_166
v -0.010287 1.841971 -0.076968
v -0.012530 1.843590 -0.074347
v -0.014386 1.844111 -0.071146
v -0.016283 1.844386 -0.067864
v -0.018467 1.844852 -0.064784
v -0.021139 1.845541 -0.062155
v -0.024286 1.846408 -0.060242
v -0.027704 1.847343 -0.058911
v -0.031297 1.848301 -0.058093
v -0.034957 1.849280 -0.057676
v -0.038625 1.850274 -0.057394
v -0.042287 1.851302 -0.057144
v -0.045918 1.852412 -0.056852
v -0.049427 1.853770 -0.056261
v -0.052841 1.855253 -0.055463
v -0.056121 1.857010 -0.054640
v -0.059308 1.858871 -0.053692
v -0.062392 1.860774 -0.052517
v -0.065462 1.862830 -0.051586
v -0.068471 1.864925 -0.050547
v -0.071419 1.867045 -0.049389
v -0.074334 1.869247 -0.048320
v -0.077177 1.871558 -0.047284
v -0.079864 1.873993 -0.046113
v -0.082416 1.876652 -0.045154
v -0.084741 1.879421 -0.043958
v -0.086787 1.882494 -0.043011
v -0.088639 1.885674 -0.042030
v -0.090090 1.889067 -0.041125
v -0.091276 1.892573 -0.040222
v -0.091689 1.896236 -0.039379
v -0.091413 1.899974 -0.038707
l 6977 6978 6979 6980 6981 6982 6983 6984 6985 6986 6987 6988 6989 6990 6991 6992 6993 6994 6995 6996 6997 6998 6999 7000 7001 7002 7003 7004 7005 7006 7007 7008
g card_167
v 0.013552 1.866209 -0.018892
v 0.013746 1.867255 -0.018963
v 0.013939 1.868302 -0.019035
v 0.014138 1.869347 -0.019114
v 0.014342 1.870391 -0.019202
v 0.014545 1.871434 -0.019291
v 0.014751 1.872477 -0.019382
v 0.014958 1.873520 -0.019473
v 0.015166 1.874562 -0.019568
v 0.015379 1.875602 -0.019670
v 0.015592 1.876643 -0.019771
v 0.015817 1.877679 -0.019890
v 0.016043 1.878714 -0.020012
v 0.016279 1.879746 -0.020148
v 0.016530 1.880770 -0.020308
v 0.016782 1.881794 -0.020469
v 0.017071 1.882797 -0.020687
v 0.017367 1.883796 -0.020916
v 0.017686 1.884776 -0.021183
v 0.018055 1.885716 -0.021529
v 0.018424 1.886655 -0.021874
v 0.018874 1.887487 -0.022359
v 0.019345 1.888291 -0.022878
v 0.019837 1.888791 -0.023489
v 0.020360 1.888444 -0.024351
v 0.020861 1.888077 -0.025218
v 0.021362 1.887709 -0.026086
v 0.021863 1.887342 -0.026953
v 0.022364 1.886974 -0.027820
v 0.022866 1.886607 -0.028687
v 0.023367 1.886239 -0.029554
v 0.023868 1.885872 -0.030421
l 7009 7010 7011 7012 7013 7014 7015 7016 7017 7018 7019 7020 7021 7022 7023 7024 7025 7026 7027 7028 7029 7030 7031 7032 7033 7034 7035 7036 7037 7038 7039 7040
g card_172
v -0.001973 1.814050 0.095740
v -0.003113 1.816380 0.099066
v -0.005463 1.819352 0.100924
v -0.008300 1.822360 0.101769
v -0.011437 1.825182 0.101867
v -0.014811 1.827678 0.101426
v -0.018390 1.829752 0.100586
v -0.022114 1.831388 0.099460
v -0.025920 1.832650 0.098143
v -0.029758 1.833658 0.096704
v -0.033618 1.833785 0.095003
v -0.037419 1.833556 0.093183
v -0.041175 1.833194 0.091293
v -0.044840 1.832610 0.089284
v -0.048435 1.831882 0.087196
v -0.051965 1.831045 0.085039
v -0.055306 1.829930 0.082713
v -0.058647 1.828894 0.080352
v -0.061856 1.827755 0.077858
v -0.064932 1.826520 0.075246
v -0.067996 1.825403 0.072567
v -0.070944 1.824365 0.069730
v -0.073760 1.823512 0.066705
v -0.076583 1.823005 0.063608
v -0.079493 1.822561 0.060584
v -0.082353 1.822428 0.057483
v -0.084848 1.822838 0.054103
v -0.087130 1.823693 0.050658
v -0.089403 1.824558 0.047208
v -0.091674 1.825329 0.043735
v -0.093315 1.826674 0.040087
v -0.095145 1.827889 0.036483
l 7041 7042 7043 7044 7045 7046 7047 7048 7049 7050 7051 7052 7053 7054 7055 7056 7057 7058 7059 7060 7061 7062 7063 7064 7065 7066 7067 7068 7069 7070 7071 7072
g card_174
v 0.063027 1.806513 0.060456
v 0.068570 1.808675 0.060067
v 0.072987 1.811194 0.056911
v 0.076636 1.813793 0.052941
v 0.079550 1.816524 0.048481
v 0.081808 1.819408 0.043743
v 0.083515 1.822434 0.038866
v 0.084771 1.825585 0.033929
v 0.085696 1.828826 0.028976
v 0.086193 1.832156 0.024043
v 0.085754 1.835619 0.019181
v 0.084752 1.839053 0.014377
v 0.083391 1.842489 0.009663
v 0.081664 1.845932 0.005078
v 0.079577 1.849441 0.000693
v 0.077401 1.853090 -0.003530
v 0.075085 1.856805 -0.007618
v 0.072425 1.860416 -0.011589
v 0.069436 1.863871 -0.015463
v 0.066116 1.867163 -0.019205
v 0.062344 1.870224 -0.022708
v 0.058208 1.873022 -0.026017
v 0.053790 1.875609 -0.029124
v 0.049029 1.877950 -0.031905
v 0.043999 1.880147 -0.034303
v 0.038739 1.882291 -0.036201
v 0.033268 1.884390 -0.037451
v 0.027714 1.886451 -0.038331
v 0.022073 1.888457 -0.038579
v 0.016355 1.890244 -0.038545
v 0.010544 1.891576 -0.037959
v 0.004662 1.892179 -0.036990
l 7073 7074 7075 7076 7077 7078 7079 7080 7081 7082 7083 7084 7085 7086 7087 7088 7089 7090 7091 7092 7093 7094 7095 7096 7097 7098 7099 7100 7101 7102 7103 7104
v 0.068241 1.820237 0.030313
v 0.072520 1.822539 0.031014
v 0.076457 1.825421 0.030542
v 0.079757 1.828641 0.028901
v 0.081821 1.831998 0.026037
v 0.082725 1.835243 0.022500
v 0.082788 1.838328 0.018697
v 0.082293 1.841294 0.014822
v 0.081440 1.844190 0.010953
v 0.080373 1.847053 0.007112
v 0.078892 1.849918 0.003421
v 0.077146 1.852867 -0.000093
v 0.075296 1.855865 -0.003512
v 0.073269 1.858843 -0.006846
v 0.071029 1.861764 -0.010093
v 0.068578 1.864586 -0.013274
v 0.065893 1.867276 -0.016380
v 0.062935 1.869851 -0.019330
v 0.059700 1.872232 -0.022149
v 0.056261 1.874451 -0.024859
v 0.052602 1.876525 -0.027388
v 0.048728 1.878409 -0.029740
v 0.044687 1.880192 -0.031880
v 0.040467 1.881930 -0.033684
v 0.036086 1.883629 -0.035099
v 0.031597 1.885313 -0.036152
v 0.027031 1.886952 -0.036904
v 0.022397 1.888523 -0.037294
v 0.017736 1.890037 -0.037584
v 0.012955 1.891099 -0.037282
v 0.008168 1.892137 -0.036948
v 0.003349 1.892245 -0.036029
l 7105 7106 7107 7108 7109 7110 7111 7112 7113 7114 7115 7116 7117 7118 7119 7120 7121 7122 7123 7124 7125 7126 7127 7128 7129 7130 7131 7132 7133 7134 7135 7136
g card_175
v 0.077231 1.781943 0.018983
v 0.083395 1.782780 0.018299
v 0.088380 1.784831 0.015125
v 0.092286 1.787341 0.010932
v 0.094641 1.790357 0.005987
v 0.095831 1.793642 0.000799
v 0.096194 1.797092 -0.004407
v 0.095991 1.800639 -0.009557
v 0.095415 1.804243 -0.014639
v 0.094609 1.807880 -0.019667
v 0.093146 1.811625 -0.024459
v 0.091457 1.815428 -0.029132
v 0.089520 1.819282 -0.033665
v 0.086827 1.823202 -0.037726
v 0.083773 1.827115 -0.041536
v 0.080445 1.831038 -0.045098
v 0.076808 1.834946 -0.048361
v 0.072999 1.839026 -0.051188
v 0.069099 1.843277 -0.053611
v 0.064951 1.847476 -0.055688
v 0.060728 1.851889 -0.057040
v 0.056395 1.856300 -0.058003
v 0.051922 1.860619 -0.058703
v 0.047041 1.864531 -0.058759
v 0.041868 1.868019 -0.058279
v 0.036637 1.871399 -0.057677
v 0.031148 1.874168 -0.056513
v 0.025622 1.876817 -0.055247
v 0.020053 1.879252 -0.053758
v 0.014449 1.881399 -0.051987
v 0.008847 1.883464 -0.050113
v 0.003322 1.884991 -0.047602
l 7137 7138 7139 7140 7141 7142 7143 7144 7145 7146 7147 7148 7149 7150 7151 7152 7153 7154 7155 7156 7157 7158 7159 7160 7161 7162 7163 7164 7165 7166 7167 7168
v 0.080718 1.785192 -0.015022
v 0.085444 1.786632 -0.016767
v 0.088234 1.789290 -0.020330
v 0.089469 1.792363 -0.024405
v 0.089532 1.795583 -0.028556
v 0.088842 1.798858 -0.032606
v 0.087651 1.802187 -0.036495
v 0.086087 1.805581 -0.040190
v 0.084268 1.809022 -0.043722
v 0.082280 1.812517 -0.047102
v 0.080065 1.816286 -0.050019
v 0.077785 1.820181 -0.052712
v 0.075346 1.824147 -0.055150
v 0.072654 1.828120 -0.057291
v 0.069947 1.832203 -0.059193
v 0.067336 1.836495 -0.060735
v 0.064352 1.840647 -0.061948
v 0.061076 1.844644 -0.062905
v 0.057713 1.848609 -0.063676
v 0.054298 1.852577 -0.064123
v 0.050493 1.856201 -0.064139
v 0.046481 1.859582 -0.063831
v 0.042360 1.862796 -0.063269
v 0.038227 1.865986 -0.062685
v 0.033782 1.868540 -0.061527
v 0.029297 1.870977 -0.060273
v 0.024809 1.873406 -0.059014
v 0.020198 1.875451 -0.057536
v 0.015540 1.877302 -0.055953
v 0.010883 1.879151 -0.054366
v 0.006302 1.880770 -0.052361
v 0.001749 1.882321 -0.050241
l 7169 7170 7171 7172 7173 7174 7175 7176 7177 7178 7179 7180 7181 7182 7183 7184 7185 7186 7187 7188 7189 7190 7191 7192 7193 7194 7195 7196 7197 7198 7199 7200
v 0.063962 1.830696 -0.045103
v 0.066216 1.832693 -0.046305
v 0.067852 1.835091 -0.047727
v 0.068822 1.837743 -0.049287
v 0.068841 1.840510 -0.050897
v 0.067960 1.843208 -0.052394
v 0.066452 1.845749 -0.053694
v 0.064588 1.848155 -0.054796
v 0.062535 1.850485 -0.055721
v 0.060389 1.852783 -0.056511
v 0.058189 1.855062 -0.057193
v 0.055894 1.857307 -0.057643
v 0.053565 1.859529 -0.058026
v 0.051183 1.861707 -0.058317
v 0.048681 1.863762 -0.058403
v 0.046075 1.865686 -0.058299
v 0.043397 1.867496 -0.058074
v 0.040669 1.869220 -0.057762
v 0.037941 1.870944 -0.057450
v 0.035163 1.872553 -0.057031
v 0.032309 1.873971 -0.056441
v 0.029436 1.875325 -0.055795
v 0.026562 1.876680 -0.055150
v 0.023688 1.878034 -0.054505
v 0.020794 1.879246 -0.053701
v 0.017889 1.880365 -0.052797
v 0.014983 1.881474 -0.051882
v 0.012077 1.882583 -0.050967
v 0.009175 1.883624 -0.049966
v 0.006307 1.884437 -0.048698
v 0.003443 1.885222 -0.047398
v 0.000579 1.886007 -0.046097
l 7201 7202 7203 7204 7205 7206 7207 7208 7209 7210 7211 7212 7213 7214 7215 7216 7217 7218 7219 7220 7221 7222 7223 7224 7225 7226 7227 7228 7229 7230 7231 7232
v 0.073698 1.769106 0.035882
v 0.080341 1.769804 0.033941
v 0.085027 1.771140 0.028915
v 0.088587 1.772813 0.023122
v 0.091195 1.774914 0.016971
v 0.093018 1.777437 0.010695
v 0.094184 1.780344 0.004427
v 0.094808 1.783539 -0.001780
v 0.095028 1.786934 -0.007909
v 0.094681 1.790563 -0.013876
v 0.093614 1.794474 -0.019594
v 0.092252 1.798557 -0.025128
v 0.090632 1.802758 -0.030502
v 0.088672 1.807078 -0.035655
v 0.086115 1.811538 -0.040411
v 0.083044 1.816107 -0.044749
v 0.079843 1.820918 -0.048715
v 0.076486 1.825942 -0.052259
v 0.072730 1.831017 -0.055302
v 0.068993 1.836363 -0.057866
v 0.065076 1.841806 -0.059869
v 0.060578 1.847022 -0.061177
v 0.056017 1.852254 -0.062151
v 0.051138 1.857255 -0.062567
v 0.045681 1.861642 -0.062231
v 0.040088 1.865800 -0.061467
v 0.034287 1.869568 -0.060346
v 0.028247 1.872741 -0.058726
v 0.022178 1.875820 -0.057047
v 0.015936 1.878262 -0.054984
v 0.009697 1.880695 -0.052907
v 0.003588 1.882665 -0.050083
l 7233 7234 7235 7236 7237 7238 7239 7240 7241 7242 7243 7244 7245 7246 7247 7248 7249 7250 7251 7252 7253 7254 7255 7256 7257 7258 7259 7260 7261 7262 7263 7264
v 0.076204 1.807258 -0.038956
v 0.079149 1.809328 -0.040858
v 0.080194 1.812262 -0.043483
v 0.080053 1.815362 -0.046120
v 0.079119 1.818474 -0.048575
v 0.077692 1.821557 -0.050821
v 0.075957 1.824617 -0.052875
v 0.074013 1.827668 -0.054746
v 0.071971 1.830732 -0.056489
v 0.069901 1.833819 -0.058155
v 0.067792 1.837064 -0.059421
v 0.065570 1.840296 -0.060521
v 0.063018 1.843363 -0.061329
v 0.060422 1.846423 -0.062033
v 0.057809 1.849482 -0.062668
v 0.055141 1.852535 -0.063052
v 0.052347 1.855489 -0.063300
v 0.049262 1.858146 -0.063215
v 0.046095 1.860691 -0.062932
v 0.042879 1.863155 -0.062509
v 0.039661 1.865616 -0.062080
v 0.036339 1.867892 -0.061475
v 0.032851 1.869768 -0.060524
v 0.029360 1.871635 -0.059566
v 0.025868 1.873501 -0.058607
v 0.022340 1.875261 -0.057586
v 0.018720 1.876689 -0.056382
v 0.015098 1.878111 -0.055177
v 0.011477 1.879534 -0.053971
v 0.007894 1.880820 -0.052522
v 0.004354 1.881989 -0.050880
v 0.000814 1.883159 -0.049238
l 7265 7266 7267 7268 7269 7270 7271 7272 7273 7274 7275 7276 7277 7278 7279 7280 7281 7282 7283 7284 7285 7286 7287 7288 7289 7290 7291 7292 7293 7294 7295 7296
g card_176
v 0.079047 1.795894 0.003773
v 0.084398 1.796914 0.003274
v 0.088762 1.799150 0.000869
v 0.092055 1.801926 -0.002491
v 0.093633 1.805135 -0.006607
v 0.093931 1.808448 -0.010937
v 0.093412 1.811762 -0.015253
v 0.092393 1.815065 -0.019489
v 0.091087 1.818372 -0.023644
v 0.089647 1.821687 -0.027749
v 0.087780 1.825063 -0.031622
v 0.085444 1.828477 -0.035195
v 0.082759 1.831847 -0.038561
v 0.079833 1.835179 -0.041762
v 0.076680 1.838520 -0.044729
v 0.073333 1.841924 -0.047396
v 0.069842 1.845389 -0.049786
v 0.066206 1.848893 -0.051886
v 0.062472 1.852519 -0.053561
v 0.058559 1.856148 -0.054750
v 0.054549 1.859757 -0.055648
v 0.050565 1.863453 -0.056259
v 0.046199 1.866739 -0.056381
v 0.041615 1.869705 -0.056070
v 0.036977 1.872568 -0.055616
v 0.032175 1.875070 -0.054852
v 0.027284 1.877317 -0.053882
v 0.022389 1.879553 -0.052905
v 0.017466 1.881431 -0.051439
v 0.012543 1.883283 -0.049939
v 0.007626 1.884907 -0.048178
v 0.002758 1.886157 -0.046021
l 7297 7298 7299 7300 7301 7302 7303 7304 7305 7306 7307 7308 7309 7310 7311 7312 7313 7314 7315 7316 7317 7318 7319 7320 7321 7322 7323 7324 7325 7326 7327 7328
v 0.069252 1.830823 -0.021141
v 0.072110 1.833077 -0.021679
v 0.074409 1.835735 -0.022736
v 0.076045 1.838645 -0.024241
v 0.076674 1.841637 -0.026205
v 0.076284 1.844490 -0.028431
v 0.075135 1.847108 -0.030721
v 0.073521 1.849522 -0.032972
v 0.071631 1.851801 -0.035156
v 0.069580 1.854004 -0.037271
v 0.067401 1.856168 -0.039295
v 0.064971 1.858273 -0.041086
v 0.062426 1.860328 -0.042768
v 0.059710 1.862290 -0.044287
v 0.056906 1.864302 -0.045559
v 0.054025 1.866357 -0.046560
v 0.051080 1.868413 -0.047362
v 0.048093 1.870449 -0.048050
v 0.045000 1.872374 -0.048529
v 0.041787 1.874150 -0.048765
v 0.038525 1.875850 -0.048828
v 0.035243 1.877515 -0.048807
v 0.031925 1.879097 -0.048659
v 0.028563 1.880549 -0.048317
v 0.025188 1.881961 -0.047915
v 0.021813 1.883372 -0.047513
v 0.018447 1.884663 -0.046795
v 0.015090 1.885895 -0.045925
v 0.011735 1.887121 -0.045042
v 0.008357 1.888210 -0.044070
v 0.004959 1.888759 -0.042777
v 0.001561 1.889266 -0.041460
l 7329 7330 7331 7332 7333 7334 7335 7336 7337 7338 7339 7340 7341 7342 7343 7344 7345 7346 7347 7348 7349 7350 7351 7352 7353 7354 7355 7356 7357 7358 7359 7360
v 0.078307 1.809199 -0.012246
v 0.082576 1.810853 -0.013062
v 0.085740 1.813458 -0.015229
v 0.087885 1.816439 -0.018064
v 0.088555 1.819594 -0.021378
v 0.088130 1.822698 -0.024795
v 0.087026 1.825715 -0.028148
v 0.085447 1.828672 -0.031364
v 0.083569 1.831587 -0.034460
v 0.081528 1.834473 -0.037481
v 0.079100 1.837307 -0.040240
v 0.076430 1.840131 -0.042792
v 0.073625 1.842974 -0.045172
v 0.070698 1.845843 -0.047366
v 0.067634 1.848734 -0.049331
v 0.064488 1.851715 -0.051010
v 0.061225 1.854726 -0.052386
v 0.057821 1.857702 -0.053464
v 0.054338 1.860662 -0.054311
v 0.050934 1.863778 -0.054865
v 0.047293 1.866650 -0.055139
v 0.043430 1.869233 -0.055112
v 0.039472 1.871652 -0.054799
v 0.035505 1.874052 -0.054449
v 0.031366 1.876050 -0.053768
v 0.027187 1.877938 -0.052998
v 0.023005 1.879818 -0.052223
v 0.018808 1.881468 -0.051095
v 0.014612 1.883035 -0.049847
v 0.010416 1.884599 -0.048594
v 0.006241 1.885744 -0.046901
v 0.002083 1.886765 -0.045085
l 7361 7362 7363 7364 7365 7366 7367 7368 7369 7370 7371 7372 7373 7374 7375 7376 7377 7378 7379 7380 7381 7382 7383 7384 7385 7386 7387 7388 7389 7390 7391 7392
v 0.072824 1.783436 0.039910
v 0.079254 1.784485 0.038948
v 0.084282 1.786297 0.035072
v 0.088164 1.788502 0.030204
v 0.091047 1.791128 0.024872
v 0.093094 1.794079 0.019325
v 0.094453 1.797324 0.013730
v 0.095269 1.800788 0.008159
v 0.095697 1.804380 0.002625
v 0.095627 1.808071 -0.002835
v 0.094549 1.811905 -0.008114
v 0.093260 1.815781 -0.013303
v 0.091296 1.819678 -0.018270
v 0.089170 1.823657 -0.023104
v 0.087042 1.827712 -0.027866
v 0.084297 1.831806 -0.032270
v 0.081112 1.835851 -0.036416
v 0.077541 1.839858 -0.040275
v 0.073626 1.843864 -0.043785
v 0.069447 1.847891 -0.046950
v 0.065022 1.852013 -0.049617
v 0.060358 1.856221 -0.051670
v 0.055413 1.860371 -0.053097
v 0.050455 1.864646 -0.054006
v 0.045160 1.868582 -0.054375
v 0.039528 1.872035 -0.054090
v 0.033839 1.875362 -0.053586
v 0.027874 1.878017 -0.052540
v 0.021909 1.880659 -0.051473
v 0.015936 1.882913 -0.049747
v 0.009967 1.885133 -0.047972
v 0.004018 1.886614 -0.045493
l 7393 7394 7395 7396 7397 7398 7399 7400 7401 7402 7403 7404 7405 7406 7407 7408 7409 7410 7411 7412 7413 7414 7415 7416 7417 7418 7419 7420 7421 7422 7423 7424
v 0.055820 1.843678 -0.037962
v 0.057598 1.845769 -0.038707
v 0.059155 1.847989 -0.039551
v 0.060435 1.850332 -0.040506
v 0.061270 1.852791 -0.041598
v 0.061445 1.855314 -0.042830
v 0.060731 1.857740 -0.044130
v 0.059291 1.859878 -0.045324
v 0.057523 1.861833 -0.046370
v 0.055560 1.863669 -0.047288
v 0.053491 1.865437 -0.048111
v 0.051355 1.867164 -0.048833
v 0.049089 1.868819 -0.049295
v 0.046772 1.870414 -0.049693
v 0.044336 1.871856 -0.049959
v 0.041852 1.873230 -0.050093
v 0.039354 1.874587 -0.050069
v 0.036853 1.875938 -0.049995
v 0.034352 1.877288 -0.049920
v 0.031799 1.878522 -0.049722
v 0.029202 1.879632 -0.049396
v 0.026601 1.880732 -0.049060
v 0.024001 1.881831 -0.048725
v 0.021400 1.882914 -0.048343
v 0.018807 1.883917 -0.047758
v 0.016222 1.884870 -0.047051
v 0.013638 1.885824 -0.046345
v 0.011054 1.886777 -0.045638
v 0.008452 1.887570 -0.044823
v 0.005842 1.888079 -0.043826
v 0.003232 1.888521 -0.042787
v 0.000622 1.888962 -0.041749
l 7425 7426 7427 7428 7429 7430 7431 7432 7433 7434 7435 7436 7437 7438 7439 7440 7441 7442 7443 7444 7445 7446 7447 7448 7449 7450 7451 7452 7453 7454 7455 7456
v 0.075306 1.797322 0.026086
v 0.080939 1.798691 0.026168
v 0.085759 1.801138 0.024072
v 0.089594 1.804005 0.020805
v 0.091876 1.807261 0.016586
v 0.093011 1.810645 0.012015
v 0.093361 1.814058 0.007340
v 0.093091 1.817475 0.002662
v 0.092391 1.820873 -0.001986
v 0.091434 1.824253 -0.006598
v 0.089467 1.827609 -0.010899
v 0.087414 1.831028 -0.015110
v 0.085298 1.834504 -0.019242
v 0.083043 1.838016 -0.023269
v 0.080427 1.841558 -0.027043
v 0.077596 1.845046 -0.030710
v 0.074505 1.848483 -0.034213
v 0.071139 1.851825 -0.037549
v 0.067489 1.855182 -0.040557
v 0.063596 1.858543 -0.043237
v 0.059389 1.861720 -0.045651
v 0.054881 1.864968 -0.047315
v 0.050300 1.868320 -0.048505
v 0.045540 1.871525 -0.049338
v 0.040464 1.874316 -0.049627
v 0.035336 1.877022 -0.049518
v 0.030106 1.879498 -0.049130
v 0.024796 1.881733 -0.048464
v 0.019485 1.883902 -0.047617
v 0.014208 1.885842 -0.046195
v 0.008931 1.887781 -0.044771
v 0.003594 1.888650 -0.042673
l 7457 7458 7459 7460 7461 7462 7463 7464 7465 7466 7467 7468 7469 7470 7471 7472 7473 7474 7475 7476 7477 7478 7479 7480 7481 7482 7483 7484 7485 7486 7487 7488
v 0.070996 1.784778 0.046080
v 0.077462 1.785768 0.044807
v 0.082347 1.787282 0.040482
v 0.086282 1.789212 0.035415
v 0.089366 1.791577 0.029958
v 0.091710 1.794363 0.024332
v 0.093414 1.797466 0.018641
v 0.094589 1.800835 0.012965
v 0.095392 1.804376 0.007327
v 0.095602 1.808073 0.001774
v 0.094743 1.811981 -0.003605
v 0.093477 1.815877 -0.008912
v 0.091756 1.819809 -0.014058
v 0.089609 1.823785 -0.019015
v 0.087410 1.827843 -0.023880
v 0.084999 1.831962 -0.028578
v 0.081943 1.836084 -0.032894
v 0.078547 1.840127 -0.037022
v 0.074707 1.844166 -0.040750
v 0.070564 1.848173 -0.044174
v 0.066149 1.852244 -0.047154
v 0.061477 1.856386 -0.049589
v 0.056457 1.860432 -0.051417
v 0.051375 1.864671 -0.052495
v 0.046081 1.868730 -0.053112
v 0.040342 1.872198 -0.053064
v 0.034548 1.875542 -0.052631
v 0.028510 1.878327 -0.051751
v 0.022431 1.880974 -0.050750
v 0.016360 1.883314 -0.049121
v 0.010301 1.885569 -0.047341
v 0.004227 1.887059 -0.044919
l 7489 7490 7491 7492 7493 7494 7495 7496 7497 7498 7499 7500 7501 7502 7503 7504 7505 7506 7507 7508 7509 7510 7511 7512 7513 7514 7515 7516 7517 7518 7519 7520
g card_177
v 0.069619 1.806329 0.041659
v 0.074867 1.808273 0.041481
v 0.079093 1.811019 0.039065
v 0.082473 1.813976 0.035729
v 0.084751 1.817109 0.031699
v 0.086140 1.820338 0.027348
v 0.086863 1.823618 0.022873
v 0.087038 1.826924 0.018361
v 0.086776 1.830235 0.013856
v 0.086262 1.833544 0.009369
v 0.084993 1.836793 0.005004
v 0.083252 1.840043 0.000792
v 0.081296 1.843362 -0.003270
v 0.079259 1.846758 -0.007228
v 0.077073 1.850168 -0.011093
v 0.074572 1.853496 -0.014836
v 0.071846 1.856784 -0.018455
v 0.068906 1.860002 -0.021969
v 0.065668 1.863072 -0.025350
v 0.062012 1.865856 -0.028544
v 0.058143 1.868655 -0.031466
v 0.053969 1.871218 -0.034176
v 0.049513 1.873627 -0.036557
v 0.044857 1.876172 -0.038337
v 0.039985 1.878505 -0.039807
v 0.034928 1.880748 -0.040654
v 0.029841 1.883017 -0.041222
v 0.024611 1.885013 -0.041247
v 0.019374 1.886995 -0.041247
v 0.014070 1.888587 -0.040438
v 0.008765 1.890113 -0.039499
v 0.003396 1.890695 -0.038025
l 7521 7522 7523 7524 7525 7526 7527 7528 7529 7530 7531 7532 7533 7534 7535 7536 7537 7538 7539 7540 7541 7542 7543 7544 7545 7546 7547 7548 7549 7550 7551 7552
v 0.064630 1.805779 0.056900
v 0.070077 1.807807 0.056169
v 0.074226 1.810276 0.052832
v 0.077581 1.812910 0.048801
v 0.080204 1.815725 0.044369
v 0.082201 1.818706 0.039724
v 0.083650 1.821837 0.034975
v 0.084643 1.825094 0.030193
v 0.085290 1.828432 0.025408
v 0.085646 1.831813 0.020631
v 0.084818 1.835271 0.015961
v 0.083593 1.838705 0.011361
v 0.081994 1.842102 0.006848
v 0.080039 1.845529 0.002501
v 0.077948 1.849063 -0.001694
v 0.075781 1.852685 -0.005774
v 0.073348 1.856247 -0.009755
v 0.070553 1.859673 -0.013617
v 0.067513 1.863031 -0.017352
v 0.064163 1.866213 -0.020972
v 0.060359 1.869114 -0.024373
v 0.056243 1.871824 -0.027564
v 0.051829 1.874294 -0.030542
v 0.047121 1.876667 -0.033124
v 0.042176 1.878960 -0.035304
v 0.036989 1.881169 -0.036940
v 0.031632 1.883343 -0.037956
v 0.026190 1.885454 -0.038588
v 0.020678 1.887469 -0.038734
v 0.015084 1.889227 -0.038454
v 0.009447 1.890682 -0.037699
v 0.003727 1.891316 -0.036539
l 7553 7554 7555 7556 7557 7558 7559 7560 7561 7562 7563 7564 7565 7566 7567 7568 7569 7570 7571 7572 7573 7574 7575 7576 7577 7578 7579 7580 7581 7582 7583 7584
v 0.066360 1.799532 0.055609
v 0.072205 1.801113 0.054601
v 0.076612 1.803116 0.050765
v 0.080230 1.805433 0.046327
v 0.083118 1.808046 0.041531
v 0.085356 1.810943 0.036554
v 0.087027 1.814067 0.031491
v 0.088226 1.817372 0.026407
v 0.089096 1.820792 0.021330
v 0.089408 1.824324 0.016296
v 0.088761 1.827970 0.011352
v 0.087590 1.831594 0.006485
v 0.086003 1.835180 0.001710
v 0.084003 1.838782 -0.002898
v 0.081778 1.842474 -0.007331
v 0.079404 1.846216 -0.011643
v 0.076765 1.849924 -0.015826
v 0.073839 1.853587 -0.019856
v 0.070640 1.857170 -0.023748
v 0.067108 1.860617 -0.027466
v 0.063152 1.863836 -0.030959
v 0.058898 1.866990 -0.034145
v 0.054263 1.869963 -0.036951
v 0.049289 1.872767 -0.039308
v 0.044110 1.875707 -0.040964
v 0.038671 1.878376 -0.042182
v 0.033060 1.880927 -0.042668
v 0.027369 1.883337 -0.042845
v 0.021603 1.885562 -0.042672
v 0.015787 1.887547 -0.041992
v 0.009967 1.889299 -0.040860
v 0.004088 1.890255 -0.039199
l 7585 7586 7587 7588 7589 7590 7591 7592 7593 7594 7595 7596 7597 7598 7599 7600 7601 7602 7603 7604 7605 7606 7607 7608 7609 7610 7611 7612 7613 7614 7615 7616
v 0.072048 1.824932 0.000105
v 0.075814 1.826925 0.000352
v 0.079165 1.829503 -0.000194
v 0.081668 1.832577 -0.001731
v 0.082710 1.835852 -0.004195
v 0.082455 1.838943 -0.007088
v 0.081432 1.841802 -0.010075
v 0.079994 1.844507 -0.013043
v 0.078328 1.847133 -0.015964
v 0.076544 1.849727 -0.018847
v 0.074527 1.852261 -0.021622
v 0.072338 1.854747 -0.024314
v 0.070029 1.857194 -0.026939
v 0.067547 1.859586 -0.029454
v 0.064815 1.861827 -0.031843
v 0.061947 1.864040 -0.034102
v 0.058937 1.866233 -0.036183
v 0.055750 1.868347 -0.038075
v 0.052392 1.870353 -0.039781
v 0.048914 1.872345 -0.041245
v 0.045363 1.874497 -0.042208
v 0.041663 1.876471 -0.042991
v 0.037845 1.878304 -0.043511
v 0.033983 1.880097 -0.043803
v 0.030088 1.881836 -0.043961
v 0.026128 1.883417 -0.043815
v 0.022160 1.884980 -0.043635
v 0.018169 1.886442 -0.043244
v 0.014168 1.887702 -0.042463
v 0.010166 1.888949 -0.041657
v 0.006133 1.889770 -0.040532
v 0.002119 1.890223 -0.039153
l 7617 7618 7619 7620 7621 7622 7623 7624 7625 7626 7627 7628 7629 7630 7631 7632 7633 7634 7635 7636 7637 7638 7639 7640 7641 7642 7643 7644 7645 7646 7647 7648
v 0.073933 1.813054 0.017785
v 0.078344 1.815290 0.017609
v 0.081920 1.818255 0.015986
v 0.084784 1.821493 0.013610
v 0.086413 1.824864 0.010454
v 0.086896 1.828179 0.006856
v 0.086541 1.831362 0.003105
v 0.085615 1.834437 -0.000651
v 0.084328 1.837451 -0.004355
v 0.082844 1.840444 -0.008005
v 0.081144 1.843424 -0.011563
v 0.079082 1.846385 -0.014948
v 0.076884 1.849351 -0.018242
v 0.074531 1.852291 -0.021451
v 0.071997 1.855172 -0.024573
v 0.069252 1.857987 -0.027575
v 0.066249 1.860683 -0.030432
v 0.063008 1.863269 -0.033130
v 0.059571 1.865815 -0.035613
v 0.055904 1.868271 -0.037843
v 0.052010 1.870608 -0.039799
v 0.047958 1.872975 -0.041352
v 0.043784 1.875385 -0.042453
v 0.039428 1.877586 -0.043246
v 0.034964 1.879670 -0.043660
v 0.030454 1.881696 -0.043871
v 0.025870 1.883544 -0.043741
v 0.021269 1.885354 -0.043537
v 0.016633 1.886945 -0.042888
v 0.011992 1.888400 -0.041976
v 0.007327 1.889639 -0.040888
v 0.002672 1.890175 -0.039306
l 7649 7650 7651 7652 7653 7654 7655 7656 7657 7658 7659 7660 7661 7662 7663 7664 7665 7666 7667 7668 7669 7670 7671 7672 7673 7674 7675 7676 7677 7678 7679 7680
v 0.057366 1.845759 -0.022033
v 0.059258 1.848031 -0.022479
v 0.060797 1.850480 -0.023187
v 0.062078 1.853029 -0.024064
v 0.063043 1.855640 -0.025109
v 0.063500 1.858294 -0.026393
v 0.063027 1.860783 -0.027980
v 0.061930 1.862996 -0.029628
v 0.060423 1.864980 -0.031259
v 0.058640 1.866779 -0.032842
v 0.056683 1.868443 -0.034371
v 0.054620 1.870015 -0.035857
v 0.052316 1.871346 -0.037212
v 0.049896 1.872702 -0.038323
v 0.047437 1.874102 -0.039287
v 0.044923 1.875531 -0.040047
v 0.042361 1.876897 -0.040749
v 0.039703 1.878115 -0.041373
v 0.037011 1.879337 -0.041788
v 0.034298 1.880568 -0.042038
v 0.031585 1.881799 -0.042287
v 0.028830 1.882955 -0.042391
v 0.026043 1.884034 -0.042352
v 0.023253 1.885108 -0.042304
v 0.020461 1.886174 -0.042238
v 0.017654 1.887151 -0.041983
v 0.014835 1.887992 -0.041449
v 0.012016 1.888832 -0.040914
v 0.009197 1.889673 -0.040379
v 0.006359 1.890156 -0.039622
v 0.003517 1.890421 -0.038731
v 0.000677 1.890670 -0.037831
l 7681 7682 7683 7684 7685 7686 7687 7688 7689 7690 7691 7692 7693 7694 7695 7696 7697 7698 7699 7700 7701 7702 7703 7704 7705 7706 7707 7708 7709 7710 7711 7712
g card_178
v 0.057364 1.823498 0.059870
v 0.061317 1.825657 0.059782
v 0.064654 1.827786 0.057612
v 0.067412 1.829886 0.054720
v 0.069682 1.831870 0.051357
v 0.071481 1.833854 0.047722
v 0.072876 1.835884 0.043936
v 0.073942 1.837985 0.040081
v 0.074802 1.840087 0.036177
v 0.075467 1.842200 0.032243
v 0.075763 1.844066 0.028147
v 0.075526 1.846126 0.024133
v 0.075189 1.848041 0.020057
v 0.074547 1.849958 0.016017
v 0.073692 1.851872 0.012017
v 0.072667 1.853626 0.007983
v 0.071317 1.855297 0.004009
v 0.069722 1.856916 0.000105
v 0.067929 1.858489 -0.003731
v 0.065894 1.859995 -0.007471
v 0.063548 1.861360 -0.011082
v 0.061047 1.862450 -0.014681
v 0.058341 1.863429 -0.018164
v 0.055439 1.864262 -0.021523
v 0.052459 1.864588 -0.024901
v 0.049299 1.865177 -0.028075
v 0.045981 1.865490 -0.031125
v 0.042570 1.865586 -0.034085
v 0.039118 1.865620 -0.037000
v 0.035631 1.865669 -0.039871
v 0.032068 1.865375 -0.042634
v 0.028490 1.865154 -0.045382
l 7713 7714 7715 7716 7717 7718 7719 7720 7721 7722 7723 7724 7725 7726 7727 7728 7729 7730 7731 7732 7733 7734 7735 7736 7737 7738 7739 7740 7741 7742 7743 7744
v 0.060805 1.829564 0.040564
v 0.063919 1.831841 0.040719
v 0.066765 1.834321 0.039989
v 0.069338 1.836864 0.038674
v 0.071366 1.839327 0.036586
v 0.072756 1.841636 0.033858
v 0.073598 1.843768 0.030765
v 0.074022 1.845736 0.027476
v 0.074124 1.847604 0.024099
v 0.074020 1.849392 0.020679
v 0.073787 1.851135 0.017241
v 0.073111 1.852836 0.013846
v 0.072314 1.854405 0.010409
v 0.071402 1.855880 0.006960
v 0.070150 1.857313 0.003600
v 0.068776 1.858700 0.000269
v 0.067247 1.860046 -0.003010
v 0.065511 1.861334 -0.006208
v 0.063613 1.862546 -0.009344
v 0.061583 1.863614 -0.012447
v 0.059391 1.864499 -0.015499
v 0.057082 1.865318 -0.018482
v 0.054639 1.865921 -0.021404
v 0.052078 1.866307 -0.024267
v 0.049469 1.866651 -0.027093
v 0.046703 1.867013 -0.029757
v 0.043811 1.867178 -0.032306
v 0.040864 1.866961 -0.034785
v 0.037938 1.867104 -0.037288
v 0.034966 1.867176 -0.039751
v 0.031905 1.866677 -0.042043
v 0.028869 1.866572 -0.044424
l 7745 7746 7747 7748 7749 7750 7751 7752 7753 7754 7755 7756 7757 7758 7759 7760 7761 7762 7763 7764 7765 7766 7767 7768 7769 7770 7771 7772 7773 7774 7775 7776
v 0.055427 1.844984 0.011878
v 0.057301 1.846893 0.012140
v 0.059124 1.848860 0.012256
v 0.060895 1.850879 0.012232
v 0.062610 1.852941 0.012071
v 0.064108 1.855094 0.011485
v 0.065265 1.857238 0.010421
v 0.065999 1.859283 0.008916
v 0.066237 1.861148 0.007001
v 0.065918 1.862672 0.004811
v 0.065364 1.864019 0.002560
v 0.064654 1.865249 0.000281
v 0.063825 1.866390 -0.002004
v 0.062674 1.867305 -0.004253
v 0.061481 1.868205 -0.006487
v 0.060215 1.869061 -0.008697
v 0.058889 1.869878 -0.010887
v 0.057435 1.870503 -0.013054
v 0.055934 1.871058 -0.015213
v 0.054416 1.871607 -0.017362
v 0.052862 1.872118 -0.019492
v 0.051169 1.872460 -0.021547
v 0.049392 1.872684 -0.023551
v 0.047613 1.872839 -0.025559
v 0.045834 1.872965 -0.027569
v 0.043919 1.873126 -0.029448
v 0.041973 1.873227 -0.031292
v 0.039937 1.873040 -0.033036
v 0.037885 1.872811 -0.034756
v 0.035834 1.872635 -0.036483
v 0.033768 1.872454 -0.038193
v 0.031649 1.872183 -0.039823
l 7777 7778 7779 7780 7781 7782 7783 7784 7785 7786 7787 7788 7789 7790 7791 7792 7793 7794 7795 7796 7797 7798 7799 7800 7801 7802 7803 7804 7805 7806 7807 7808
v 0.058203 1.844581 -0.002594
v 0.059797 1.846368 -0.002627
v 0.061252 1.848241 -0.002903
v 0.062591 1.850169 -0.003357
v 0.063785 1.852132 -0.003997
v 0.064689 1.854123 -0.004971
v 0.064983 1.855972 -0.006451
v 0.064756 1.857544 -0.008194
v 0.064113 1.858836 -0.010083
v 0.063174 1.859873 -0.012022
v 0.062039 1.860702 -0.013961
v 0.060822 1.861432 -0.015889
v 0.059427 1.862026 -0.017734
v 0.057886 1.862540 -0.019493
v 0.056330 1.863053 -0.021239
v 0.054756 1.863222 -0.023033
v 0.053176 1.863336 -0.024829
v 0.051543 1.863569 -0.026559
v 0.049829 1.863992 -0.028177
v 0.048093 1.864324 -0.029789
v 0.046301 1.864394 -0.031369
v 0.044488 1.864350 -0.032934
v 0.042674 1.864412 -0.034494
v 0.040860 1.864569 -0.036050
v 0.039040 1.864703 -0.037598
v 0.037173 1.864636 -0.039096
v 0.035302 1.864544 -0.040587
v 0.033427 1.864482 -0.042074
v 0.031548 1.864452 -0.043558
v 0.029668 1.864421 -0.045042
v 0.027754 1.864298 -0.046473
v 0.025829 1.864149 -0.047890
l 7809 7810 7811 7812 7813 7814 7815 7816 7817 7818 7819 7820 7821 7822 7823 7824 7825 7826 7827 7828 7829 7830 7831 7832 7833 7834 7835 7836 7837 7838 7839 7840
v 0.063911 1.833444 0.017931
v 0.066637 1.835357 0.018203
v 0.069188 1.837473 0.017878
v 0.071511 1.839711 0.017058
v 0.073375 1.841994 0.015583
v 0.074544 1.844175 0.013421
v 0.074944 1.846110 0.010754
v 0.074747 1.847779 0.007871
v 0.074137 1.849239 0.004928
v 0.073256 1.850557 0.001988
v 0.072252 1.851822 -0.000937
v 0.071029 1.853017 -0.003804
v 0.069453 1.854096 -0.006540
v 0.067766 1.855138 -0.009229
v 0.065996 1.856055 -0.011910
v 0.064205 1.856949 -0.014586
v 0.062084 1.857719 -0.017049
v 0.059946 1.858455 -0.019508
v 0.057753 1.858983 -0.021973
v 0.055519 1.859493 -0.024403
v 0.053162 1.859946 -0.026728
v 0.050767 1.860376 -0.029017
v 0.048311 1.860755 -0.031251
v 0.045818 1.861010 -0.033458
v 0.043288 1.861151 -0.035636
v 0.040744 1.861353 -0.037792
v 0.038183 1.861562 -0.039927
v 0.035579 1.861598 -0.042018
v 0.032958 1.861567 -0.044091
v 0.030320 1.861550 -0.046140
v 0.027676 1.861535 -0.048184
v 0.024949 1.861459 -0.050113
l 7841 7842 7843 7844 7845 7846 7847 7848 7849 7850 7851 7852 7853 7854 7855 7856 7857 7858 7859 7860 7861 7862 7863 7864 7865 7866 7867 7868 7869 7870 7871 7872
v 0.042980 1.854820 -0.032256
v 0.043545 1.855757 -0.032372
v 0.044127 1.856686 -0.032464
v 0.044613 1.857650 -0.032655
v 0.044876 1.858624 -0.033037
v 0.044821 1.859515 -0.033630
v 0.044434 1.860205 -0.034371
v 0.043785 1.860618 -0.035155
v 0.043014 1.860828 -0.035912
v 0.042204 1.860959 -0.036645
v 0.041378 1.861059 -0.037365
v 0.040540 1.861137 -0.038074
v 0.039696 1.861205 -0.038777
v 0.038852 1.861273 -0.039480
v 0.038008 1.861341 -0.040183
v 0.037152 1.861364 -0.040874
v 0.036292 1.861370 -0.041560
v 0.035431 1.861375 -0.042245
v 0.034570 1.861380 -0.042931
v 0.033709 1.861385 -0.043617
v 0.032848 1.861390 -0.044302
v 0.031983 1.861387 -0.044982
v 0.031109 1.861369 -0.045651
v 0.030236 1.861351 -0.046320
v 0.029362 1.861334 -0.046989
v 0.028488 1.861316 -0.047658
v 0.027615 1.861298 -0.048326
v 0.026733 1.861281 -0.048985
v 0.025831 1.861266 -0.049615
v 0.024923 1.861252 -0.050236
v 0.024015 1.861238 -0.050857
v 0.023106 1.861223 -0.051479
l 7873 7874 7875 7876 7877 7878 7879 7880 7881 7882 7883 7884 7885 7886 7887 7888 7889 7890 7891 7892 7893 7894 7895 7896 7897 7898 7899 7900 7901 7902 7903 7904
g card_179
v 0.048102 1.848914 0.023469
v 0.049968 1.851562 0.023881
v 0.051770 1.854273 0.024092
v 0.053497 1.857040 0.024093
v 0.055116 1.859855 0.023841
v 0.056479 1.862716 0.023054
v 0.057360 1.865439 0.021531
v 0.057781 1.867889 0.019482
v 0.057778 1.870019 0.017028
v 0.057433 1.871817 0.014324
v 0.056812 1.873317 0.011492
v 0.056087 1.874718 0.008634
v 0.055192 1.876040 0.005790
v 0.054046 1.877128 0.002939
v 0.052831 1.877985 0.000032
v 0.051492 1.878951 -0.002782
v 0.050103 1.879977 -0.005554
v 0.048545 1.880705 -0.008329
v 0.046955 1.881386 -0.011098
v 0.045286 1.881962 -0.013845
v 0.043527 1.882474 -0.016546
v 0.041674 1.882909 -0.019200
v 0.039752 1.883220 -0.021819
v 0.037755 1.883462 -0.024392
v 0.035572 1.883612 -0.026815
v 0.033353 1.883718 -0.029207
v 0.031080 1.883741 -0.031552
v 0.028704 1.883630 -0.033782
v 0.026232 1.883361 -0.035899
v 0.023778 1.882976 -0.038018
v 0.021319 1.882531 -0.040119
v 0.018794 1.882051 -0.042133
l 7905 7906 7907 7908 7909 7910 7911 7912 7913 7914 7915 7916 7917 7918 7919 7920 7921 7922 7923 7924 7925 7926 7927 7928 7929 7930 7931 7932 7933 7934 7935 7936
v 0.038937 1.857893 0.003199
v 0.039838 1.859940 0.003239
v 0.040714 1.861997 0.003226
v 0.041545 1.864071 0.003116
v 0.042359 1.866149 0.002976
v 0.043161 1.868230 0.002814
v 0.043902 1.870322 0.002538
v 0.044581 1.872414 0.002154
v 0.045176 1.874505 0.001626
v 0.045544 1.876523 0.000762
v 0.045786 1.878474 -0.000271
v 0.045654 1.880149 -0.001747
v 0.045335 1.881625 -0.003369
v 0.044832 1.882902 -0.005134
v 0.044161 1.883959 -0.006984
v 0.043380 1.884840 -0.008861
v 0.042305 1.885221 -0.010785
v 0.041229 1.885601 -0.012708
v 0.040091 1.885951 -0.014600
v 0.038826 1.886237 -0.016422
v 0.037559 1.886518 -0.018243
v 0.036258 1.886714 -0.020052
v 0.034954 1.886905 -0.021859
v 0.033587 1.887071 -0.023622
v 0.032194 1.887225 -0.025365
v 0.030735 1.887321 -0.027055
v 0.029198 1.887346 -0.028680
v 0.027657 1.887365 -0.030301
v 0.026118 1.887383 -0.031924
v 0.024573 1.887388 -0.033541
v 0.022954 1.887248 -0.035071
v 0.021278 1.886993 -0.036531
l 7937 7938 7939 7940 7941 7942 7943 7944 7945 7946 7947 7948 7949 7950 7951 7952 7953 7954 7955 7956 7957 7958 7959 7960 7961 7962 7963 7964 7965 7966 7967 7968
v 0.053628 1.831730 0.057421
v 0.056937 1.834874 0.058131
v 0.059869 1.838226 0.056896
v 0.062125 1.841425 0.054440
v 0.063724 1.844382 0.051268
v 0.064803 1.847158 0.047732
v 0.065500 1.849831 0.044025
v 0.065914 1.852464 0.040247
v 0.066183 1.855029 0.036411
v 0.066347 1.857533 0.032529
v 0.066046 1.859844 0.028536
v 0.065552 1.862072 0.024516
v 0.064769 1.864225 0.020501
v 0.063846 1.866278 0.016463
v 0.062795 1.868076 0.012336
v 0.061517 1.869788 0.008236
v 0.059991 1.871494 0.004219
v 0.058358 1.873055 0.000186
v 0.056389 1.874555 -0.003719
v 0.054304 1.875959 -0.007599
v 0.052045 1.877182 -0.011442
v 0.049528 1.878110 -0.015207
v 0.046963 1.878855 -0.018981
v 0.044166 1.879312 -0.022633
v 0.041169 1.879553 -0.026144
v 0.038059 1.879759 -0.029559
v 0.034669 1.879534 -0.032694
v 0.031185 1.879187 -0.035713
v 0.027630 1.878727 -0.038633
v 0.024030 1.878088 -0.041463
v 0.020416 1.877279 -0.044230
v 0.016783 1.876383 -0.046945
l 7969 7970 7971 7972 7973 7974 7975 7976 7977 7978 7979 7980 7981 7982 7983 7984 7985 7986 7987 7988 7989 7990 7991 7992 7993 7994 7995 7996 7997 7998 7999 8000
v 0.048739 1.829529 0.067171
v 0.052084 1.832806 0.067723
v 0.054903 1.836123 0.065851
v 0.057208 1.839262 0.063149
v 0.059047 1.842205 0.059917
v 0.060451 1.845038 0.056381
v 0.061497 1.847799 0.052668
v 0.062252 1.850524 0.048857
v 0.062798 1.853248 0.045010
v 0.063095 1.856010 0.041167
v 0.063113 1.858707 0.037265
v 0.063038 1.861184 0.033222
v 0.062627 1.863571 0.029141
v 0.062043 1.865869 0.025032
v 0.061199 1.868040 0.020898
v 0.060187 1.870075 0.016733
v 0.059071 1.871881 0.012492
v 0.057673 1.873509 0.008259
v 0.056088 1.875165 0.004105
v 0.054346 1.876639 -0.000056
v 0.052401 1.878020 -0.004157
v 0.050232 1.879458 -0.008119
v 0.047895 1.880363 -0.012148
v 0.045342 1.881228 -0.016053
v 0.042652 1.881821 -0.019917
v 0.039746 1.882214 -0.023647
v 0.036637 1.882457 -0.027224
v 0.033377 1.882553 -0.030672
v 0.029926 1.882405 -0.033926
v 0.026327 1.881964 -0.036987
v 0.022720 1.881360 -0.040012
v 0.019074 1.880606 -0.042956
l 8001 8002 8003 8004 8005 8006 8007 8008 8009 8010 8011 8012 8013 8014 8015 8016 8017 8018 8019 8020 8021 8022 8023 8024 8025 8026 8027 8028 8029 8030 8031 8032
v 0.038986 1.858631 -0.014774
v 0.039879 1.860490 -0.014823
v 0.040776 1.862346 -0.014859
v 0.041680 1.864200 -0.014882
v 0.042541 1.866071 -0.014971
v 0.043359 1.867957 -0.015123
v 0.044121 1.869859 -0.015356
v 0.044682 1.871778 -0.015850
v 0.045051 1.873653 -0.016556
v 0.045146 1.875454 -0.017557
v 0.044754 1.876900 -0.018947
v 0.044143 1.878123 -0.020458
v 0.043259 1.879027 -0.022087
v 0.042228 1.879701 -0.023737
v 0.041069 1.880169 -0.025352
v 0.039689 1.880278 -0.026882
v 0.038310 1.880387 -0.028411
v 0.036857 1.880373 -0.029874
v 0.035377 1.880312 -0.031309
v 0.033896 1.880250 -0.032743
v 0.032348 1.880116 -0.034098
v 0.030764 1.879943 -0.035407
v 0.029179 1.879768 -0.036715
v 0.027598 1.879531 -0.038017
v 0.026019 1.879260 -0.039316
v 0.024439 1.878989 -0.040613
v 0.022834 1.878686 -0.041871
v 0.021206 1.878353 -0.043093
v 0.019578 1.878020 -0.044315
v 0.017955 1.877647 -0.045530
v 0.016349 1.877156 -0.046727
v 0.014748 1.876634 -0.047918
l 8033 8034 8035 8036 8037 8038 8039 8040 8041 8042 8043 8044 8045 8046 8047 8048 8049 8050 8051 8052 8053 8054 8055 8056 8057 8058 8059 8060 8061 8062 8063 8064
g card_180
v 0.034504 1.831597 0.078038
v 0.037484 1.835902 0.078868
v 0.040175 1.839949 0.076638
v 0.042475 1.843903 0.073866
v 0.044351 1.847769 0.070684
v 0.045841 1.851482 0.067135
v 0.046960 1.855065 0.063325
v 0.047770 1.858549 0.059346
v 0.048364 1.861963 0.055268
v 0.048689 1.865302 0.051106
v 0.048682 1.868524 0.046834
v 0.048514 1.871604 0.042464
v 0.048072 1.874420 0.037943
v 0.047339 1.876805 0.033216
v 0.046364 1.878830 0.028360
v 0.045217 1.880796 0.023518
v 0.043893 1.882760 0.018721
v 0.042382 1.884498 0.013892
v 0.040755 1.885970 0.009013
v 0.038876 1.887310 0.004185
v 0.036815 1.888587 -0.000583
v 0.034449 1.889623 -0.005269
v 0.031895 1.890536 -0.009881
v 0.029142 1.891226 -0.014416
v 0.026181 1.891704 -0.018848
v 0.023046 1.892100 -0.023165
v 0.019709 1.892268 -0.027344
v 0.016059 1.892277 -0.031257
v 0.012304 1.891939 -0.035054
v 0.008486 1.891302 -0.038749
v 0.004577 1.890322 -0.042268
v 0.000876 1.888759 -0.045804
l 8065 8066 8067 8068 8069 8070 8071 8072 8073 8074 8075 8076 8077 8078 8079 8080 8081 8082 8083 8084 8085 8086 8087 8088 8089 8090 8091 8092 8093 8094 8095 8096
v 0.040204 1.839796 0.065238
v 0.043053 1.843622 0.066285
v 0.045515 1.847732 0.065341
v 0.047355 1.851653 0.063088
v 0.048595 1.855266 0.060048
v 0.049370 1.858621 0.056586
v 0.049818 1.861794 0.052901
v 0.050050 1.864850 0.049098
v 0.050145 1.867825 0.045226
v 0.050157 1.870745 0.041312
v 0.049786 1.873377 0.037216
v 0.049168 1.875710 0.032971
v 0.048275 1.877498 0.028517
v 0.047259 1.879369 0.024122
v 0.046117 1.881299 0.019783
v 0.044769 1.883007 0.015411
v 0.043340 1.884442 0.010967
v 0.041715 1.885717 0.006542
v 0.039951 1.886941 0.002155
v 0.038025 1.888083 -0.002185
v 0.035836 1.889000 -0.006453
v 0.033474 1.889849 -0.010642
v 0.030927 1.890454 -0.014765
v 0.028220 1.890898 -0.018806
v 0.025389 1.891309 -0.022765
v 0.022304 1.891458 -0.026547
v 0.019049 1.891523 -0.030188
v 0.015660 1.891443 -0.033703
v 0.012153 1.890914 -0.037060
v 0.008605 1.890177 -0.040335
v 0.005048 1.889190 -0.043533
v 0.001556 1.887743 -0.046625
l 8097 8098 8099 8100 8101 8102 8103 8104 8105 8106 8107 8108 8109 8110 8111 8112 8113 8114 8115 8116 8117 8118 8119 8120 8121 8122 8123 8124 8125 8126 8127 8128
v 0.045262 1.845685 0.044380
v 0.047643 1.849226 0.044988
v 0.049807 1.852941 0.044895
v 0.051705 1.856718 0.044130
v 0.053135 1.860379 0.042480
v 0.054004 1.863755 0.040007
v 0.054363 1.866768 0.036967
v 0.054338 1.869457 0.033603
v 0.054037 1.871893 0.030061
v 0.053536 1.874139 0.026415
v 0.052924 1.876282 0.022726
v 0.052018 1.878162 0.018959
v 0.050852 1.879705 0.015109
v 0.049589 1.881105 0.011233
v 0.048245 1.882403 0.007349
v 0.046714 1.883541 0.003483
v 0.045122 1.884638 -0.000370
v 0.043409 1.885651 -0.004189
v 0.041399 1.886456 -0.007917
v 0.039339 1.887226 -0.011624
v 0.037130 1.887863 -0.015263
v 0.034685 1.888275 -0.018789
v 0.032200 1.888650 -0.022291
v 0.029543 1.888902 -0.025669
v 0.026663 1.888995 -0.028874
v 0.023707 1.889021 -0.032011
v 0.020680 1.888914 -0.035076
v 0.017496 1.888447 -0.037935
v 0.014264 1.887814 -0.040716
v 0.011035 1.887057 -0.043469
v 0.007793 1.886000 -0.046105
v 0.004551 1.884752 -0.048656
l 8129 8130 8131 8132 8133 8134 8135 8136 8137 8138 8139 8140 8141 8142 8143 8144 8145 8146 8147 8148 8149 8150 8151 8152 8153 8154 8155 8156 8157 8158 8159 8160
g card_181
v 0.033536 1.847181 0.060012
v 0.035021 1.851060 0.061026
v 0.036369 1.855097 0.061154
v 0.037592 1.859154 0.060672
v 0.038599 1.863071 0.059412
v 0.039306 1.866700 0.057324
v 0.039695 1.869957 0.054597
v 0.039822 1.872873 0.051474
v 0.039738 1.875482 0.048088
v 0.039505 1.877846 0.044534
v 0.039180 1.880048 0.040885
v 0.038634 1.881860 0.037068
v 0.037892 1.883342 0.033127
v 0.037075 1.884713 0.029160
v 0.036190 1.886019 0.025187
v 0.035216 1.887283 0.021220
v 0.033984 1.888478 0.017305
v 0.032732 1.889567 0.013364
v 0.031301 1.890609 0.009473
v 0.029696 1.891635 0.005645
v 0.028061 1.892596 0.001816
v 0.026186 1.893321 -0.001957
v 0.024246 1.894009 -0.005705
v 0.022185 1.894588 -0.009399
v 0.019940 1.894977 -0.013017
v 0.017630 1.895340 -0.016597
v 0.015183 1.895626 -0.020090
v 0.012581 1.895816 -0.023477
v 0.009897 1.895893 -0.026803
v 0.007167 1.895773 -0.030091
v 0.004261 1.895415 -0.033204
v 0.001318 1.894899 -0.036263
l 8161 8162 8163 8164 8165 8166 8167 8168 8169 8170 8171 8172 8173 8174 8175 8176 8177 8178 8179 8180 8181 8182 8183 8184 8185 8186 8187 8188 8189 8190 8191 8192
v 0.031017 1.836092 0.076077
v 0.033028 1.840098 0.078024
v 0.035230 1.844453 0.077742
v 0.037110 1.848700 0.076214
v 0.038590 1.852717 0.073852
v 0.039718 1.856468 0.070927
v 0.040553 1.859974 0.067624
v 0.041150 1.863277 0.064068
v 0.041592 1.866453 0.060378
v 0.041938 1.869574 0.056630
v 0.041877 1.872504 0.052718
v 0.041651 1.875315 0.048723
v 0.041287 1.877931 0.044609
v 0.040646 1.879977 0.040216
v 0.039875 1.881786 0.035739
v 0.038972 1.883452 0.031232
v 0.038004 1.884959 0.026683
v 0.036937 1.886417 0.022140
v 0.035590 1.887807 0.017651
v 0.034159 1.889148 0.013172
v 0.032480 1.890398 0.008754
v 0.030656 1.891581 0.004374
v 0.028686 1.892624 0.000023
v 0.026473 1.893463 -0.004255
v 0.024194 1.894218 -0.008514
v 0.021648 1.894747 -0.012654
v 0.019027 1.895157 -0.016761
v 0.016158 1.895480 -0.020707
v 0.013132 1.895690 -0.024541
v 0.010020 1.895752 -0.028311
v 0.006781 1.895558 -0.031969
v 0.003381 1.895043 -0.035445
l 8193 8194 8195 8196 8197 8198 8199 8200 8201 8202 8203 8204 8205 8206 8207 8208 8209 8210 8211 8212 8213 8214 8215 8216 8217 8218 8219 8220 8221 8222 8223 8224
g card_182
v 0.031784 1.856721 0.032682
v 0.032541 1.858660 0.033058
v 0.033299 1.860604 0.033402
v 0.034057 1.862554 0.033714
v 0.034814 1.864517 0.033928
v 0.035566 1.866489 0.034019
v 0.036312 1.868464 0.033979
v 0.037022 1.870408 0.033540
v 0.037658 1.872220 0.032721
v 0.038220 1.873892 0.031578
v 0.038588 1.875163 0.029928
v 0.038851 1.876194 0.028115
v 0.039041 1.877057 0.026195
v 0.039164 1.877760 0.024204
v 0.039123 1.878130 0.022139
v 0.038999 1.878334 0.020038
v 0.038873 1.878531 0.017935
v 0.038744 1.878722 0.015833
v 0.038575 1.878842 0.013729
v 0.038372 1.878906 0.011624
v 0.038160 1.878967 0.009521
v 0.037927 1.879031 0.007420
v 0.037690 1.879078 0.005319
v 0.037434 1.879031 0.003220
v 0.037173 1.878969 0.001122
v 0.036892 1.878919 -0.000974
v 0.036593 1.878879 -0.003067
v 0.036284 1.878828 -0.005159
v 0.035923 1.878718 -0.007240
v 0.035563 1.878608 -0.009321
v 0.035203 1.878489 -0.011402
v 0.034844 1.878365 -0.013483
l 8225 8226 8227 8228 8229 8230 8231 8232 8233 8234 8235 8236 8237 8238 8239 8240 8241 8242 8243 8244 8245 8246 8247 8248 8249 8250 8251 8252 8253 8254 8255 8256
v 0.012770 1.839154 0.078852
v 0.013610 1.843065 0.080430
v 0.014389 1.847287 0.080097
v 0.015161 1.851403 0.079096
v 0.015899 1.855377 0.077607
v 0.016606 1.859184 0.075723
v 0.017280 1.862813 0.073504
v 0.017916 1.866267 0.071011
v 0.018532 1.869581 0.068330
v 0.019141 1.872763 0.065496
v 0.019706 1.875504 0.062225
v 0.020196 1.877897 0.058677
v 0.020658 1.880129 0.055023
v 0.021064 1.882113 0.051222
v 0.021396 1.883909 0.047322
v 0.021626 1.885479 0.043317
v 0.021852 1.886904 0.039258
v 0.022115 1.888209 0.035162
v 0.022364 1.889380 0.031025
v 0.022567 1.890419 0.026849
v 0.022722 1.891315 0.022639
v 0.022817 1.892017 0.018391
v 0.022858 1.892532 0.014114
v 0.022828 1.892825 0.009817
v 0.022755 1.892960 0.005513
v 0.022621 1.892902 0.001208
v 0.022431 1.892660 -0.003089
v 0.022195 1.892281 -0.007373
v 0.021845 1.891714 -0.011629
v 0.021467 1.891041 -0.015866
v 0.021242 1.890071 -0.020057
v 0.021089 1.888956 -0.024215
l 8257 8258 8259 8260 8261 8262 8263 8264 8265 8266 8267 8268 8269 8270 8271 8272 8273 8274 8275 8276 8277 8278 8279 8280 8281 8282 8283 8284 8285 8286 8287 8288
v 0.024246 1.841921 0.072449
v 0.025362 1.845011 0.073551
v 0.026583 1.848213 0.073008
v 0.027703 1.851277 0.071826
v 0.028735 1.854169 0.070211
v 0.029730 1.856881 0.068289
v 0.030652 1.859464 0.066163
v 0.031506 1.861936 0.063882
v 0.032291 1.864307 0.061473
v 0.032999 1.866597 0.058965
v 0.033783 1.868640 0.056272
v 0.034307 1.870411 0.053335
v 0.034925 1.872193 0.050423
v 0.035296 1.873664 0.047302
v 0.035655 1.874962 0.044104
v 0.035961 1.876125 0.040849
v 0.036200 1.877165 0.037547
v 0.036391 1.878101 0.034211
v 0.036542 1.878948 0.030850
v 0.036520 1.879563 0.027435
v 0.036508 1.880109 0.024008
v 0.036418 1.880552 0.020567
v 0.036233 1.880881 0.017118
v 0.036062 1.881121 0.013660
v 0.035772 1.881250 0.010205
v 0.035446 1.881310 0.006750
v 0.035117 1.881311 0.003296
v 0.034699 1.881196 -0.000147
v 0.034229 1.881092 -0.003584
v 0.033712 1.880996 -0.007014
v 0.033111 1.880806 -0.010426
v 0.032625 1.880462 -0.013845
l 8289 8290 8291 8292 8293 8294 8295 8296 8297 8298 8299 8300 8301 8302 8303 8304 8305 8306 8307 8308 8309 8310 8311 8312 8313 8314 8315 8316 8317 8318 8319 8320
v 0.001544 1.857574 0.055031
v 0.001842 1.861023 0.056162
v 0.002152 1.864573 0.056881
v 0.002471 1.868178 0.057191
v 0.002793 1.871765 0.056927
v 0.003107 1.875201 0.055865
v 0.003387 1.878189 0.053802
v 0.003595 1.880541 0.051038
v 0.003768 1.882518 0.047995
v 0.003914 1.884223 0.044784
v 0.004041 1.885747 0.041480
v 0.004162 1.887145 0.038121
v 0.004331 1.888273 0.034663
v 0.004552 1.889285 0.031172
v 0.004786 1.890272 0.027674
v 0.005029 1.891198 0.024161
v 0.005275 1.892053 0.020630
v 0.005524 1.892852 0.017086
v 0.005781 1.893590 0.013529
v 0.006044 1.894286 0.009965
v 0.006121 1.894617 0.006342
v 0.006269 1.894975 0.002721
v 0.006567 1.895430 -0.000879
v 0.006861 1.895686 -0.004499
v 0.007042 1.895769 -0.008132
v 0.007099 1.895599 -0.011767
v 0.007213 1.895225 -0.015387
v 0.007564 1.894814 -0.018985
v 0.008174 1.894132 -0.022502
v 0.008743 1.893170 -0.025967
v 0.008912 1.892077 -0.029432
v 0.009323 1.890849 -0.032834
l 8321 8322 8323 8324 8325 8326 8327 8328 8329 8330 8331 8332 8333 8334 8335 8336 8337 8338 8339 8340 8341 8342 8343 8344 8345 8346 8347 8348 8349 8350 8351 8352
v 0.022789 1.862237 0.020611
v 0.023386 1.864170 0.020833
v 0.023982 1.866107 0.021017
v 0.024576 1.868050 0.021130
v 0.025170 1.869994 0.021213
v 0.025763 1.871940 0.021279
v 0.026352 1.873887 0.021227
v 0.026934 1.875828 0.021085
v 0.027506 1.877758 0.020781
v 0.028040 1.879608 0.020160
v 0.028552 1.881410 0.019377
v 0.028939 1.882883 0.018028
v 0.029262 1.884185 0.016527
v 0.029482 1.885211 0.014784
v 0.029638 1.886034 0.012935
v 0.029759 1.886734 0.011036
v 0.029706 1.886783 0.009002
v 0.029573 1.886837 0.006973
v 0.029397 1.886893 0.004946
v 0.029243 1.886877 0.002919
v 0.029130 1.886739 0.000892
v 0.029005 1.886598 -0.001134
v 0.028799 1.886507 -0.003156
v 0.028556 1.886438 -0.005176
v 0.028291 1.886349 -0.007191
v 0.027968 1.886214 -0.009196
v 0.027647 1.886071 -0.011200
v 0.027405 1.885829 -0.013205
v 0.027225 1.885509 -0.015206
v 0.027066 1.885149 -0.017201
v 0.027003 1.884610 -0.019162
v 0.026946 1.884060 -0.021121
l 8353 8354 8355 8356 8357 8358 8359 8360 8361 8362 8363 8364 8365 8366 8367 8368 8369 8370 8371 8372 8373 8374 8375 8376 8377 8378 8379 8380 8381 8382 8383 8384
v 0.025322 1.855345 0.047514
v 0.026246 1.857871 0.048188
v 0.027175 1.860437 0.048664
v 0.028106 1.863029 0.048965
v 0.029038 1.865636 0.049112
v 0.029950 1.868235 0.048784
v 0.030799 1.870706 0.047931
v 0.031545 1.872953 0.046559
v 0.032153 1.874889 0.044671
v 0.032601 1.876407 0.042394
v 0.032972 1.877720 0.039985
v 0.033290 1.878895 0.037494
v 0.033567 1.879965 0.034953
v 0.033705 1.880664 0.032272
v 0.033803 1.881293 0.029574
v 0.033817 1.881821 0.026852
v 0.033817 1.882271 0.024116
v 0.033823 1.882667 0.021371
v 0.033730 1.882980 0.018617
v 0.033596 1.883243 0.015860
v 0.033489 1.883396 0.013093
v 0.033335 1.883514 0.010328
v 0.033093 1.883595 0.007566
v 0.032862 1.883584 0.004804
v 0.032645 1.883505 0.002040
v 0.032343 1.883414 -0.000715
v 0.031997 1.883319 -0.003465
v 0.031584 1.883217 -0.006205
v 0.031149 1.883087 -0.008941
v 0.030729 1.882884 -0.011674
v 0.030358 1.882588 -0.014406
v 0.030178 1.882015 -0.017111
l 8385 8386 8387 8388 8389 8390 8391 8392 8393 8394 8395 8396 8397 8398 8399 8400 8401 8402 8403 8404 8405 8406 8407 8408 8409 8410 8411 8412 8413 8414 8415 8416
v 0.004595 1.867427 -0.020643
v 0.004685 1.868668 -0.020737
v 0.004775 1.869909 -0.020832
v 0.004861 1.871151 -0.020906
v 0.004943 1.872395 -0.020964
v 0.005025 1.873639 -0.021023
v 0.005110 1.874882 -0.021094
v 0.005195 1.876125 -0.021165
v 0.005282 1.877367 -0.021248
v 0.005371 1.878609 -0.021337
v 0.005461 1.879850 -0.021432
v 0.005557 1.881088 -0.021553
v 0.005653 1.882327 -0.021674
v 0.005759 1.883559 -0.021839
v 0.005867 1.884789 -0.022019
v 0.005983 1.886012 -0.022232
v 0.006114 1.887219 -0.022519
v 0.006246 1.888427 -0.022806
v 0.006410 1.889579 -0.023252
v 0.006579 1.890722 -0.023723
v 0.006770 1.891796 -0.024308
v 0.006991 1.892777 -0.025047
v 0.007211 1.893758 -0.025787
v 0.007409 1.893441 -0.026955
v 0.007493 1.893043 -0.028135
v 0.007578 1.892645 -0.029315
v 0.007662 1.892247 -0.030495
v 0.007753 1.891847 -0.031673
v 0.007989 1.891406 -0.032815
v 0.008259 1.890956 -0.033947
v 0.008529 1.890506 -0.035079
v 0.008799 1.890056 -0.036212
l 8417 8418 8419 8420 8421 8422 8423 8424 8425 8426 8427 8428 8429 8430 8431 8432 8433 8434 8435 8436 8437 8438 8439 8440 8441 8442 8443 8444 8445 8446 8447 8448
v 0.004699 1.867920 -0.003364
v 0.004827 1.869733 -0.003268
v 0.004954 1.871547 -0.003168
v 0.005078 1.873358 -0.003031
v 0.005202 1.875170 -0.002901
v 0.005328 1.876983 -0.002800
v 0.005456 1.878797 -0.002721
v 0.005586 1.880613 -0.002686
v 0.005719 1.882427 -0.002709
v 0.005856 1.884240 -0.002805
v 0.005999 1.886035 -0.003044
v 0.006148 1.887815 -0.003394
v 0.006305 1.889498 -0.004036
v 0.006467 1.891134 -0.004818
v 0.006629 1.892480 -0.006006
v 0.006793 1.893749 -0.007301
v 0.006931 1.894762 -0.008803
v 0.007065 1.895728 -0.010333
v 0.007096 1.895609 -0.012148
v 0.007135 1.895395 -0.013956
v 0.007173 1.895181 -0.015763
v 0.007360 1.894976 -0.017561
v 0.007609 1.894774 -0.019353
v 0.007880 1.894519 -0.021133
v 0.008227 1.894070 -0.022862
v 0.008587 1.893590 -0.024581
v 0.008823 1.893079 -0.026310
v 0.008869 1.892524 -0.028043
v 0.008916 1.891969 -0.029777
v 0.009053 1.891380 -0.031491
v 0.009383 1.890723 -0.033156
v 0.009724 1.890062 -0.034818
l 8449 8450 8451 8452 8453 8454 8455 8456 8457 8458 8459 8460 8461 8462 8463 8464 8465 8466 8467 8468 8469 8470 8471 8472 8473 8474 8475 8476 8477 8478 8479 8480
v 0.021143 1.865006 -0.010031
v 0.021422 1.866094 -0.009969
v 0.021702 1.867182 -0.009907
v 0.021987 1.868265 -0.009805
v 0.022275 1.869346 -0.009687
v 0.022561 1.870429 -0.009576
v 0.022847 1.871512 -0.009474
v 0.023132 1.872596 -0.009376
v 0.023416 1.873682 -0.009297
v 0.023699 1.874768 -0.009218
v 0.023980 1.875856 -0.009171
v 0.024260 1.876945 -0.009133
v 0.024535 1.878035 -0.009133
v 0.024807 1.879126 -0.009172
v 0.025074 1.880215 -0.009240
v 0.025326 1.881296 -0.009424
v 0.025579 1.882377 -0.009608
v 0.025792 1.883402 -0.010013
v 0.026001 1.884421 -0.010441
v 0.026194 1.885408 -0.010942
v 0.026376 1.886373 -0.011490
v 0.026454 1.887009 -0.012209
v 0.026322 1.886870 -0.013317
v 0.026230 1.886678 -0.014422
v 0.026138 1.886487 -0.015526
v 0.026046 1.886295 -0.016631
v 0.025956 1.886100 -0.017736
v 0.025912 1.885820 -0.018823
v 0.025884 1.885509 -0.019904
v 0.025856 1.885198 -0.020985
v 0.025829 1.884887 -0.022066
v 0.025801 1.884577 -0.023147
l 8481 8482 8483 8484 8485 8486 8487 8488 8489 8490 8491 8492 8493 8494 8495 8496 8497 8498 8499 8500 8501 8502 8503 8504 8505 8506 8507 8508 8509 8510 8511 8512
v 0.008130 1.849048 0.068898
v 0.008816 1.852708 0.070378
v 0.009509 1.856596 0.070952
v 0.010183 1.860536 0.070909
v 0.010805 1.864334 0.069969
v 0.011353 1.867837 0.068161
v 0.011835 1.870987 0.065750
v 0.012280 1.873821 0.062958
v 0.012688 1.876384 0.059907
v 0.013063 1.878733 0.056682
v 0.013400 1.880934 0.053351
v 0.013750 1.882800 0.049827
v 0.013982 1.884377 0.046152
v 0.014146 1.885802 0.042410
v 0.014339 1.887151 0.038642
v 0.014576 1.888331 0.034820
v 0.014832 1.889484 0.030992
v 0.015074 1.890502 0.027124
v 0.015282 1.891426 0.023231
v 0.015461 1.892262 0.019317
v 0.015649 1.892934 0.015372
v 0.015737 1.893446 0.011400
v 0.015710 1.893704 0.007405
v 0.015748 1.893894 0.003405
v 0.015897 1.894126 -0.000592
v 0.015955 1.894120 -0.004595
v 0.015790 1.893801 -0.008582
v 0.015492 1.893286 -0.012544
v 0.015330 1.892673 -0.016499
v 0.015784 1.892054 -0.020424
v 0.015905 1.891025 -0.024289
v 0.015924 1.889837 -0.028116
l 8513 8514 8515 8516 8517 8518 8519 8520 8521 8522 8523 8524 8525 8526 8527 8528 8529 8530 8531 8532 8533 8534 8535 8536 8537 8538 8539 8540 8541 8542 8543 8544
v 0.002840 1.862768 0.038107
v 0.003067 1.865780 0.038837
v 0.003296 1.868800 0.039527
v 0.003529 1.871843 0.040094
v 0.003766 1.874919 0.040452
v 0.004006 1.878008 0.040225
v 0.004239 1.880939 0.039328
v 0.004465 1.883577 0.037793
v 0.004685 1.885805 0.035647
v 0.004895 1.887461 0.033026
v 0.005102 1.888840 0.030256
v 0.005307 1.890048 0.027403
v 0.005512 1.891124 0.024497
v 0.005721 1.891853 0.021484
v 0.005930 1.892547 0.018463
v 0.006141 1.893198 0.015432
v 0.006361 1.893805 0.012393
v 0.006541 1.894313 0.009334
v 0.006580 1.894564 0.006239
v 0.006697 1.894862 0.003149
v 0.006952 1.895253 0.000078
v 0.007213 1.895540 -0.003005
v 0.007421 1.895681 -0.006100
v 0.007504 1.895673 -0.009205
v 0.007535 1.895472 -0.012304
v 0.007570 1.895101 -0.015388
v 0.007880 1.894764 -0.018461
v 0.008355 1.894292 -0.021486
v 0.008938 1.893495 -0.024431
v 0.009209 1.892601 -0.027384
v 0.009285 1.891665 -0.030346
v 0.009740 1.890565 -0.033211
l 8545 8546 8547 8548 8549 8550 8551 8552 8553 8554 8555 8556 8557 8558 8559 8560 8561 8562 8563 8564 8565 8566 8567 8568 8569 8570 8571 8572 8573 8574 8575 8576
g card_183
v -0.075442 1.790017 0.027956
v -0.080518 1.790773 0.027589
v -0.084887 1.792085 0.025222
v -0.088516 1.793599 0.021909
v -0.091129 1.795473 0.017902
v -0.092897 1.797631 0.013584
v -0.094005 1.799980 0.009146
v -0.094588 1.802432 0.004663
v -0.094806 1.804929 0.000170
v -0.094804 1.807455 -0.004312
v -0.094159 1.810213 -0.008598
v -0.093097 1.812970 -0.012809
v -0.091847 1.815732 -0.016966
v -0.090433 1.818588 -0.021005
v -0.088813 1.821351 -0.025032
v -0.087109 1.824080 -0.029048
v -0.084954 1.826931 -0.032744
v -0.082479 1.829808 -0.036218
v -0.079767 1.832654 -0.039537
v -0.076810 1.835540 -0.042602
v -0.073784 1.838546 -0.045479
v -0.070692 1.841687 -0.048134
v -0.067561 1.845088 -0.050391
v -0.064374 1.848530 -0.052505
v -0.061073 1.852047 -0.054295
v -0.057691 1.855659 -0.055706
v -0.054231 1.859311 -0.056781
v -0.050576 1.862851 -0.057549
v -0.046660 1.866163 -0.057953
v -0.042383 1.869022 -0.057947
v -0.037931 1.871594 -0.057744
v -0.033284 1.873717 -0.057135
l 8577 8578 8579 8580 8581 8582 8583 8584 8585 8586 8587 8588 8589 8590 8591 8592 8593 8594 8595 8596 8597 8598 8599 8600 8601 8602 8603 8604 8605 8606 8607 8608
v -0.071757 1.820167 -0.040054
v -0.073378 1.821343 -0.040933
v -0.074454 1.822814 -0.042116
v -0.075161 1.824409 -0.043422
v -0.075320 1.826069 -0.044796
v -0.074967 1.827719 -0.046165
v -0.074265 1.829318 -0.047472
v -0.073355 1.830877 -0.048703
v -0.072329 1.832420 -0.049864
v -0.071246 1.833964 -0.050971
v -0.070149 1.835523 -0.052042
v -0.069047 1.837143 -0.053012
v -0.067788 1.838685 -0.053916
v -0.066501 1.840218 -0.054796
v -0.065313 1.841862 -0.055612
v -0.064190 1.843574 -0.056378
v -0.062975 1.845243 -0.057082
v -0.061561 1.846813 -0.057647
v -0.060186 1.848418 -0.058201
v -0.058891 1.850100 -0.058728
v -0.057581 1.851776 -0.059233
v -0.056194 1.853404 -0.059682
v -0.054761 1.855003 -0.060098
v -0.053255 1.856552 -0.060413
v -0.051689 1.858060 -0.060648
v -0.050111 1.859560 -0.060845
v -0.048512 1.861047 -0.060961
v -0.046906 1.862529 -0.061051
v -0.045212 1.863908 -0.061064
v -0.043394 1.865116 -0.060956
v -0.041560 1.866301 -0.060832
v -0.039727 1.867486 -0.060707
l 8609 8610 8611 8612 8613 8614 8615 8616 8617 8618 8619 8620 8621 8622 8623 8624 8625 8626 8627 8628 8629 8630 8631 8632 8633 8634 8635 8636 8637 8638 8639 8640
v -0.079607 1.799566 -0.007709
v -0.083187 1.800272 -0.008214
v -0.086208 1.801617 -0.009796
v -0.088624 1.803302 -0.011985
v -0.089963 1.805282 -0.014732
v -0.090310 1.807359 -0.017721
v -0.090002 1.809427 -0.020741
v -0.089310 1.811460 -0.023730
v -0.088403 1.813461 -0.026685
v -0.087389 1.815444 -0.029619
v -0.086127 1.817456 -0.032418
v -0.084492 1.819531 -0.034984
v -0.082807 1.821631 -0.037497
v -0.081028 1.823734 -0.039937
v -0.079043 1.825835 -0.042218
v -0.077120 1.828094 -0.044394
v -0.075240 1.830458 -0.046502
v -0.073275 1.832843 -0.048505
v -0.071254 1.835327 -0.050322
v -0.069313 1.837974 -0.051990
v -0.067230 1.840582 -0.053539
v -0.065080 1.843213 -0.054958
v -0.063034 1.845992 -0.056241
v -0.060738 1.848677 -0.057264
v -0.058437 1.851412 -0.058149
v -0.056144 1.854180 -0.058957
v -0.053754 1.856890 -0.059671
v -0.051089 1.859394 -0.060070
v -0.048308 1.861799 -0.060298
v -0.045461 1.864134 -0.060385
v -0.042456 1.866261 -0.060295
v -0.039314 1.868166 -0.060036
l 8641 8642 8643 8644 8645 8646 8647 8648 8649 8650 8651 8652 8653 8654 8655 8656 8657 8658 8659 8660 8661 8662 8663 8664 8665 8666 8667 8668 8669 8670 8671 8672
v -0.077702 1.783578 0.016082
v -0.082220 1.783982 0.015699
v -0.086181 1.784988 0.013728
v -0.089499 1.786299 0.010917
v -0.091748 1.787977 0.007365
v -0.093050 1.789891 0.003464
v -0.093646 1.791906 -0.000564
v -0.093734 1.793979 -0.004610
v -0.093468 1.796109 -0.008620
v -0.092985 1.798283 -0.012589
v -0.092134 1.800611 -0.016396
v -0.091019 1.803028 -0.020088
v -0.089943 1.805467 -0.023777
v -0.088636 1.807886 -0.027399
v -0.087258 1.810314 -0.030994
v -0.085545 1.812845 -0.034355
v -0.083597 1.815456 -0.037533
v -0.081563 1.818119 -0.040613
v -0.079293 1.820856 -0.043449
v -0.077124 1.823811 -0.046144
v -0.074896 1.826830 -0.048720
v -0.072580 1.829969 -0.051062
v -0.070340 1.833339 -0.053141
v -0.067871 1.836643 -0.055063
v -0.065589 1.840188 -0.056772
v -0.062973 1.843640 -0.058159
v -0.060339 1.847149 -0.059368
v -0.057588 1.850623 -0.060404
v -0.054590 1.853952 -0.061205
v -0.051497 1.857238 -0.061797
v -0.048186 1.860352 -0.062022
v -0.044558 1.863099 -0.061935
l 8673 8674 8675 8676 8677 8678 8679 8680 8681 8682 8683 8684 8685 8686 8687 8688 8689 8690 8691 8692 8693 8694 8695 8696 8697 8698 8699 8700 8701 8702 8703 8704
v -0.066343 1.832895 -0.032434
v -0.068436 1.834633 -0.033089
v -0.070153 1.836615 -0.034045
v -0.071414 1.838773 -0.035273
v -0.071950 1.841015 -0.036788
v -0.071690 1.843189 -0.038469
v -0.070791 1.845203 -0.040170
v -0.069501 1.847068 -0.041803
v -0.067997 1.848852 -0.043347
v -0.066383 1.850614 -0.044803
v -0.064714 1.852370 -0.046204
v -0.062897 1.854074 -0.047478
v -0.061074 1.855846 -0.048648
v -0.059253 1.857669 -0.049737
v -0.057352 1.859507 -0.050652
v -0.055396 1.861325 -0.051485
v -0.053309 1.863043 -0.052208
v -0.051257 1.864832 -0.052847
v -0.049254 1.866721 -0.053342
v -0.047110 1.868467 -0.053728
v -0.044798 1.870027 -0.053957
v -0.042420 1.871495 -0.054055
v -0.040000 1.872899 -0.054064
v -0.037574 1.874295 -0.054067
v -0.035057 1.875490 -0.053921
v -0.032483 1.876562 -0.053683
v -0.029909 1.877635 -0.053445
v -0.027326 1.878660 -0.053119
v -0.024736 1.879565 -0.052578
v -0.022145 1.880444 -0.051992
v -0.019553 1.881323 -0.051406
v -0.016962 1.882201 -0.050820
l 8705 8706 8707 8708 8709 8710 8711 8712 8713 8714 8715 8716 8717 8718 8719 8720 8721 8722 8723 8724 8725 8726 8727 8728 8729 8730 8731 8732 8733 8734 8735 8736
v -0.073487 1.822514 -0.002986
v -0.076917 1.824752 -0.003266
v -0.079564 1.827540 -0.004650
v -0.081489 1.830517 -0.006688
v -0.082234 1.833479 -0.009360
v -0.081934 1.836241 -0.012342
v -0.080958 1.838794 -0.015390
v -0.079592 1.841207 -0.018414
v -0.077996 1.843544 -0.021386
v -0.076265 1.845849 -0.024309
v -0.074390 1.848133 -0.027156
v -0.072313 1.850396 -0.029879
v -0.070139 1.852651 -0.032533
v -0.067877 1.854901 -0.035115
v -0.065489 1.857187 -0.037546
v -0.062971 1.859538 -0.039778
v -0.060335 1.861907 -0.041847
v -0.057554 1.864273 -0.043719
v -0.054627 1.866653 -0.045332
v -0.051568 1.869018 -0.046707
v -0.048354 1.871290 -0.047866
v -0.044960 1.873437 -0.048697
v -0.041393 1.875404 -0.049171
v -0.037746 1.877265 -0.049473
v -0.033996 1.878925 -0.049490
v -0.030191 1.880457 -0.049331
v -0.026379 1.881972 -0.049149
v -0.022545 1.883303 -0.048560
v -0.018711 1.884539 -0.047772
v -0.014877 1.885768 -0.046967
v -0.011030 1.886534 -0.045765
v -0.007207 1.887044 -0.044358
l 8737 8738 8739 8740 8741 8742 8743 8744 8745 8746 8747 8748 8749 8750 8751 8752 8753 8754 8755 8756 8757 8758 8759 8760 8761 8762 8763 8764 8765 8766 8767 8768
v -0.077754 1.800642 0.010406
v -0.082281 1.801584 0.010127
v -0.086186 1.803295 0.008365
v -0.089395 1.805380 0.005779
v -0.091367 1.807771 0.002390
v -0.092219 1.810272 -0.001383
v -0.092265 1.812797 -0.005252
v -0.091768 1.815314 -0.009102
v -0.090929 1.817816 -0.012907
v -0.089897 1.820321 -0.016663
v -0.088588 1.822842 -0.020316
v -0.087054 1.825353 -0.023893
v -0.085518 1.827838 -0.027489
v -0.083612 1.830391 -0.030827
v -0.081387 1.832979 -0.033960
v -0.079023 1.835548 -0.037003
v -0.076444 1.838124 -0.039857
v -0.073744 1.840757 -0.042547
v -0.070973 1.843419 -0.045133
v -0.068141 1.846331 -0.047344
v -0.065236 1.849313 -0.049374
v -0.062340 1.852388 -0.051274
v -0.059289 1.855493 -0.052848
v -0.056095 1.858592 -0.054129
v -0.052908 1.861800 -0.055128
v -0.049526 1.864882 -0.055836
v -0.045870 1.867698 -0.056199
v -0.042097 1.870382 -0.056297
v -0.037987 1.872498 -0.056089
v -0.033839 1.874548 -0.055848
v -0.029581 1.876238 -0.055174
v -0.025308 1.877864 -0.054426
l 8769 8770 8771 8772 8773 8774 8775 8776 8777 8778 8779 8780 8781 8782 8783 8784 8785 8786 8787 8788 8789 8790 8791 8792 8793 8794 8795 8796 8797 8798 8799 8800
v -0.078455 1.803593 -0.029574
v -0.080934 1.804228 -0.030209
v -0.082817 1.805425 -0.031608
v -0.084039 1.806894 -0.033419
v -0.084225 1.808563 -0.035441
v -0.083728 1.810226 -0.037420
v -0.082889 1.811852 -0.039317
v -0.081859 1.813468 -0.041127
v -0.080711 1.815098 -0.042852
v -0.079522 1.816746 -0.044531
v -0.078360 1.818507 -0.046112
v -0.077176 1.820297 -0.047644
v -0.075959 1.822105 -0.049127
v -0.074720 1.823945 -0.050551
v -0.073467 1.825806 -0.051936
v -0.072238 1.827794 -0.053155
v -0.071009 1.829813 -0.054322
v -0.069665 1.831782 -0.055449
v -0.068340 1.833791 -0.056525
v -0.067088 1.835905 -0.057480
v -0.065752 1.837998 -0.058366
v -0.064275 1.840035 -0.059152
v -0.062829 1.842112 -0.059891
v -0.061417 1.844225 -0.060594
v -0.059860 1.846260 -0.061214
v -0.058209 1.848237 -0.061777
v -0.056585 1.850249 -0.062291
v -0.054973 1.852276 -0.062785
v -0.053165 1.854174 -0.063072
v -0.051245 1.855974 -0.063223
v -0.049276 1.857725 -0.063317
v -0.047267 1.859431 -0.063363
l 8801 8802 8803 8804 8805 8806 8807 8808 8809 8810 8811 8812 8813 8814 8815 8816 8817 8818 8819 8820 8821 8822 8823 8824 8825 8826 8827 8828 8829 8830 8831 8832
v -0.073660 1.822323 -0.024013
v -0.076493 1.823781 -0.024457
v -0.078987 1.825583 -0.025387
v -0.080829 1.827697 -0.026934
v -0.081487 1.829993 -0.029027
v -0.081097 1.832198 -0.031298
v -0.080058 1.834236 -0.033545
v -0.078660 1.836153 -0.035712
v -0.077051 1.838006 -0.037791
v -0.075332 1.839832 -0.039806
v -0.073512 1.841662 -0.041724
v -0.071601 1.843505 -0.043541
v -0.069653 1.845403 -0.045257
v -0.067683 1.847434 -0.046784
v -0.065664 1.849494 -0.048207
v -0.063623 1.851564 -0.049587
v -0.061601 1.853697 -0.050894
v -0.059482 1.855843 -0.052005
v -0.057268 1.857973 -0.052962
v -0.054994 1.860084 -0.053811
v -0.052763 1.862296 -0.054495
v -0.050524 1.864532 -0.055073
v -0.048028 1.866516 -0.055457
v -0.045421 1.868389 -0.055652
v -0.042768 1.870208 -0.055694
v -0.040038 1.871910 -0.055663
v -0.037151 1.873315 -0.055501
v -0.034244 1.874682 -0.055323
v -0.031315 1.875984 -0.055052
v -0.028344 1.877089 -0.054509
v -0.025370 1.878182 -0.053950
v -0.022396 1.879274 -0.053391
l 8833 8834 8835 8836 8837 8838 8839 8840 8841 8842 8843 8844 8845 8846 8847 8848 8849 8850 8851 8852 8853 8854 8855 8856 8857 8858 8859 8860 8861 8862 8863 8864
v -0.079592 1.788430 0.001739
v -0.083599 1.788783 0.001602
v -0.087261 1.789731 0.000248
v -0.090282 1.791099 -0.002013
v -0.092042 1.792869 -0.005131
v -0.092659 1.794817 -0.008576
v -0.092541 1.796832 -0.012049
v -0.092010 1.798897 -0.015461
v -0.091253 1.800994 -0.018811
v -0.090402 1.803109 -0.022128
v -0.089434 1.805249 -0.025397
v -0.088241 1.807384 -0.028593
v -0.087042 1.809539 -0.031774
v -0.085498 1.811795 -0.034716
v -0.083775 1.814114 -0.037519
v -0.082059 1.816467 -0.040298
v -0.080070 1.818870 -0.042835
v -0.078150 1.821459 -0.045243
v -0.076244 1.824136 -0.047568
v -0.074272 1.826866 -0.049773
v -0.072267 1.829707 -0.051800
v -0.070320 1.832725 -0.053615
v -0.068149 1.835658 -0.055310
v -0.066146 1.838803 -0.056821
v -0.063944 1.841915 -0.058109
v -0.061601 1.844994 -0.059219
v -0.059384 1.848185 -0.060272
v -0.056764 1.851135 -0.061057
v -0.054134 1.854109 -0.061721
v -0.051367 1.856998 -0.062171
v -0.048424 1.859737 -0.062364
v -0.045218 1.862170 -0.062291
l 8865 8866 8867 8868 8869 8870 8871 8872 8873 8874 8875 8876 8877 8878 8879 8880 8881 8882 8883 8884 8885 8886 8887 8888 8889 8890 8891 8892 8893 8894 8895 8896
v -0.058977 1.836811 -0.045592
v -0.060356 1.837971 -0.046272
v -0.061674 1.839182 -0.046979
v -0.062885 1.840471 -0.047733
v -0.063916 1.841864 -0.048552
v -0.064627 1.843404 -0.049462
v -0.064721 1.845050 -0.050444
v -0.064369 1.846664 -0.051392
v -0.063677 1.848214 -0.052281
v -0.062752 1.849691 -0.053098
v -0.061677 1.851108 -0.053835
v -0.060540 1.852498 -0.054528
v -0.059321 1.853866 -0.055113
v -0.058053 1.855228 -0.055607
v -0.056784 1.856593 -0.056092
v -0.055486 1.857961 -0.056478
v -0.054178 1.859330 -0.056832
v -0.052851 1.860684 -0.057164
v -0.051463 1.861993 -0.057426
v -0.050067 1.863295 -0.057677
v -0.048622 1.864552 -0.057856
v -0.047127 1.865761 -0.057959
v -0.045625 1.866962 -0.058051
v -0.044030 1.868039 -0.058053
v -0.042365 1.869004 -0.057978
v -0.040700 1.869968 -0.057902
v -0.039035 1.870933 -0.057827
v -0.037354 1.871864 -0.057720
v -0.035625 1.872680 -0.057510
v -0.033875 1.873439 -0.057250
v -0.032124 1.874198 -0.056990
v -0.030374 1.874957 -0.056730
l 8897 8898 8899 8900 8901 8902 8903 8904 8905 8906 8907 8908 8909 8910 8911 8912 8913 8914 8915 8916 8917 8918 8919 8920 8921 8922 8923 8924 8925 8926 8927 8928
v -0.072381 1.799051 0.037155
v -0.077762 1.800521 0.036644
v -0.082086 1.802545 0.033704
v -0.085344 1.804800 0.029736
v -0.087660 1.807286 0.025273
v -0.089229 1.809924 0.020578
v -0.090195 1.812690 0.015794
v -0.090673 1.815554 0.010994
v -0.090839 1.818464 0.006201
v -0.090775 1.821388 0.001419
v -0.089687 1.824396 -0.003190
v -0.088238 1.827346 -0.007735
v -0.086372 1.830256 -0.012153
v -0.084256 1.833246 -0.016403
v -0.082155 1.836312 -0.020605
v -0.079937 1.839371 -0.024750
v -0.077291 1.842489 -0.028591
v -0.074488 1.845594 -0.032329
v -0.071409 1.848692 -0.035850
v -0.068198 1.851813 -0.039229
v -0.064774 1.855104 -0.042215
v -0.061170 1.858468 -0.044892
v -0.057360 1.861862 -0.047223
v -0.053439 1.865428 -0.049061
v -0.049027 1.868578 -0.050504
v -0.044586 1.871897 -0.051354
v -0.039808 1.874819 -0.051675
v -0.034677 1.877087 -0.051677
v -0.029517 1.879282 -0.051502
v -0.024305 1.881175 -0.050653
v -0.019092 1.883052 -0.049775
v -0.013916 1.884456 -0.048126
l 8929 8930 8931 8932 8933 8934 8935 8936 8937 8938 8939 8940 8941 8942 8943 8944 8945 8946 8947 8948 8949 8950 8951 8952 8953 8954 8955 8956 8957 8958 8959 8960
g card_184
v -0.032333 1.838067 0.073630
v -0.034401 1.842051 0.075388
v -0.036434 1.846403 0.075003
v -0.038158 1.850626 0.073453
v -0.039515 1.854634 0.071148
v -0.040554 1.858422 0.068356
v -0.041343 1.862003 0.065228
v -0.041934 1.865388 0.061848
v -0.042394 1.868612 0.058294
v -0.042771 1.871732 0.054639
v -0.042709 1.874439 0.050657
v -0.042402 1.876911 0.046531
v -0.041946 1.879226 0.042327
v -0.041329 1.881341 0.038040
v -0.040598 1.883351 0.033720
v -0.039709 1.885240 0.029375
v -0.038700 1.886983 0.024996
v -0.037549 1.888577 0.020595
v -0.035970 1.889872 0.016230
v -0.034373 1.891100 0.011850
v -0.032374 1.892140 0.007590
v -0.030353 1.893132 0.003328
v -0.028149 1.893929 -0.000884
v -0.025849 1.894603 -0.005067
v -0.023480 1.895191 -0.009224
v -0.020963 1.895639 -0.013311
v -0.018407 1.896002 -0.017382
v -0.015628 1.896327 -0.021307
v -0.012728 1.896592 -0.025148
v -0.009726 1.896636 -0.028920
v -0.006550 1.896196 -0.032519
v -0.003194 1.895181 -0.035827
l 8961 8962 8963 8964 8965 8966 8967 8968 8969 8970 8971 8972 8973 8974 8975 8976 8977 8978 8979 8980 8981 8982 8983 8984 8985 8986 8987 8988 8989 8990 8991 8992
g card_185
v -0.031101 1.857931 -0.039683
v -0.031212 1.858364 -0.039840
v -0.031324 1.858797 -0.039997
v -0.031414 1.859228 -0.040169
v -0.031491 1.859658 -0.040352
v -0.031569 1.860089 -0.040534
v -0.031647 1.860519 -0.040716
v -0.031725 1.860949 -0.040898
v -0.031800 1.861379 -0.041083
v -0.031873 1.861808 -0.041268
v -0.031942 1.862237 -0.041457
v -0.032004 1.862665 -0.041651
v -0.032065 1.863093 -0.041845
v -0.032104 1.863515 -0.042055
v -0.032142 1.863938 -0.042265
v -0.032155 1.864353 -0.042491
v -0.032153 1.864764 -0.042727
v -0.032134 1.865167 -0.042973
v -0.032064 1.865547 -0.043247
v -0.031993 1.865926 -0.043521
v -0.031871 1.866273 -0.043818
v -0.031740 1.866614 -0.044120
v -0.031507 1.866815 -0.044425
v -0.031149 1.866847 -0.044734
v -0.030792 1.866878 -0.045043
v -0.030435 1.866909 -0.045352
v -0.030077 1.866941 -0.045661
v -0.029720 1.866972 -0.045970
v -0.029362 1.867004 -0.046279
v -0.029005 1.867035 -0.046589
v -0.028647 1.867066 -0.046898
v -0.028290 1.867098 -0.047207
l 8993 8994 8995 8996 8997 8998 8999 9000 9001 9002 9003 9004 9005 9006 9007 9008 9009 9010 9011 9012 9013 9014 9015 9016 9017 9018 9019 9020 9021 9022 9023 9024
v -0.060932 1.841075 0.001703
v -0.062889 1.842755 0.001906
v -0.064743 1.844554 0.001836
v -0.066353 1.846483 0.001285
v -0.067448 1.848423 0.000065
v -0.067840 1.850167 -0.001726
v -0.067579 1.851596 -0.003836
v -0.066874 1.852739 -0.006039
v -0.065917 1.853694 -0.008242
v -0.064832 1.854545 -0.010430
v -0.063692 1.855342 -0.012611
v -0.062459 1.856049 -0.014772
v -0.061025 1.856714 -0.016820
v -0.059528 1.857352 -0.018830
v -0.058021 1.857904 -0.020858
v -0.056505 1.858360 -0.022904
v -0.054950 1.858812 -0.024920
v -0.053305 1.859251 -0.026868
v -0.051628 1.859652 -0.028795
v -0.049888 1.859976 -0.030681
v -0.048120 1.860269 -0.032546
v -0.046319 1.860533 -0.034384
v -0.044500 1.860779 -0.036207
v -0.042633 1.860990 -0.037984
v -0.040736 1.861179 -0.039732
v -0.038806 1.861334 -0.041448
v -0.036846 1.861455 -0.043131
v -0.034879 1.861570 -0.044807
v -0.032858 1.861555 -0.046420
v -0.030819 1.861498 -0.048011
v -0.028767 1.861454 -0.049585
v -0.026644 1.861513 -0.051062
l 9025 9026 9027 9028 9029 9030 9031 9032 9033 9034 9035 9036 9037 9038 9039 9040 9041 9042 9043 9044 9045 9046 9047 9048 9049 9050 9051 9052 9053 9054 9055 9056
v -0.053297 1.849565 -0.008867
v -0.054592 1.851095 -0.008766
v -0.055883 1.852630 -0.008678
v -0.057126 1.854202 -0.008682
v -0.058269 1.855832 -0.008860
v -0.059205 1.857538 -0.009355
v -0.059670 1.859195 -0.010366
v -0.059684 1.860633 -0.011707
v -0.059308 1.861809 -0.013263
v -0.058639 1.862728 -0.014914
v -0.057770 1.863441 -0.016578
v -0.056817 1.864070 -0.018228
v -0.055768 1.864602 -0.019851
v -0.054622 1.864942 -0.021461
v -0.053452 1.865190 -0.023073
v -0.052280 1.865432 -0.024684
v -0.051046 1.865724 -0.026241
v -0.049807 1.866020 -0.027791
v -0.048520 1.866274 -0.029307
v -0.047135 1.866437 -0.030751
v -0.045745 1.866597 -0.032190
v -0.044308 1.866652 -0.033588
v -0.042845 1.866651 -0.034963
v -0.041382 1.866648 -0.036337
v -0.039925 1.866770 -0.037712
v -0.038468 1.866901 -0.039087
v -0.036969 1.866918 -0.040408
v -0.035377 1.866679 -0.041607
v -0.033776 1.866408 -0.042787
v -0.032198 1.866285 -0.044017
v -0.030664 1.866366 -0.045307
v -0.029139 1.866484 -0.046607
l 9057 9058 9059 9060 9061 9062 9063 9064 9065 9066 9067 9068 9069 9070 9071 9072 9073 9074 9075 9076 9077 9078 9079 9080 9081 9082 9083 9084 9085 9086 9087 9088
v -0.048110 1.853116 -0.023076
v -0.048916 1.854353 -0.023090
v -0.049766 1.855556 -0.023017
v -0.050599 1.856772 -0.022972
v -0.051359 1.858030 -0.023052
v -0.051966 1.859340 -0.023359
v -0.052213 1.860600 -0.024067
v -0.052121 1.861685 -0.025015
v -0.051709 1.862545 -0.026114
v -0.051032 1.863167 -0.027268
v -0.050195 1.863609 -0.028401
v -0.049313 1.863991 -0.029521
v -0.048343 1.864202 -0.030602
v -0.047289 1.864219 -0.031635
v -0.046226 1.864206 -0.032661
v -0.045164 1.864193 -0.033686
v -0.044112 1.864276 -0.034719
v -0.043075 1.864454 -0.035755
v -0.042037 1.864631 -0.036791
v -0.040989 1.864785 -0.037819
v -0.039885 1.864802 -0.038793
v -0.038747 1.864732 -0.039732
v -0.037609 1.864661 -0.040671
v -0.036472 1.864591 -0.041610
v -0.035341 1.864617 -0.042560
v -0.034214 1.864665 -0.043512
v -0.033086 1.864713 -0.044464
v -0.031958 1.864760 -0.045417
v -0.030799 1.864720 -0.046325
v -0.029610 1.864595 -0.047192
v -0.028419 1.864464 -0.048055
v -0.027228 1.864334 -0.048918
l 9089 9090 9091 9092 9093 9094 9095 9096 9097 9098 9099 9100 9101 9102 9103 9104 9105 9106 9107 9108 9109 9110 9111 9112 9113 9114 9115 9116 9117 9118 9119 9120
v -0.057489 1.823767 0.059359
v -0.061127 1.826092 0.059065
v -0.063944 1.828418 0.056721
v -0.066214 1.830619 0.053746
v -0.068037 1.832667 0.050379
v -0.069456 1.834659 0.046791
v -0.070519 1.836659 0.043085
v -0.071296 1.838704 0.039332
v -0.071899 1.840736 0.035540
v -0.072349 1.842727 0.031709
v -0.072500 1.844493 0.027750
v -0.072185 1.846419 0.023870
v -0.071787 1.848153 0.019908
v -0.071156 1.849953 0.016005
v -0.070360 1.851758 0.012135
v -0.069446 1.853428 0.008231
v -0.068339 1.854998 0.004336
v -0.066986 1.856529 0.000502
v -0.065459 1.858023 -0.003280
v -0.063811 1.859578 -0.006985
v -0.061863 1.860923 -0.010627
v -0.059789 1.862117 -0.014252
v -0.057576 1.863205 -0.017828
v -0.055102 1.864178 -0.021262
v -0.052559 1.864654 -0.024750
v -0.049861 1.865313 -0.028090
v -0.046934 1.865737 -0.031272
v -0.043853 1.865936 -0.034328
v -0.040707 1.866096 -0.037320
v -0.037481 1.866212 -0.040227
v -0.034085 1.865950 -0.042923
v -0.030678 1.865786 -0.045613
l 9121 9122 9123 9124 9125 9126 9127 9128 9129 9130 9131 9132 9133 9134 9135 9136 9137 9138 9139 9140 9141 9142 9143 9144 9145 9146 9147 9148 9149 9150 9151 9152
v -0.063983 1.833111 0.018660
v -0.066689 1.834895 0.019137
v -0.069274 1.836894 0.018991
v -0.071500 1.839047 0.017972
v -0.072934 1.841151 0.015978
v -0.073477 1.842979 0.013358
v -0.073388 1.844524 0.010487
v -0.072910 1.845877 0.007547
v -0.072196 1.847111 0.004599
v -0.071339 1.848271 0.001659
v -0.070298 1.849377 -0.001241
v -0.069094 1.850474 -0.004083
v -0.067742 1.851532 -0.006870
v -0.066243 1.852522 -0.009609
v -0.064664 1.853442 -0.012328
v -0.063044 1.854316 -0.015037
v -0.061232 1.855158 -0.017628
v -0.059306 1.855956 -0.020155
v -0.057355 1.856604 -0.022704
v -0.055361 1.857187 -0.025237
v -0.053287 1.857775 -0.027703
v -0.051120 1.858257 -0.030111
v -0.048879 1.858607 -0.032474
v -0.046615 1.858992 -0.034810
v -0.044347 1.859423 -0.037135
v -0.041945 1.859664 -0.039346
v -0.039485 1.859817 -0.041505
v -0.037045 1.860104 -0.043671
v -0.034612 1.860434 -0.045840
v -0.032051 1.860525 -0.047878
v -0.029411 1.860449 -0.049816
v -0.026739 1.860515 -0.051711
l 9153 9154 9155 9156 9157 9158 9159 9160 9161 9162 9163 9164 9165 9166 9167 9168 9169 9170 9171 9172 9173 9174 9175 9176 9177 9178 9179 9180 9181 9182 9183 9184
g card_186
v -0.040779 1.857067 0.001893
v -0.041977 1.859169 0.002059
v -0.043166 1.861277 0.002203
v -0.044345 1.863392 0.002324
v -0.045483 1.865534 0.002349
v -0.046572 1.867696 0.002277
v -0.047607 1.869881 0.002091
v -0.048433 1.872088 0.001531
v -0.049066 1.874242 0.000691
v -0.049460 1.876323 -0.000490
v -0.049366 1.878072 -0.002152
v -0.049076 1.879643 -0.003954
v -0.048565 1.881001 -0.005897
v -0.047899 1.882191 -0.007901
v -0.047068 1.883162 -0.009937
v -0.045992 1.883798 -0.012015
v -0.044888 1.884406 -0.014087
v -0.043655 1.884895 -0.016117
v -0.042378 1.885353 -0.018125
v -0.040943 1.885699 -0.020047
v -0.039456 1.886003 -0.021938
v -0.037990 1.886281 -0.023849
v -0.036536 1.886547 -0.025772
v -0.034955 1.886656 -0.027602
v -0.033288 1.886654 -0.029362
v -0.031603 1.886632 -0.031106
v -0.029885 1.886569 -0.032816
v -0.028164 1.886502 -0.034523
v -0.026375 1.886179 -0.036126
v -0.024580 1.885833 -0.037720
v -0.022780 1.885428 -0.039293
v -0.020975 1.884983 -0.040849
l 9185 9186 9187 9188 9189 9190 9191 9192 9193 9194 9195 9196 9197 9198 9199 9200 9201 9202 9203 9204 9205 9206 9207 9208 9209 9210 9211 9212 9213 9214 9215 9216
v -0.044209 1.852296 0.020539
v -0.045871 1.854740 0.020784
v -0.047459 1.857237 0.020802
v -0.048984 1.859773 0.020641
v -0.050456 1.862331 0.020348
v -0.051766 1.864907 0.019701
v -0.052854 1.867436 0.018670
v -0.053669 1.869866 0.017218
v -0.053956 1.871976 0.015154
v -0.053880 1.873770 0.012814
v -0.053585 1.875358 0.010336
v -0.053118 1.876779 0.007776
v -0.052529 1.878085 0.005180
v -0.051713 1.879207 0.002568
v -0.050764 1.880225 -0.000050
v -0.049775 1.881234 -0.002657
v -0.048694 1.882225 -0.005233
v -0.047479 1.883176 -0.007765
v -0.046200 1.884020 -0.010303
v -0.044871 1.884784 -0.012840
v -0.043455 1.885464 -0.015355
v -0.041945 1.886071 -0.017826
v -0.040124 1.886444 -0.020137
v -0.038314 1.886805 -0.022458
v -0.036517 1.887151 -0.024791
v -0.034590 1.887305 -0.027035
v -0.032592 1.887353 -0.029226
v -0.030546 1.887338 -0.031372
v -0.028460 1.887250 -0.033476
v -0.026302 1.886988 -0.035490
v -0.024110 1.886605 -0.037450
v -0.021913 1.886078 -0.039369
l 9217 9218 9219 9220 9221 9222 9223 9224 9225 9226 9227 9228 9229 9230 9231 9232 9233 9234 9235 9236 9237 9238 9239 9240 9241 9242 9243 9244 9245 9246 9247 9248
v -0.054159 1.841084 0.032278
v -0.056911 1.843767 0.032735
v -0.059456 1.846666 0.032525
v -0.061679 1.849669 0.031582
v -0.063304 1.852588 0.029725
v -0.064222 1.855249 0.027126
v -0.064529 1.857603 0.024089
v -0.064412 1.859712 0.020851
v -0.064024 1.861659 0.017530
v -0.063471 1.863506 0.014173
v -0.062819 1.865276 0.010793
v -0.061901 1.866796 0.007354
v -0.060807 1.868270 0.003946
v -0.059617 1.869726 0.000562
v -0.058316 1.871163 -0.002788
v -0.056909 1.872578 -0.006105
v -0.055382 1.873896 -0.009405
v -0.053653 1.875018 -0.012682
v -0.051849 1.876041 -0.015950
v -0.049902 1.876862 -0.019189
v -0.047797 1.877449 -0.022383
v -0.045586 1.877873 -0.025531
v -0.043212 1.878120 -0.028574
v -0.040623 1.878168 -0.031448
v -0.037867 1.878025 -0.034160
v -0.035030 1.877775 -0.036781
v -0.032052 1.877328 -0.039208
v -0.029022 1.876813 -0.041561
v -0.025939 1.876244 -0.043833
v -0.022839 1.875634 -0.046069
v -0.019686 1.874759 -0.048135
v -0.016506 1.873926 -0.050180
l 9249 9250 9251 9252 9253 9254 9255 9256 9257 9258 9259 9260 9261 9262 9263 9264 9265 9266 9267 9268 9269 9270 9271 9272 9273 9274 9275 9276 9277 9278 9279 9280
v -0.029781 1.861713 -0.023273
v -0.030149 1.863046 -0.023502
v -0.030517 1.864379 -0.023731
v -0.030832 1.865713 -0.024022
v -0.031140 1.867047 -0.024322
v -0.031446 1.868381 -0.024623
v -0.031751 1.869715 -0.024925
v -0.032043 1.871049 -0.025240
v -0.032328 1.872383 -0.025562
v -0.032588 1.873715 -0.025909
v -0.032826 1.875046 -0.026278
v -0.033025 1.876370 -0.026685
v -0.033168 1.877686 -0.027146
v -0.033259 1.878985 -0.027652
v -0.033226 1.880243 -0.028269
v -0.033145 1.881471 -0.028923
v -0.032835 1.882560 -0.029748
v -0.032515 1.883640 -0.030580
v -0.032026 1.884563 -0.031515
v -0.031537 1.885486 -0.032449
v -0.030546 1.885475 -0.033402
v -0.029521 1.885404 -0.034356
v -0.028497 1.885333 -0.035310
v -0.027470 1.885226 -0.036255
v -0.026431 1.884977 -0.037162
v -0.025392 1.884728 -0.038069
v -0.024354 1.884478 -0.038977
v -0.023309 1.884231 -0.039878
v -0.022231 1.883994 -0.040741
v -0.021147 1.883758 -0.041597
v -0.020063 1.883523 -0.042453
v -0.018978 1.883288 -0.043310
l 9281 9282 9283 9284 9285 9286 9287 9288 9289 9290 9291 9292 9293 9294 9295 9296 9297 9298 9299 9300 9301 9302 9303 9304 9305 9306 9307 9308 9309 9310 9311 9312
v -0.048155 1.830798 0.066578
v -0.051500 1.833980 0.066743
v -0.054255 1.837034 0.064602
v -0.056384 1.840015 0.061756
v -0.058002 1.842857 0.058465
v -0.059182 1.845621 0.054928
v -0.060021 1.848335 0.051257
v -0.060601 1.851031 0.047523
v -0.061003 1.853732 0.043769
v -0.061197 1.856492 0.040045
v -0.061083 1.859211 0.036289
v -0.060968 1.861582 0.032302
v -0.060598 1.863796 0.028238
v -0.060085 1.865948 0.024157
v -0.059393 1.867979 0.020041
v -0.058546 1.869948 0.015922
v -0.057583 1.871797 0.011776
v -0.056411 1.873477 0.007610
v -0.055080 1.875196 0.003508
v -0.053618 1.876853 -0.000575
v -0.051999 1.878476 -0.004612
v -0.050173 1.880086 -0.008563
v -0.048089 1.881359 -0.012511
v -0.045901 1.882412 -0.016465
v -0.043304 1.883152 -0.020241
v -0.040549 1.883717 -0.023935
v -0.037644 1.884066 -0.027538
v -0.034546 1.884162 -0.030995
v -0.031229 1.884021 -0.034239
v -0.027784 1.883559 -0.037317
v -0.024292 1.882810 -0.040283
v -0.020719 1.881903 -0.043106
l 9313 9314 9315 9316 9317 9318 9319 9320 9321 9322 9323 9324 9325 9326 9327 9328 9329 9330 9331 9332 9333 9334 9335 9336 9337 9338 9339 9340 9341 9342 9343 9344
g card_187
v -0.036817 1.833291 0.075377
v -0.039672 1.837574 0.076322
v -0.042043 1.841744 0.074083
v -0.044011 1.845747 0.071231
v -0.045562 1.849606 0.067954
v -0.046736 1.853302 0.064347
v -0.047576 1.856880 0.060531
v -0.048156 1.860372 0.056590
v -0.048568 1.863804 0.052573
v -0.048760 1.867130 0.048457
v -0.048706 1.870293 0.044208
v -0.048490 1.873219 0.039800
v -0.048042 1.875824 0.035212
v -0.047295 1.878145 0.030511
v -0.046340 1.880289 0.025761
v -0.045307 1.882351 0.020990
v -0.044123 1.884273 0.016197
v -0.042660 1.885956 0.011395
v -0.040863 1.887405 0.006627
v -0.038896 1.888824 0.001916
v -0.036831 1.890246 -0.002745
v -0.034404 1.891398 -0.007312
v -0.031914 1.892607 -0.011820
v -0.029081 1.893249 -0.016250
v -0.025962 1.893832 -0.020493
v -0.022723 1.894187 -0.024671
v -0.019344 1.894234 -0.028750
v -0.015672 1.893999 -0.032552
v -0.011968 1.892787 -0.036142
v -0.008167 1.891506 -0.039605
v -0.004289 1.890054 -0.042911
v -0.000489 1.888007 -0.045985
l 9345 9346 9347 9348 9349 9350 9351 9352 9353 9354 9355 9356 9357 9358 9359 9360 9361 9362 9363 9364 9365 9366 9367 9368 9369 9370 9371 9372 9373 9374 9375 9376
v -0.043077 1.837173 0.065211
v -0.045935 1.841173 0.065945
v -0.048229 1.845338 0.064490
v -0.049938 1.849230 0.061910
v -0.051112 1.852842 0.058701
v -0.051855 1.856231 0.055139
v -0.052293 1.859487 0.051406
v -0.052521 1.862650 0.047576
v -0.052625 1.865755 0.043693
v -0.052660 1.868831 0.039786
v -0.052362 1.871451 0.035570
v -0.051915 1.873869 0.031248
v -0.051197 1.876034 0.026830
v -0.050344 1.878051 0.022365
v -0.049460 1.880014 0.017883
v -0.048324 1.881796 0.013382
v -0.047036 1.883459 0.008876
v -0.045382 1.884912 0.004417
v -0.043722 1.886468 -0.000004
v -0.041884 1.887963 -0.004376
v -0.039689 1.889211 -0.008660
v -0.037446 1.890536 -0.012896
v -0.034690 1.891274 -0.016968
v -0.031735 1.891892 -0.020919
v -0.028631 1.892366 -0.024775
v -0.025346 1.892389 -0.028508
v -0.021923 1.892276 -0.032113
v -0.018382 1.891743 -0.035563
v -0.014757 1.890748 -0.038819
v -0.011107 1.889558 -0.041979
v -0.007408 1.888058 -0.044944
v -0.003666 1.886161 -0.047614
l 9377 9378 9379 9380 9381 9382 9383 9384 9385 9386 9387 9388 9389 9390 9391 9392 9393 9394 9395 9396 9397 9398 9399 9400 9401 9402 9403 9404 9405 9406 9407 9408
v -0.038991 1.849353 0.046586
v -0.040979 1.853147 0.047121
v -0.042757 1.857058 0.046924
v -0.044348 1.860992 0.046189
v -0.045640 1.864820 0.044777
v -0.046512 1.868385 0.042570
v -0.046922 1.871539 0.039663
v -0.046937 1.874248 0.036303
v -0.046652 1.876599 0.032697
v -0.046190 1.878739 0.028980
v -0.045621 1.880751 0.025204
v -0.044907 1.882589 0.021370
v -0.043980 1.884189 0.017470
v -0.042867 1.885618 0.013555
v -0.041515 1.886856 0.009650
v -0.039925 1.887935 0.005786
v -0.038373 1.889164 0.001953
v -0.036668 1.890298 -0.001846
v -0.034711 1.891204 -0.005584
v -0.032723 1.892246 -0.009271
v -0.030602 1.893055 -0.012939
v -0.028254 1.893506 -0.016531
v -0.025705 1.893994 -0.019980
v -0.023094 1.894340 -0.023396
v -0.020403 1.894417 -0.026768
v -0.017527 1.894372 -0.029983
v -0.014539 1.893893 -0.033043
v -0.011540 1.892961 -0.036002
v -0.008451 1.891915 -0.038829
v -0.005289 1.890854 -0.041569
v -0.002208 1.889302 -0.044154
v 0.000944 1.887644 -0.046593
l 9409 9410 9411 9412 9413 9414 9415 9416 9417 9418 9419 9420 9421 9422 9423 9424 9425 9426 9427 9428 9429 9430 9431 9432 9433 9434 9435 9436 9437 9438 9439 9440
g card_188
v -0.073849 1.797686 0.032152
v -0.078865 1.798730 0.032068
v -0.083272 1.800352 0.030034
v -0.086971 1.802137 0.026979
v -0.089623 1.804184 0.023114
v -0.091418 1.806361 0.018844
v -0.092554 1.808658 0.014410
v -0.093187 1.811029 0.009915
v -0.093483 1.813458 0.005414
v -0.093586 1.815899 0.000910
v -0.093123 1.818356 -0.003556
v -0.092102 1.820933 -0.007861
v -0.090726 1.823536 -0.012053
v -0.089197 1.826149 -0.016188
v -0.087414 1.828864 -0.020149
v -0.085464 1.831707 -0.023939
v -0.083597 1.834624 -0.027716
v -0.081224 1.837612 -0.031129
v -0.078660 1.840627 -0.034384
v -0.075860 1.843644 -0.037434
v -0.072952 1.846603 -0.040442
v -0.069871 1.849704 -0.043113
v -0.066687 1.852782 -0.045690
v -0.063354 1.856003 -0.047874
v -0.059917 1.859230 -0.049880
v -0.056307 1.862436 -0.051596
v -0.052578 1.865715 -0.052857
v -0.048628 1.868828 -0.053838
v -0.044531 1.871850 -0.054417
v -0.040045 1.874321 -0.054508
v -0.035458 1.876605 -0.054473
v -0.030750 1.878567 -0.053978
l 9441 9442 9443 9444 9445 9446 9447 9448 9449 9450 9451 9452 9453 9454 9455 9456 9457 9458 9459 9460 9461 9462 9463 9464 9465 9466 9467 9468 9469 9470 9471 9472
g card_189
v -0.072900 1.816665 0.016722
v -0.077226 1.818748 0.016495
v -0.080792 1.821433 0.014781
v -0.083689 1.824325 0.012291
v -0.085414 1.827287 0.008990
v -0.086038 1.830171 0.005234
v -0.085838 1.832930 0.001322
v -0.085054 1.835587 -0.002598
v -0.083863 1.838182 -0.006461
v -0.082421 1.840756 -0.010255
v -0.080748 1.843359 -0.013926
v -0.078764 1.846038 -0.017389
v -0.076638 1.848773 -0.020719
v -0.074356 1.851542 -0.023918
v -0.071951 1.854265 -0.027064
v -0.069415 1.856938 -0.030150
v -0.066739 1.859596 -0.033130
v -0.063885 1.862231 -0.035959
v -0.060857 1.864818 -0.038648
v -0.057637 1.867447 -0.041052
v -0.054167 1.870048 -0.043118
v -0.050493 1.872576 -0.044904
v -0.046648 1.875110 -0.046262
v -0.042553 1.877416 -0.047244
v -0.038233 1.879438 -0.047797
v -0.033837 1.881352 -0.048139
v -0.029345 1.883043 -0.048027
v -0.024832 1.884685 -0.047816
v -0.020295 1.886117 -0.047157
v -0.015762 1.887406 -0.046213
v -0.011209 1.888459 -0.045088
v -0.006687 1.888801 -0.043502
l 9473 9474 9475 9476 9477 9478 9479 9480 9481 9482 9483 9484 9485 9486 9487 9488 9489 9490 9491 9492 9493 9494 9495 9496 9497 9498 9499 9500 9501 9502 9503 9504
v -0.068444 1.816528 0.035023
v -0.072837 1.819019 0.034965
v -0.076460 1.821983 0.033121
v -0.079377 1.825031 0.030366
v -0.081248 1.828054 0.026812
v -0.082249 1.830984 0.022840
v -0.082599 1.833828 0.018692
v -0.082459 1.836609 0.014484
v -0.081963 1.839344 0.010271
v -0.081251 1.842050 0.006068
v -0.080062 1.844710 0.001959
v -0.078365 1.847379 -0.001973
v -0.076498 1.850144 -0.005762
v -0.074551 1.853002 -0.009442
v -0.072488 1.855890 -0.013033
v -0.070257 1.858756 -0.016541
v -0.067814 1.861600 -0.019922
v -0.065188 1.864393 -0.023207
v -0.062378 1.867114 -0.026401
v -0.059298 1.869703 -0.029447
v -0.056011 1.872222 -0.032336
v -0.052465 1.874615 -0.035015
v -0.048653 1.876987 -0.037318
v -0.044630 1.879364 -0.039227
v -0.040315 1.881446 -0.040808
v -0.035751 1.883364 -0.041777
v -0.031103 1.885203 -0.042493
v -0.026308 1.886759 -0.042712
v -0.021496 1.888284 -0.042878
v -0.016636 1.889461 -0.042216
v -0.011771 1.890615 -0.041503
v -0.006876 1.890519 -0.040284
l 9505 9506 9507 9508 9509 9510 9511 9512 9513 9514 9515 9516 9517 9518 9519 9520 9521 9522 9523 9524 9525 9526 9527 9528 9529 9530 9531 9532 9533 9534 9535 9536
v -0.063529 1.839147 -0.018917
v -0.065945 1.841382 -0.019159
v -0.068069 1.843841 -0.019708
v -0.069783 1.846494 -0.020613
v -0.070798 1.849265 -0.021982
v -0.070944 1.851978 -0.023767
v -0.070283 1.854469 -0.025798
v -0.069078 1.856702 -0.027903
v -0.067555 1.858748 -0.029998
v -0.065841 1.860676 -0.032056
v -0.064039 1.862556 -0.034084
v -0.062051 1.864344 -0.036015
v -0.059950 1.866079 -0.037877
v -0.057728 1.867874 -0.039527
v -0.055414 1.869668 -0.041049
v -0.052968 1.871385 -0.042451
v -0.050423 1.873068 -0.043709
v -0.047812 1.874786 -0.044764
v -0.045114 1.876500 -0.045578
v -0.042251 1.877999 -0.046243
v -0.039301 1.879396 -0.046718
v -0.036299 1.880726 -0.047053
v -0.033266 1.881999 -0.047272
v -0.030175 1.883153 -0.047254
v -0.027068 1.884263 -0.047149
v -0.023961 1.885372 -0.047044
v -0.020838 1.886323 -0.046633
v -0.017707 1.887171 -0.046024
v -0.014576 1.888011 -0.045401
v -0.011434 1.888668 -0.044643
v -0.008317 1.888912 -0.043598
v -0.005203 1.889108 -0.042521
l 9537 9538 9539 9540 9541 9542 9543 9544 9545 9546 9547 9548 9549 9550 9551 9552 9553 9554 9555 9556 9557 9558 9559 9560 9561 9562 9563 9564 9565 9566 9567 9568
v -0.067029 1.805589 0.050405
v -0.072569 1.807379 0.049719
v -0.076880 1.809506 0.046332
v -0.080265 1.811802 0.042105
v -0.082857 1.814253 0.037426
v -0.084776 1.816880 0.032523
v -0.086142 1.819650 0.027513
v -0.087049 1.822532 0.022462
v -0.087621 1.825483 0.017400
v -0.087865 1.828481 0.012351
v -0.087327 1.831546 0.007358
v -0.086258 1.834611 0.002449
v -0.084763 1.837651 -0.002362
v -0.082784 1.840687 -0.006999
v -0.080533 1.843842 -0.011430
v -0.078160 1.847130 -0.015698
v -0.075573 1.850468 -0.019799
v -0.072780 1.853850 -0.023726
v -0.069768 1.857151 -0.027558
v -0.066533 1.860393 -0.031256
v -0.063050 1.863588 -0.034765
v -0.059306 1.866704 -0.038068
v -0.055238 1.869896 -0.040878
v -0.050789 1.872919 -0.043267
v -0.046090 1.875971 -0.045066
v -0.041040 1.878713 -0.046332
v -0.035678 1.881071 -0.046922
v -0.030202 1.883224 -0.047096
v -0.024656 1.885190 -0.046911
v -0.019062 1.886872 -0.046172
v -0.013472 1.888353 -0.045073
v -0.007876 1.888983 -0.043353
l 9569 9570 9571 9572 9573 9574 9575 9576 9577 9578 9579 9580 9581 9582 9583 9584 9585 9586 9587 9588 9589 9590 9591 9592 9593 9594 9595 9596 9597 9598 9599 9600
v -0.065557 1.808218 0.052847
v -0.070956 1.810124 0.052175
v -0.075129 1.812308 0.048814
v -0.078403 1.814638 0.044649
v -0.080911 1.817100 0.040048
v -0.082775 1.819719 0.035232
v -0.084115 1.822464 0.030312
v -0.085027 1.825311 0.025352
v -0.085630 1.828227 0.020383
v -0.085896 1.831200 0.015432
v -0.085355 1.834259 0.010548
v -0.084292 1.837301 0.005735
v -0.082926 1.840314 0.000985
v -0.081074 1.843316 -0.003607
v -0.078917 1.846423 -0.007995
v -0.076681 1.849678 -0.012232
v -0.074217 1.852966 -0.016316
v -0.071562 1.856273 -0.020261
v -0.068667 1.859530 -0.024077
v -0.065520 1.862709 -0.027757
v -0.062137 1.865803 -0.031297
v -0.058464 1.868806 -0.034619
v -0.054515 1.871797 -0.037617
v -0.050155 1.874611 -0.040188
v -0.045545 1.877497 -0.042176
v -0.040584 1.880072 -0.043685
v -0.035316 1.882341 -0.044495
v -0.029927 1.884423 -0.044925
v -0.024436 1.886266 -0.044939
v -0.018896 1.887878 -0.044426
v -0.013358 1.889272 -0.043452
v -0.007778 1.889737 -0.041964
l 9601 9602 9603 9604 9605 9606 9607 9608 9609 9610 9611 9612 9613 9614 9615 9616 9617 9618 9619 9620 9621 9622 9623 9624 9625 9626 9627 9628 9629 9630 9631 9632
g card_190
v -0.057321 1.819150 0.063714
v -0.062022 1.821622 0.063219
v -0.065581 1.824059 0.060023
v -0.068405 1.826549 0.056195
v -0.070593 1.829063 0.051982
v -0.072250 1.831620 0.047558
v -0.073478 1.834215 0.043017
v -0.074358 1.836846 0.038415
v -0.074985 1.839514 0.033792
v -0.075313 1.842232 0.029177
v -0.075067 1.845036 0.024602
v -0.074416 1.847865 0.020082
v -0.073434 1.850692 0.015618
v -0.072245 1.853546 0.011224
v -0.070762 1.856462 0.006963
v -0.068947 1.859459 0.002889
v -0.066898 1.862496 -0.001043
v -0.064653 1.865500 -0.004891
v -0.062163 1.868492 -0.008596
v -0.059454 1.871422 -0.012195
v -0.056494 1.874248 -0.015677
v -0.053246 1.876872 -0.019058
v -0.049716 1.879374 -0.022246
v -0.045935 1.881728 -0.025250
v -0.041809 1.883942 -0.027885
v -0.037362 1.885941 -0.030140
v -0.032591 1.887573 -0.031998
v -0.027704 1.889191 -0.033539
v -0.022605 1.890456 -0.034673
v -0.017438 1.891602 -0.035598
v -0.012111 1.892301 -0.035741
v -0.006745 1.892175 -0.035452
l 9633 9634 9635 9636 9637 9638 9639 9640 9641 9642 9643 9644 9645 9646 9647 9648 9649 9650 9651 9652 9653 9654 9655 9656 9657 9658 9659 9660 9661 9662 9663 9664
v -0.061919 1.821185 0.051140
v -0.066416 1.823539 0.050889
v -0.069990 1.826276 0.048546
v -0.072620 1.829044 0.045203
v -0.074435 1.831765 0.041319
v -0.075606 1.834445 0.037167
v -0.076284 1.837114 0.032898
v -0.076592 1.839783 0.028585
v -0.076619 1.842458 0.024265
v -0.076454 1.845140 0.019950
v -0.075661 1.847817 0.015714
v -0.074600 1.850499 0.011529
v -0.073288 1.853214 0.007439
v -0.071666 1.855974 0.003494
v -0.069831 1.858849 -0.000273
v -0.067888 1.861748 -0.003968
v -0.065733 1.864608 -0.007574
v -0.063351 1.867446 -0.011052
v -0.060788 1.870219 -0.014454
v -0.057990 1.872918 -0.017727
v -0.054928 1.875438 -0.020904
v -0.051626 1.877821 -0.023944
v -0.048073 1.880070 -0.026798
v -0.044253 1.882210 -0.029377
v -0.040175 1.884295 -0.031576
v -0.035747 1.886005 -0.033386
v -0.031128 1.887608 -0.034768
v -0.026381 1.889056 -0.035864
v -0.021532 1.890339 -0.036681
v -0.016569 1.891356 -0.037073
v -0.011545 1.892124 -0.037078
v -0.006505 1.891876 -0.036488
l 9665 9666 9667 9668 9669 9670 9671 9672 9673 9674 9675 9676 9677 9678 9679 9680 9681 9682 9683 9684 9685 9686 9687 9688 9689 9690 9691 9692 9693 9694 9695 9696
g card_191
v -0.010284 1.831671 -0.086114
v -0.011896 1.834988 -0.092179
v -0.013932 1.837608 -0.098451
v -0.016350 1.839705 -0.104783
v -0.018828 1.841879 -0.111069
v -0.021121 1.844628 -0.117191
v -0.023172 1.848180 -0.122966
v -0.024995 1.852582 -0.128202
v -0.026618 1.857705 -0.132815
v -0.028035 1.863329 -0.136893
v -0.028699 1.869702 -0.139628
v -0.028246 1.876665 -0.140673
v -0.027101 1.883659 -0.140941
v -0.025331 1.890485 -0.140429
v -0.022987 1.897060 -0.139191
v -0.020258 1.903309 -0.137268
v -0.017289 1.909234 -0.134741
v -0.014048 1.914758 -0.131701
v -0.010598 1.919864 -0.128189
v -0.006735 1.924350 -0.124294
v -0.002455 1.928147 -0.120108
v 0.002064 1.931218 -0.115590
v 0.006744 1.933584 -0.110816
v 0.011541 1.935231 -0.105858
v 0.016359 1.936167 -0.100737
v 0.021281 1.936439 -0.095635
v 0.026267 1.936073 -0.090600
v 0.031111 1.935246 -0.085480
v 0.035823 1.934091 -0.080299
v 0.040268 1.932504 -0.074999
v 0.044544 1.930684 -0.069634
v 0.048617 1.928569 -0.064219
l 9697 9698 9699 9700 9701 9702 9703 9704 9705 9706 9707 9708 9709 9710 9711 9712 9713 9714 9715 9716 9717 9718 9719 9720 9721 9722 9723 9724 9725 9726 9727 9728
g card_192
v -0.004370 1.831132 -0.087413
v -0.004604 1.834009 -0.094277
v -0.004189 1.835736 -0.101504
v -0.003473 1.837466 -0.108711
v -0.002590 1.839717 -0.115751
v -0.001722 1.842776 -0.122477
v -0.001072 1.846781 -0.128708
v -0.000777 1.851702 -0.134269
v -0.000834 1.857338 -0.139116
v -0.001065 1.863375 -0.143460
v -0.001744 1.870387 -0.145346
v -0.002386 1.877749 -0.146253
v -0.003093 1.885095 -0.145671
v -0.003463 1.892472 -0.144757
v -0.003488 1.899597 -0.142690
v -0.003183 1.906581 -0.140134
v -0.002892 1.913222 -0.136800
v -0.002634 1.919649 -0.133052
v -0.002174 1.925700 -0.128747
v -0.001725 1.931358 -0.123932
v -0.001073 1.936469 -0.118565
v -0.000101 1.940966 -0.112717
v 0.001005 1.944664 -0.106357
v 0.002226 1.947449 -0.099567
v 0.003620 1.949321 -0.092501
v 0.004799 1.950268 -0.085215
v 0.006041 1.950472 -0.077879
v 0.007226 1.950072 -0.070540
v 0.007958 1.948968 -0.063215
v 0.008153 1.947228 -0.055979
v 0.008007 1.945056 -0.048858
v 0.007667 1.942250 -0.041970
l 9729 9730 9731 9732 9733 9734 9735 9736 9737 9738 9739 9740 9741 9742 9743 9744 9745 9746 9747 9748 9749 9750 9751 9752 9753 9754 9755 9756 9757 9758 9759 9760
v 0.018294 1.831600 -0.083983
v 0.020343 1.834905 -0.089272
v 0.022931 1.837840 -0.094542
v 0.025883 1.840547 -0.099742
v 0.028927 1.843454 -0.104779
v 0.031844 1.846836 -0.109584
v 0.034436 1.850850 -0.114071
v 0.036608 1.855506 -0.118135
v 0.038407 1.860672 -0.121747
v 0.039934 1.866179 -0.124968
v 0.040958 1.872221 -0.127119
v 0.041523 1.878692 -0.127838
v 0.042002 1.885237 -0.127841
v 0.042446 1.891713 -0.127023
v 0.042816 1.898048 -0.125370
v 0.043094 1.904190 -0.123088
v 0.043237 1.910101 -0.120247
v 0.043220 1.915828 -0.117043
v 0.043079 1.921225 -0.113322
v 0.042602 1.926345 -0.109247
v 0.042121 1.930892 -0.104555
v 0.041356 1.934803 -0.099350
v 0.040451 1.937958 -0.093675
v 0.039235 1.940160 -0.087626
v 0.037768 1.941321 -0.081345
v 0.036220 1.941543 -0.074976
v 0.034392 1.940813 -0.068721
v 0.032466 1.939503 -0.062585
v 0.030137 1.937850 -0.056676
v 0.027548 1.935691 -0.051045
v 0.024780 1.933241 -0.045619
v 0.021872 1.930643 -0.040338
l 9761 9762 9763 9764 9765 9766 9767 9768 9769 9770 9771 9772 9773 9774 9775 9776 9777 9778 9779 9780 9781 9782 9783 9784 9785 9786 9787 9788 9789 9790 9791 9792
v 0.005394 1.830226 -0.087966
v 0.006807 1.833268 -0.094517
v 0.009045 1.835059 -0.101297
v 0.011456 1.836819 -0.108025
v 0.013895 1.839049 -0.114602
v 0.016165 1.842035 -0.120932
v 0.018045 1.845979 -0.126851
v 0.019447 1.850823 -0.132207
v 0.020387 1.856399 -0.136919
v 0.021043 1.862384 -0.141070
v 0.020813 1.869577 -0.142614
v 0.020650 1.876827 -0.143787
v 0.020546 1.884161 -0.143165
v 0.020634 1.891467 -0.142331
v 0.020827 1.898488 -0.140130
v 0.021179 1.905360 -0.137520
v 0.021425 1.911923 -0.134197
v 0.021598 1.918253 -0.130445
v 0.021743 1.924316 -0.126275
v 0.021792 1.929996 -0.121593
v 0.021836 1.935308 -0.116501
v 0.022217 1.939861 -0.110731
v 0.022574 1.943847 -0.104556
v 0.022730 1.946722 -0.097782
v 0.022831 1.948787 -0.090720
v 0.022741 1.949713 -0.083419
v 0.022745 1.949630 -0.076058
v 0.022725 1.948807 -0.068745
v 0.021863 1.946934 -0.061678
v 0.020573 1.944628 -0.054808
v 0.018651 1.941790 -0.048293
v 0.016346 1.938546 -0.042100
l 9793 9794 9795 9796 9797 9798 9799 9800 9801 9802 9803 9804 9805 9806 9807 9808 9809 9810 9811 9812 9813 9814 9815 9816 9817 9818 9819 9820 9821 9822 9823 9824
g card_193
v 0.032629 1.847475 -0.059997
v 0.035867 1.854375 -0.064600
v 0.039037 1.861494 -0.068895
v 0.042189 1.868798 -0.072889
v 0.045403 1.876257 -0.076536
v 0.048701 1.884098 -0.079136
v 0.051996 1.892186 -0.080340
v 0.055209 1.900380 -0.079842
v 0.058026 1.908109 -0.076434
v 0.059664 1.914697 -0.070858
v 0.060384 1.920354 -0.064126
v 0.060236 1.925114 -0.056607
v 0.059307 1.929132 -0.048716
v 0.056472 1.931908 -0.040908
v 0.051464 1.933573 -0.033768
v 0.045359 1.934507 -0.027378
v 0.038272 1.934689 -0.022012
v 0.030664 1.934104 -0.017457
v 0.022775 1.932575 -0.013659
v 0.014597 1.930310 -0.011032
v 0.006349 1.927391 -0.009433
v -0.001689 1.923642 -0.009543
v -0.008995 1.919274 -0.011860
v -0.014741 1.914202 -0.016262
v -0.019516 1.909211 -0.021868
v -0.023906 1.904508 -0.028019
v -0.028015 1.899776 -0.034342
v -0.031773 1.895002 -0.040850
v -0.035214 1.890063 -0.047405
v -0.038277 1.884891 -0.053973
v -0.041169 1.879566 -0.060496
v -0.043736 1.873810 -0.066781
l 9825 9826 9827 9828 9829 9830 9831 9832 9833 9834 9835 9836 9837 9838 9839 9840 9841 9842 9843 9844 9845 9846 9847 9848 9849 9850 9851 9852 9853 9854 9855 9856
g card_194
v -0.041808 1.850348 -0.047666
v -0.043693 1.854070 -0.049514
v -0.045581 1.857812 -0.051315
v -0.047475 1.861599 -0.053018
v -0.049376 1.865396 -0.054687
v -0.051282 1.869199 -0.056337
v -0.053216 1.873056 -0.057824
v -0.055166 1.876945 -0.059187
v -0.057154 1.880915 -0.060239
v -0.059172 1.884950 -0.060716
v -0.061211 1.889032 -0.060788
v -0.063124 1.892874 -0.059320
v -0.064880 1.896527 -0.057360
v -0.066150 1.899619 -0.054254
v -0.067075 1.902299 -0.050731
v -0.067725 1.904651 -0.046874
v -0.066601 1.905658 -0.042654
v -0.065197 1.906412 -0.038378
v -0.063275 1.907143 -0.034320
v -0.061145 1.907879 -0.030352
v -0.058620 1.908568 -0.026638
v -0.055625 1.909194 -0.023254
v -0.052489 1.909747 -0.019993
v -0.048984 1.910031 -0.017094
v -0.045333 1.910225 -0.014368
v -0.041402 1.910215 -0.012067
v -0.037323 1.910165 -0.010024
v -0.033043 1.909973 -0.008479
v -0.028640 1.909698 -0.007314
v -0.024159 1.909257 -0.006619
v -0.019648 1.908624 -0.006348
v -0.015165 1.907799 -0.006355
l 9857 9858 9859 9860 9861 9862 9863 9864 9865 9866 9867 9868 9869 9870 9871 9872 9873 9874 9875 9876 9877 9878 9879 9880 9881 9882 9883 9884 9885 9886 9887 9888
g card_195
v 0.004913 1.866558 -0.026991
v 0.005542 1.874787 -0.028541
v 0.006081 1.883023 -0.030080
v 0.006527 1.891267 -0.031606
v 0.006641 1.899507 -0.033216
v 0.006407 1.907721 -0.034902
v 0.005776 1.915904 -0.036675
v 0.003791 1.923801 -0.038700
v 0.000758 1.931223 -0.040867
v -0.003528 1.938056 -0.043201
v -0.009881 1.942723 -0.045960
v -0.016789 1.946300 -0.048893
v -0.024231 1.948613 -0.052019
v -0.031843 1.949815 -0.055331
v -0.039166 1.949417 -0.058946
v -0.045828 1.946411 -0.063068
v -0.052090 1.942661 -0.067203
v -0.057499 1.937585 -0.071134
v -0.062431 1.931794 -0.074590
v -0.066744 1.925185 -0.077449
v -0.070192 1.917843 -0.079555
v -0.073057 1.910125 -0.081164
v -0.075193 1.902094 -0.082325
v -0.076474 1.893847 -0.083137
v -0.076363 1.885471 -0.083415
v -0.074756 1.877265 -0.083628
v -0.071664 1.869475 -0.083840
v -0.067528 1.862182 -0.083959
v -0.062311 1.855648 -0.083409
v -0.056205 1.850202 -0.081754
v -0.049381 1.846473 -0.078736
v -0.042204 1.844499 -0.074898
l 9889 9890 9891 9892 9893 9894 9895 9896 9897 9898 9899 9900 9901 9902 9903 9904 9905 9906 9907 9908 9909 9910 9911 9912 9913 9914 9915 9916 9917 9918 9919 9920
g card_196
v 0.002269 1.851135 -0.066399
v 0.002208 1.851476 -0.066603
v 0.002113 1.851815 -0.066795
v 0.001989 1.852150 -0.066977
v 0.001852 1.852485 -0.067153
v 0.001698 1.852818 -0.067316
v 0.001525 1.853147 -0.067468
v 0.001302 1.853460 -0.067584
v 0.001034 1.853745 -0.067659
v 0.000733 1.854007 -0.067701
v 0.000401 1.854233 -0.067702
v 0.000057 1.854441 -0.067685
v -0.000292 1.854637 -0.067657
v -0.000647 1.854823 -0.067619
v -0.001008 1.854987 -0.067562
v -0.001373 1.855144 -0.067498
v -0.001738 1.855300 -0.067434
v -0.002102 1.855456 -0.067369
v -0.002467 1.855613 -0.067305
v -0.002831 1.855769 -0.067241
v -0.003196 1.855926 -0.067178
v -0.003561 1.856087 -0.067126
v -0.003925 1.856250 -0.067081
v -0.004290 1.856413 -0.067036
v -0.004654 1.856576 -0.066990
v -0.005019 1.856739 -0.066945
v -0.005383 1.856902 -0.066900
v -0.005748 1.857065 -0.066854
v -0.006112 1.857228 -0.066809
v -0.006477 1.857391 -0.066764
v -0.006842 1.857554 -0.066718
v -0.007206 1.857717 -0.066673
l 9921 9922 9923 9924 9925 9926 9927 9928 9929 9930 9931 9932 9933 9934 9935 9936 9937 9938 9939 9940 9941 9942 9943 9944 9945 9946 9947 9948 9949 9950 9951 9952
v 0.030583 1.842059 -0.068595
v 0.031081 1.843171 -0.069501
v 0.031504 1.844343 -0.070367
v 0.031779 1.845585 -0.071191
v 0.031705 1.846906 -0.071875
v 0.031133 1.848196 -0.072274
v 0.030084 1.849245 -0.072297
v 0.028746 1.849878 -0.071978
v 0.027346 1.850213 -0.071494
v 0.025939 1.850440 -0.070971
v 0.024527 1.850633 -0.070445
v 0.023110 1.850808 -0.069930
v 0.021689 1.850976 -0.069421
v 0.020262 1.851190 -0.068949
v 0.018830 1.851465 -0.068526
v 0.017397 1.851750 -0.068113
v 0.015963 1.852035 -0.067703
v 0.014509 1.852313 -0.067366
v 0.013056 1.852598 -0.067029
v 0.011617 1.852942 -0.066688
v 0.010194 1.853344 -0.066343
v 0.008772 1.853756 -0.066006
v 0.007357 1.854213 -0.065701
v 0.005949 1.854712 -0.065428
v 0.004541 1.855211 -0.065155
v 0.003133 1.855710 -0.064882
v 0.001725 1.856210 -0.064608
v 0.000320 1.856722 -0.064344
v -0.001058 1.857323 -0.064145
v -0.002428 1.857953 -0.063966
v -0.003803 1.858578 -0.063811
v -0.005201 1.859170 -0.063843
l 9953 9954 9955 9956 9957 9958 9959 9960 9961 9962 9963 9964 9965 9966 9967 9968 9969 9970 9971 9972 9973 9974 9975 9976 9977 9978 9979 9980 9981 9982 9983 9984
v 0.027469 1.854682 -0.050845
v 0.027948 1.855793 -0.051457
v 0.028482 1.856866 -0.052090
v 0.028446 1.858120 -0.052582
v 0.027747 1.859248 -0.052774
v 0.026617 1.859966 -0.052701
v 0.025353 1.860417 -0.052534
v 0.024057 1.860764 -0.052345
v 0.022752 1.861076 -0.052152
v 0.021444 1.861378 -0.051959
v 0.020136 1.861676 -0.051768
v 0.018827 1.861974 -0.051578
v 0.017518 1.862271 -0.051388
v 0.016209 1.862569 -0.051198
v 0.014900 1.862867 -0.051008
v 0.013591 1.863164 -0.050818
v 0.012277 1.863478 -0.050708
v 0.010967 1.863819 -0.050743
v 0.009657 1.864165 -0.050803
v 0.008348 1.864510 -0.050863
v 0.007066 1.864945 -0.050935
v 0.005792 1.865402 -0.051011
v 0.004528 1.865865 -0.051170
v 0.003278 1.866332 -0.051407
v 0.002029 1.866800 -0.051651
v 0.000788 1.867288 -0.051893
v -0.000439 1.867815 -0.052129
v -0.001664 1.868344 -0.052364
v -0.002890 1.868873 -0.052600
v -0.004114 1.869375 -0.052899
v -0.005327 1.869832 -0.053293
v -0.006541 1.870288 -0.053689
l 9985 9986 9987 9988 9989 9990 9991 9992 9993 9994 9995 9996 9997 9998 9999 10000 10001 10002 10003 10004 10005 10006 10007 10008 10009 10010 10011 10012 10013 10014 10015 10016
v -0.003782 1.859648 -0.050531
v -0.003764 1.860036 -0.050696
v -0.003746 1.860424 -0.050861
v -0.003704 1.860810 -0.051026
v -0.003645 1.861194 -0.051192
v -0.003588 1.861578 -0.051359
v -0.003538 1.861962 -0.051525
v -0.003487 1.862347 -0.051691
v -0.003444 1.862733 -0.051858
v -0.003403 1.863118 -0.052025
v -0.003366 1.863504 -0.052192
v -0.003338 1.863891 -0.052360
v -0.003310 1.864278 -0.052527
v -0.003303 1.864665 -0.052696
v -0.003297 1.865052 -0.052864
v -0.003311 1.865438 -0.053033
v -0.003344 1.865823 -0.053202
v -0.003384 1.866208 -0.053371
v -0.003482 1.866583 -0.053538
v -0.003580 1.866959 -0.053704
v -0.003719 1.867321 -0.053867
v -0.003876 1.867679 -0.054028
v -0.004098 1.867981 -0.054167
v -0.004474 1.868153 -0.054253
v -0.004850 1.868325 -0.054340
v -0.005226 1.868496 -0.054426
v -0.005602 1.868668 -0.054512
v -0.005978 1.868840 -0.054599
v -0.006354 1.869012 -0.054685
v -0.006730 1.869183 -0.054771
v -0.007106 1.869355 -0.054858
v -0.007482 1.869527 -0.054944
l 10017 10018 10019 10020 10021 10022 10023 10024 10025 10026 10027 10028 10029 10030 10031 10032 10033 10034 10035 10036 10037 10038 10039 10040 10041 10042 10043 10044 10045 10046 10047 10048
v 0.010863 1.863213 -0.038727
v 0.011307 1.864227 -0.039017
v 0.011976 1.865101 -0.039244
v 0.012763 1.865905 -0.039441
v 0.013472 1.866775 -0.039665
v 0.014078 1.867709 -0.039921
v 0.014542 1.868703 -0.040210
v 0.014822 1.869756 -0.040536
v 0.014624 1.870818 -0.040912
v 0.014111 1.871745 -0.041273
v 0.013364 1.872524 -0.041607
v 0.012423 1.873108 -0.041894
v 0.011405 1.873563 -0.042146
v 0.010347 1.873925 -0.042370
v 0.009258 1.874213 -0.042571
v 0.008169 1.874500 -0.042773
v 0.007084 1.874785 -0.042994
v 0.006024 1.875054 -0.043329
v 0.004964 1.875322 -0.043667
v 0.003905 1.875602 -0.043997
v 0.002847 1.875901 -0.044314
v 0.001790 1.876204 -0.044629
v 0.000740 1.876520 -0.044956
v -0.000299 1.876855 -0.045299
v -0.001338 1.877190 -0.045643
v -0.002376 1.877525 -0.045986
v -0.003418 1.877849 -0.046330
v -0.004475 1.878113 -0.046680
v -0.005532 1.878378 -0.047029
v -0.006589 1.878642 -0.047379
v -0.007646 1.878906 -0.047728
v -0.008702 1.879171 -0.048078
l 10049 10050 10051 10052 10053 10054 10055 10056 10057 10058 10059 10060 10061 10062 10063 10064 10065 10066 10067 10068 10069 10070 10071 10072 10073 10074 10075 10076 10077 10078 10079 10080
v 0.012236 1.856544 -0.055295
v 0.011863 1.857081 -0.055467
v 0.011420 1.857556 -0.055595
v 0.010847 1.857913 -0.055643
v 0.010282 1.858281 -0.055699
v 0.009721 1.858655 -0.055759
v 0.009159 1.859027 -0.055824
v 0.008594 1.859393 -0.055887
v 0.008021 1.859748 -0.055950
v 0.007433 1.860076 -0.056008
v 0.006836 1.860391 -0.056062
v 0.006218 1.860663 -0.056107
v 0.005596 1.860926 -0.056150
v 0.004967 1.861173 -0.056188
v 0.004336 1.861416 -0.056223
v 0.003704 1.861655 -0.056257
v 0.003086 1.861930 -0.056256
v 0.002469 1.862207 -0.056253
v 0.001851 1.862484 -0.056250
v 0.001233 1.862759 -0.056249
v 0.000613 1.863030 -0.056254
v -0.000007 1.863301 -0.056260
v -0.000627 1.863572 -0.056265
v -0.001247 1.863843 -0.056270
v -0.001855 1.864122 -0.056374
v -0.002461 1.864402 -0.056484
v -0.003068 1.864681 -0.056594
v -0.003674 1.864961 -0.056704
v -0.004280 1.865241 -0.056814
v -0.004887 1.865520 -0.056924
v -0.005493 1.865800 -0.057034
v -0.006100 1.866079 -0.057144
l 10081 10082 10083 10084 10085 10086 10087 10088 10089 10090 10091 10092 10093 10094 10095 10096 10097 10098 10099 10100 10101 10102 10103 10104 10105 10106 10107 10108 10109 10110 10111 10112
v 0.008932 1.844339 -0.074618
v 0.010115 1.849256 -0.078771
v 0.011344 1.854191 -0.082889
v 0.012633 1.859133 -0.086980
v 0.014083 1.864034 -0.091067
v 0.015870 1.868852 -0.095112
v 0.018115 1.873524 -0.099067
v 0.021241 1.877881 -0.102817
v 0.026085 1.881050 -0.105691
v 0.031788 1.883074 -0.107679
v 0.038220 1.883794 -0.108645
v 0.044510 1.882479 -0.107510
v 0.050483 1.880599 -0.105761
v 0.056036 1.878217 -0.103359
v 0.060163 1.875225 -0.099266
v 0.063812 1.872281 -0.094705
v 0.066628 1.869363 -0.089602
v 0.068603 1.866566 -0.084031
v 0.068187 1.864025 -0.078052
v 0.065862 1.862141 -0.072310
v 0.062117 1.861184 -0.067053
v 0.057255 1.860670 -0.062766
v 0.051810 1.860366 -0.059158
v 0.046169 1.860720 -0.055862
v 0.040284 1.861153 -0.053055
v 0.034159 1.861806 -0.050860
v 0.027878 1.862864 -0.049397
v 0.021564 1.864014 -0.048117
v 0.015243 1.865374 -0.047362
v 0.008961 1.867136 -0.047801
v 0.002854 1.869132 -0.048980
v -0.003098 1.871308 -0.050611
l 10113 10114 10115 10116 10117 10118 10119 10120 10121 10122 10123 10124 10125 10126 10127 10128 10129 10130 10131 10132 10133 10134 10135 10136 10137 10138 10139 10140 10141 10142 10143 10144
g card_197
v -0.024636 1.839289 0.075211
v -0.025751 1.843269 0.076003
v -0.026721 1.847154 0.074640
v -0.027605 1.850845 0.072770
v -0.028390 1.854343 0.070524
v -0.029073 1.857655 0.067981
v -0.029670 1.860794 0.065207
v -0.030219 1.863761 0.062240
v -0.030737 1.866591 0.059136
v -0.031144 1.869244 0.055878
v -0.031304 1.871490 0.052297
v -0.031288 1.873534 0.048596
v -0.031344 1.875293 0.044747
v -0.031262 1.876908 0.040842
v -0.031313 1.878149 0.036796
v -0.031321 1.879283 0.032719
v -0.031205 1.880312 0.028615
v -0.030983 1.881315 0.024509
v -0.030671 1.882307 0.020407
v -0.030247 1.883145 0.016280
v -0.029702 1.883998 0.012171
v -0.029089 1.884669 0.008038
v -0.028371 1.885241 0.003906
v -0.027554 1.885709 -0.000219
v -0.026709 1.885883 -0.004362
v -0.025724 1.885843 -0.008478
v -0.024685 1.885591 -0.012573
v -0.023537 1.885102 -0.016617
v -0.022278 1.884467 -0.020608
v -0.020928 1.883538 -0.024510
v -0.019491 1.882344 -0.028307
v -0.017978 1.881011 -0.032029
l 10145 10146 10147 10148 10149 10150 10151 10152 10153 10154 10155 10156 10157 10158 10159 10160 10161 10162 10163 10164 10165 10166 10167 10168 10169 10170 10171 10172 10173 10174 10175 10176
v -0.021508 1.864266 0.005964
v -0.021975 1.866160 0.006079
v -0.022440 1.868055 0.006184
v -0.022902 1.869952 0.006272
v -0.023356 1.871852 0.006321
v -0.023805 1.873753 0.006348
v -0.024231 1.875658 0.006262
v -0.024635 1.877557 0.006076
v -0.025005 1.879447 0.005746
v -0.025285 1.881254 0.005085
v -0.025513 1.882994 0.004255
v -0.025567 1.884436 0.002937
v -0.025540 1.885658 0.001444
v -0.025422 1.886634 -0.000244
v -0.025231 1.887385 -0.002035
v -0.024981 1.887969 -0.003862
v -0.024526 1.888007 -0.005762
v -0.024075 1.888020 -0.007663
v -0.023646 1.887874 -0.009564
v -0.023218 1.887725 -0.011465
v -0.022714 1.887549 -0.013344
v -0.022167 1.887356 -0.015210
v -0.021617 1.887109 -0.017068
v -0.021061 1.886741 -0.018904
v -0.020498 1.886354 -0.020735
v -0.019881 1.885950 -0.022544
v -0.019236 1.885535 -0.024342
v -0.018593 1.884989 -0.026098
v -0.017955 1.884265 -0.027797
v -0.017308 1.883548 -0.029495
v -0.016612 1.882872 -0.031191
v -0.015897 1.882213 -0.032886
l 10177 10178 10179 10180 10181 10182 10183 10184 10185 10186 10187 10188 10189 10190 10191 10192 10193 10194 10195 10196 10197 10198 10199 10200 10201 10202 10203 10204 10205 10206 10207 10208
v -0.014846 1.866331 -0.012079
v -0.015096 1.867560 -0.012179
v -0.015347 1.868790 -0.012280
v -0.015589 1.870018 -0.012409
v -0.015829 1.871246 -0.012548
v -0.016068 1.872474 -0.012689
v -0.016307 1.873701 -0.012833
v -0.016544 1.874929 -0.012983
v -0.016777 1.876155 -0.013148
v -0.017009 1.877381 -0.013315
v -0.017229 1.878602 -0.013527
v -0.017449 1.879823 -0.013739
v -0.017648 1.881032 -0.014024
v -0.017841 1.882239 -0.014328
v -0.018005 1.883419 -0.014724
v -0.018146 1.884578 -0.015195
v -0.018257 1.885695 -0.015746
v -0.018301 1.886720 -0.016475
v -0.018342 1.887737 -0.017215
v -0.018322 1.888641 -0.018091
v -0.018302 1.889544 -0.018967
v -0.017987 1.889515 -0.020097
v -0.017612 1.889294 -0.021278
v -0.017236 1.889073 -0.022459
v -0.016851 1.888764 -0.023611
v -0.016448 1.888294 -0.024707
v -0.016045 1.887822 -0.025802
v -0.015642 1.887350 -0.026897
v -0.015226 1.886905 -0.027998
v -0.014792 1.886498 -0.029107
v -0.014357 1.886092 -0.030217
v -0.013923 1.885685 -0.031326
l 10209 10210 10211 10212 10213 10214 10215 10216 10217 10218 10219 10220 10221 10222 10223 10224 10225 10226 10227 10228 10229 10230 10231 10232 10233 10234 10235 10236 10237 10238 10239 10240
v -0.025971 1.846141 0.066346
v -0.027005 1.849744 0.067460
v -0.027956 1.853520 0.067197
v -0.028798 1.857157 0.066056
v -0.029484 1.860471 0.064115
v -0.030051 1.863438 0.061641
v -0.030506 1.866117 0.058834
v -0.030844 1.868569 0.055809
v -0.031077 1.870843 0.052637
v -0.031242 1.872998 0.049379
v -0.031329 1.874774 0.045907
v -0.031264 1.876368 0.042337
v -0.031282 1.877617 0.038639
v -0.031323 1.878702 0.034882
v -0.031285 1.879709 0.031104
v -0.031146 1.880623 0.027305
v -0.030916 1.881589 0.023523
v -0.030591 1.882443 0.019721
v -0.030183 1.883235 0.015914
v -0.029695 1.884045 0.012119
v -0.029132 1.884640 0.008297
v -0.028468 1.885175 0.004481
v -0.027725 1.885640 0.000670
v -0.026957 1.885852 -0.003158
v -0.026080 1.885874 -0.006968
v -0.025144 1.885727 -0.010762
v -0.024143 1.885395 -0.014527
v -0.023046 1.884875 -0.018244
v -0.021844 1.884263 -0.021915
v -0.020575 1.883247 -0.025470
v -0.019219 1.882139 -0.028967
v -0.017824 1.880843 -0.032382
l 10241 10242 10243 10244 10245 10246 10247 10248 10249 10250 10251 10252 10253 10254 10255 10256 10257 10258 10259 10260 10261 10262 10263 10264 10265 10266 10267 10268 10269 10270 10271 10272
v -0.027173 1.860308 0.023591
v -0.027899 1.862712 0.023818
v -0.028607 1.865129 0.023896
v -0.029296 1.867552 0.023841
v -0.029965 1.869976 0.023656
v -0.030569 1.872364 0.023128
v -0.031083 1.874637 0.022227
v -0.031478 1.876732 0.020921
v -0.031644 1.878396 0.019033
v -0.031639 1.879676 0.016876
v -0.031533 1.880722 0.014591
v -0.031347 1.881581 0.012228
v -0.031103 1.882304 0.009825
v -0.030726 1.882806 0.007389
v -0.030285 1.883201 0.004938
v -0.029819 1.883484 0.002476
v -0.029338 1.883740 0.000015
v -0.028802 1.883898 -0.002444
v -0.028234 1.883993 -0.004898
v -0.027660 1.883963 -0.007353
v -0.027083 1.883887 -0.009806
v -0.026423 1.883755 -0.012236
v -0.025736 1.883564 -0.014654
v -0.025035 1.883217 -0.017050
v -0.024312 1.882812 -0.019431
v -0.023498 1.882492 -0.021796
v -0.022664 1.882086 -0.024136
v -0.021846 1.881249 -0.026370
v -0.020980 1.880511 -0.028616
v -0.020024 1.879959 -0.030883
v -0.019075 1.879231 -0.033098
v -0.018170 1.878165 -0.035193
l 10273 10274 10275 10276 10277 10278 10279 10280 10281 10282 10283 10284 10285 10286 10287 10288 10289 10290 10291 10292 10293 10294 10295 10296 10297 10298 10299 10300 10301 10302 10303 10304
g card_198
v -0.012961 1.864330 0.022381
v -0.013505 1.866992 0.022805
v -0.014045 1.869658 0.023214
v -0.014580 1.872327 0.023610
v -0.015104 1.875013 0.023877
v -0.015614 1.877709 0.024008
v -0.016109 1.880415 0.023999
v -0.016533 1.883079 0.023466
v -0.016884 1.885604 0.022531
v -0.017157 1.887984 0.021180
v -0.017229 1.889780 0.019102
v -0.017227 1.891311 0.016840
v -0.017151 1.892571 0.014396
v -0.017005 1.893569 0.011838
v -0.016728 1.894258 0.009213
v -0.016311 1.894618 0.006518
v -0.015953 1.894895 0.003806
v -0.015586 1.895139 0.001091
v -0.015152 1.895305 -0.001619
v -0.014694 1.895417 -0.004329
v -0.014246 1.895407 -0.007042
v -0.013758 1.895327 -0.009746
v -0.013182 1.895119 -0.012427
v -0.012588 1.894795 -0.015092
v -0.011963 1.894347 -0.017732
v -0.011209 1.893826 -0.020325
v -0.010405 1.893174 -0.022872
v -0.009634 1.892263 -0.025347
v -0.008858 1.891276 -0.027793
v -0.008036 1.890211 -0.030193
v -0.007197 1.889061 -0.032545
v -0.006331 1.887765 -0.034810
l 10305 10306 10307 10308 10309 10310 10311 10312 10313 10314 10315 10316 10317 10318 10319 10320 10321 10322 10323 10324 10325 10326 10327 10328 10329 10330 10331 10332 10333 10334 10335 10336
v -0.018283 1.855352 0.053056
v -0.019092 1.858996 0.053981
v -0.019849 1.862722 0.054502
v -0.020565 1.866492 0.054701
v -0.021230 1.870266 0.054561
v -0.021787 1.873989 0.053774
v -0.022130 1.877362 0.051996
v -0.022317 1.880285 0.049562
v -0.022388 1.882759 0.046639
v -0.022387 1.884830 0.043399
v -0.022363 1.886529 0.039949
v -0.022341 1.888061 0.036422
v -0.022285 1.889279 0.032785
v -0.022158 1.890183 0.029049
v -0.021973 1.891027 0.025301
v -0.021692 1.891815 0.021547
v -0.021359 1.892564 0.017789
v -0.020982 1.893252 0.014025
v -0.020503 1.893779 0.010245
v -0.019968 1.894274 0.006468
v -0.019398 1.894636 0.002684
v -0.018809 1.894837 -0.001112
v -0.018136 1.894963 -0.004896
v -0.017348 1.894822 -0.008657
v -0.016487 1.894478 -0.012390
v -0.015543 1.893955 -0.016080
v -0.014462 1.893174 -0.019686
v -0.013317 1.892182 -0.023220
v -0.012120 1.890873 -0.026626
v -0.010890 1.889313 -0.029919
v -0.009651 1.887591 -0.033127
v -0.008387 1.885735 -0.036249
l 10337 10338 10339 10340 10341 10342 10343 10344 10345 10346 10347 10348 10349 10350 10351 10352 10353 10354 10355 10356 10357 10358 10359 10360 10361 10362 10363 10364 10365 10366 10367 10368
v -0.010917 1.840357 0.078214
v -0.011698 1.844297 0.080233
v -0.012396 1.848728 0.080474
v -0.012971 1.853113 0.079677
v -0.013407 1.857313 0.078138
v -0.013709 1.861287 0.076062
v -0.013879 1.865030 0.073581
v -0.013965 1.868569 0.070811
v -0.014020 1.871943 0.067842
v -0.014069 1.875216 0.064760
v -0.013869 1.877893 0.061164
v -0.013601 1.880236 0.057338
v -0.013355 1.882321 0.053364
v -0.013121 1.884203 0.049289
v -0.012982 1.885925 0.045138
v -0.013011 1.887301 0.040860
v -0.012977 1.888652 0.036573
v -0.012841 1.889777 0.032223
v -0.012616 1.890900 0.027876
v -0.012290 1.891924 0.023511
v -0.011921 1.892835 0.019124
v -0.011596 1.893782 0.014741
v -0.011165 1.894599 0.010342
v -0.010554 1.895202 0.005930
v -0.009997 1.895711 0.001498
v -0.009420 1.896042 -0.002948
v -0.008816 1.896191 -0.007400
v -0.008142 1.896084 -0.011843
v -0.007324 1.895641 -0.016241
v -0.006358 1.894912 -0.020570
v -0.005200 1.893765 -0.024760
v -0.004049 1.892255 -0.028835
l 10369 10370 10371 10372 10373 10374 10375 10376 10377 10378 10379 10380 10381 10382 10383 10384 10385 10386 10387 10388 10389 10390 10391 10392 10393 10394 10395 10396 10397 10398 10399 10400
v -0.014811 1.861213 0.036548
v -0.015452 1.864333 0.037122
v -0.016091 1.867469 0.037597
v -0.016727 1.870621 0.037961
v -0.017355 1.873790 0.038153
v -0.017956 1.876959 0.037953
v -0.018512 1.880053 0.037307
v -0.019009 1.883020 0.036140
v -0.019339 1.885449 0.034026
v -0.019531 1.887433 0.031515
v -0.019613 1.889063 0.028730
v -0.019591 1.890355 0.025762
v -0.019503 1.891463 0.022723
v -0.019311 1.892321 0.019619
v -0.019016 1.892934 0.016454
v -0.018705 1.893489 0.013281
v -0.018353 1.894005 0.010105
v -0.017863 1.894428 0.006934
v -0.017398 1.894768 0.003750
v -0.016959 1.895002 0.000552
v -0.016438 1.895181 -0.002637
v -0.015874 1.895265 -0.005822
v -0.015257 1.895110 -0.008996
v -0.014632 1.894895 -0.012164
v -0.013922 1.894525 -0.015298
v -0.013064 1.893940 -0.018362
v -0.012164 1.893259 -0.021396
v -0.011230 1.892408 -0.024368
v -0.010221 1.891161 -0.027179
v -0.009235 1.889880 -0.029983
v -0.008260 1.888550 -0.032768
v -0.007201 1.886981 -0.035390
l 10401 10402 10403 10404 10405 10406 10407 10408 10409 10410 10411 10412 10413 10414 10415 10416 10417 10418 10419 10420 10421 10422 10423 10424 10425 10426 10427 10428 10429 10430 10431 10432
v -0.009140 1.850300 0.066900
v -0.009740 1.853897 0.068526
v -0.010258 1.857745 0.069394
v -0.010705 1.861692 0.069671
v -0.011037 1.865594 0.069136
v -0.011241 1.869275 0.067699
v -0.011328 1.872587 0.065499
v -0.011301 1.875503 0.062776
v -0.011180 1.878058 0.059709
v -0.011014 1.880333 0.056433
v -0.010830 1.882465 0.053063
v -0.010668 1.884234 0.049497
v -0.010580 1.885718 0.045793
v -0.010582 1.887020 0.042019
v -0.010550 1.888238 0.038216
v -0.010457 1.889319 0.034374
v -0.010298 1.890332 0.030515
v -0.010054 1.891351 0.026662
v -0.009732 1.892200 0.022774
v -0.009431 1.893056 0.018885
v -0.009125 1.893888 0.014992
v -0.008735 1.894616 0.011086
v -0.008253 1.895230 0.007171
v -0.007798 1.895764 0.003240
v -0.007325 1.896149 -0.000704
v -0.006848 1.896405 -0.004660
v -0.006368 1.896536 -0.008621
v -0.005724 1.896406 -0.012556
v -0.005181 1.896084 -0.016497
v -0.004296 1.895448 -0.020331
v -0.003391 1.894507 -0.024104
v -0.002469 1.893279 -0.027788
l 10433 10434 10435 10436 10437 10438 10439 10440 10441 10442 10443 10444 10445 10446 10447 10448 10449 10450 10451 10452 10453 10454 10455 10456 10457 10458 10459 10460 10461 10462 10463 10464
v -0.002587 1.866977 0.012394
v -0.002586 1.869007 0.012586
v -0.002586 1.871038 0.012773
v -0.002583 1.873070 0.012944
v -0.002579 1.875103 0.013096
v -0.002573 1.877139 0.013223
v -0.002561 1.879176 0.013289
v -0.002546 1.881215 0.013321
v -0.002516 1.883249 0.013191
v -0.002482 1.885278 0.013010
v -0.002417 1.887252 0.012500
v -0.002340 1.889163 0.011842
v -0.002228 1.890911 0.010799
v -0.002095 1.892469 0.009525
v -0.001940 1.893828 0.008013
v -0.001773 1.894997 0.006357
v -0.001600 1.896087 0.004643
v -0.001414 1.896403 0.002651
v -0.001226 1.896650 0.000636
v -0.001025 1.896855 -0.001383
v -0.000823 1.897054 -0.003403
v -0.000622 1.897203 -0.005426
v -0.000424 1.897315 -0.007453
v -0.000214 1.897395 -0.009480
v 0.000028 1.897394 -0.011504
v 0.000271 1.897377 -0.013529
v 0.000520 1.897210 -0.015546
v 0.000772 1.897024 -0.017560
v 0.001088 1.896738 -0.019555
v 0.001427 1.896414 -0.021539
v 0.001802 1.895958 -0.023489
v 0.002204 1.895400 -0.025409
l 10465 10466 10467 10468 10469 10470 10471 10472 10473 10474 10475 10476 10477 10478 10479 10480 10481 10482 10483 10484 10485 10486 10487 10488 10489 10490 10491 10492 10493 10494 10495 10496
g card_199
v 0.002301 1.840677 0.079667
v 0.002813 1.844526 0.081612
v 0.003357 1.848834 0.081688
v 0.003796 1.853078 0.080879
v 0.004250 1.857149 0.079437
v 0.004678 1.861006 0.077488
v 0.005126 1.864624 0.075128
v 0.005581 1.868006 0.072442
v 0.006031 1.871184 0.069518
v 0.006473 1.874228 0.066451
v 0.006988 1.876821 0.063007
v 0.007409 1.879100 0.059335
v 0.007732 1.881148 0.055519
v 0.007997 1.883079 0.051638
v 0.008197 1.884808 0.047659
v 0.008412 1.886425 0.043634
v 0.008566 1.887824 0.039526
v 0.008819 1.889145 0.035396
v 0.009090 1.890344 0.031231
v 0.009403 1.891451 0.027043
v 0.009670 1.892418 0.022818
v 0.009950 1.893306 0.018576
v 0.010200 1.894077 0.014309
v 0.010330 1.894627 0.010003
v 0.010318 1.894896 0.005669
v 0.010538 1.895266 0.001348
v 0.010938 1.895609 -0.002963
v 0.010995 1.895531 -0.007305
v 0.010783 1.895081 -0.011619
v 0.010756 1.894545 -0.015928
v 0.011239 1.893871 -0.020191
v 0.011784 1.892818 -0.024369
l 10497 10498 10499 10500 10501 10502 10503 10504 10505 10506 10507 10508 10509 10510 10511 10512 10513 10514 10515 10516 10517 10518 10519 10520 10521 10522 10523 10524 10525 10526 10527 10528
