# File exported by Houdini 21.0.596 (www.sidefx.com)
# 2603 points
# 14898 vertices
# 4966 primitives
# Bounds: [-0.081068404, 1.6702553, -0.103487894] to [0.081068404, 1.86826944, 0.0971083269]
g 
v -0.0263194386 1.76555252 -0.0983615071
v -0.0255645867 1.79153585 -0.0979852006
v -1.38963823e-11 1.77052677 -0.103062168
v -0.0787529498 1.75450385 0.00241173082
v -0.0760481656 1.74659944 0.0200730078
v -0.0779289827 1.77041078 0.0128577147
v -0.0746122748 1.7638402 0.0310224071
v -0.0747553185 1.73092604 0.0233031996
v -0.0768865123 1.7367897 0.00703074504
v -0.0748540908 1.72532535 0.0101286946
v -0.0740066543 1.71578741 0.00978842843
v -0.0655396804 1.76476622 -0.0731122494
v -0.0488008745 1.76174843 -0.0880519748
v -0.0605400018 1.74125803 -0.067610845
v -0.0322090946 1.73983037 -0.0874577761
v -0.0363613069 1.71423507 -0.0692483485
v -1.34298423e-11 1.7449677 -0.0960066319
v -3.11609744e-12 1.81976652 -0.09436813
v -0.0204360392 1.81821704 -0.0911002383
v -6.4714087e-13 1.83677971 -0.0834211484
v -0.0242051166 1.83832014 -0.0759671554
v -0.0612733513 1.83162022 -0.0494153723
v -0.046224542 1.83492303 -0.0655000657
v -0.0664432198 1.81234312 -0.0592295788
v -0.0476846471 1.81327009 -0.0800123364
v -0.0577647574 1.84435046 0.00303986017
v -0.0587897412 1.84450078 -0.0211962815
v -0.0727562904 1.82477677 -0.00625781994
v -0.0698194653 1.82827318 -0.0301569626
v -0.0399682671 1.8574909 -0.0250742305
v -0.0359519832 1.85881579 0.00933595002
v -0.014603544 1.86532903 0.0122878002
v -0.0176142696 1.86490142 -0.0243566707
v -1.39613147e-11 1.86789048 -0.0184985287
v 3.94509208e-12 1.86614585 0.0202959869
v 9.02712627e-12 1.79741848 -0.101415984
v -0.068864435 1.78650391 -0.0676735565
v -0.0498722456 1.78469932 -0.0879941285
v -0.0785974339 1.7987659 0.00607416453
v -0.0792086199 1.80425429 -0.0158229265
v -0.0803271383 1.77667689 -0.00484429114
v -0.0807712078 1.78088534 -0.023411708
v -0.0780562535 1.78368771 -0.0454370007
v -0.0760413334 1.80879939 -0.0383138135
v -0.0757415071 1.79207075 0.0261789169
v -0.0713661611 1.81914365 0.0197650529
v -0.0688980445 1.80997038 0.0411360413
v 2.05681262e-12 1.85718584 -0.0560501181
v -0.0256288014 1.85427618 -0.0530694015
v -0.0541544855 1.84527016 -0.0382161625
v -0.0441973135 1.8485142 -0.0487465039
v -0.0726156682 1.73816586 -0.0473007709
v -0.0619542934 1.71557963 -0.0435027331
v -0.0750319585 1.73776805 -0.033610899
v -0.0571424775 1.69690514 -0.0336873643
v -0.0379134715 1.69713175 -0.0548818633
v -5.66649956e-11 1.71850932 -0.0812455192
v 4.60146587e-10 1.6978724 -0.0669736713
v -0.0761927739 1.75871944 -0.0507891476
v 0.0101388758 1.82172894 0.0915899351
v 0.0219332203 1.82089233 0.089489229
v 0.0101549365 1.84145021 0.0774081945
v 0.0235224776 1.83991647 0.0750003755
v 0.0748540089 1.72532535 0.0101286685
v 0.0740099251 1.71578753 0.00978944171
v -2.35144647e-11 1.81854188 0.0940290391
v 1.07694383e-11 1.83847308 0.0817523226
v 0.0655396804 1.76476622 -0.0731114745
v 0.0605400018 1.74125803 -0.0676098391
v 0.0488008745 1.76174843 -0.0880511925
v 0.0322090946 1.73983037 -0.087457031
v 0.0363613069 1.71423507 -0.069247514
v 0.0263194405 1.76555252 -0.0983613282
v 0.0204360392 1.81821704 -0.0911002383
v 0.0242051166 1.83832014 -0.0759671554
v 0.0476846471 1.81327009 -0.0800123438
v 0.046224542 1.83492303 -0.0655000731
v 0.0664432198 1.81234312 -0.0592294931
v 0.0612733513 1.83162022 -0.0494153798
v 0.0359519832 1.85881579 0.00933604408
v 0.014603544 1.86532903 0.0122878952
v 0.0329525471 1.85128748 0.0505535863
v 0.0128077492 1.85749745 0.0510188155
v -2.59412999e-12 1.85622501 0.0584280081
v 0.0577647574 1.84435046 0.00303985551
v 0.0727562904 1.82477677 -0.00625772635
v 0.0587897412 1.84450078 -0.0211962871
v 0.0698194653 1.82827318 -0.0301568713
v 0.0399682671 1.8574909 -0.0250741523
v 0.0176142696 1.86490142 -0.0243561976
v 0.0255645886 1.79153585 -0.097985208
v 0.068864435 1.78650391 -0.0676732883
v 0.0498722456 1.78469932 -0.0879939571
v 0.0807712078 1.78088534 -0.0234113447
v 0.0792086199 1.80425429 -0.0158224665
v 0.0803271383 1.77667689 -0.00484411418
v 0.0785974339 1.7987659 0.00607425626
v 0.0760413334 1.80879939 -0.0383136347
v 0.0780562609 1.78368771 -0.0454363599
v 0.0800737888 1.76167691 -0.0297653433
v 0.0750319585 1.73776805 -0.0336098932
v 0.0761927739 1.75871944 -0.05078822
v 0.0726156682 1.73816586 -0.0472997688
v 0.0768865123 1.7367897 0.00703074224
v 0.0747553185 1.73092604 0.0233032014
v 0.0757415071 1.79207075 0.0261789151
v 0.0746122748 1.7638402 0.0310224071
v 0.0779289827 1.77041078 0.0128577081
v 0.0256288014 1.8542763 -0.0530693047
v 0.0441973135 1.8485142 -0.0487465076
v 0.0541544855 1.84527016 -0.0382161662
v 0.0314925388 1.83689594 0.07524129
v 0.0300359651 1.82024217 0.087317273
v 0.0619542934 1.71557963 -0.0435017198
v 0.0379134715 1.69713175 -0.0548809394
v 0.0571424775 1.69690514 -0.0336865373
v 0.0713661611 1.81914365 0.0197650492
v 0.0555466376 1.83786786 0.0381277986
v 0.0462676547 1.83339095 0.0661400035
v 0.0545912273 1.82649314 0.062293835
v 0.0612233393 1.8199563 0.0547244847
v 0.0688980445 1.80997038 0.0411360413
v 0.0374588817 1.83550096 0.0730651915
v 0.0589712635 1.80771947 0.0681244284
v 0.0663118884 1.79745221 0.0566833727
v 0.0513140596 1.81372905 0.0758415908
v 0.0437392443 1.81730473 0.0811647326
v 0.0364860855 1.81932116 0.0848415941
v -0.0101388758 1.82172883 0.0915899351
v -0.0101549365 1.84145021 0.0774081945
v -0.0219332203 1.82089221 0.089489229
v -0.0235224776 1.83991647 0.0750003755
v -0.0128077492 1.85749745 0.0510188155
v -0.0300359651 1.82024217 0.087317273
v -0.0314925388 1.83689594 0.0752412826
v -0.0374588855 1.83550096 0.0730651915
v -0.0364860892 1.81932116 0.0848415941
v -0.0555466376 1.83786786 0.0381278023
v -0.0329525471 1.85128748 0.0505535863
v -0.0462676547 1.83339095 0.0661400035
v -0.0545912273 1.82649314 0.062293835
v -0.0612233393 1.8199563 0.0547244847
v -0.0589712635 1.80771947 0.0681244284
v -0.0663118809 1.79745221 0.0566833727
v -0.0513140596 1.81372905 0.0758415908
v -0.0437392443 1.81730473 0.0811647326
v 0.0787529498 1.75450397 0.00241188169
v 0.0760481656 1.74659944 0.0200730059
v 0.080992572 1.76318312 -0.0134150069
v -0.0800737888 1.76167691 -0.0297662616
v -0.0809925795 1.76318312 -0.0134157427
v -0.0722015202 1.70435655 0.0101532079
v 0.0722243488 1.70435357 0.0101592047
v -0.043369554 1.67298937 -0.0380157754
v -0.0486349836 1.68417561 -0.0364458151
v -0.0281026773 1.68470955 -0.0538442582
v -0.0251612235 1.6721164 -0.051304888
v -2.78334884e-08 1.68281329 -0.0602808036
v 9.32242585e-07 1.6702553 -0.0574083738
v 0.0433695205 1.67298937 -0.0380149819
v 0.0486349836 1.68417561 -0.0364449844
v 0.0281026587 1.68470955 -0.05384342
v 0.0251621362 1.6721164 -0.0513042361
v 0.0720188469 1.78277504 0.0429486185
v -0.0720188469 1.78277504 0.0429486185
v -0.0130151482 1.76650488 -0.101429246
v -0.0128050754 1.77942669 -0.102320857
v -0.0256454311 1.77833009 -0.0993494466
v -0.0783633515 1.76095092 0.00768374233
v -0.0770042017 1.7575618 0.0165525563
v -0.0773350745 1.75002599 0.0112718716
v -0.0764069632 1.76722503 0.0219358802
v -0.0753807575 1.75436831 0.0259106662
v -0.0755151063 1.73371899 0.0143094752
v -0.0763337314 1.74096942 0.0134612033
v -0.075231418 1.73786473 0.022152368
v -0.0775061324 1.74542129 0.00651244214
v -0.0745170712 1.72288907 0.0153946467
v -0.0739214718 1.71766818 0.0155112362
v -0.0745692477 1.72104871 0.00969913602
v -0.0644396022 1.75488377 -0.0709484369
v -0.054181207 1.75235593 -0.0803989619
v -0.0577897467 1.76337314 -0.0810553133
v -0.0468706228 1.73990917 -0.0795882419
v -0.0422264338 1.75243163 -0.0887058079
v -0.049987372 1.72662592 -0.0684329495
v -0.0351633616 1.72644424 -0.0784365684
v -0.0159984287 1.74076641 -0.0925042927
v -0.014070387 1.75381494 -0.0982398167
v -0.0286790263 1.7528857 -0.0944663659
v 6.16575064e-12 1.75779939 -0.100685827
v -1.49218068e-11 1.82707536 -0.0903693736
v -0.0116490563 1.82946825 -0.0874417275
v -0.00820957962 1.81928003 -0.0936622173
v -0.0121710356 1.83918476 -0.0795154721
v -0.0240769256 1.82878447 -0.083962895
v -0.0641861334 1.82289231 -0.0545136109
v -0.0570612848 1.82430208 -0.0639536008
v -0.0546937399 1.83332586 -0.0578384884
v -0.0589071326 1.81352246 -0.0694078058
v -0.0479102433 1.82551312 -0.0725507587
v -0.0663331747 1.83478427 -0.00127761473
v -0.0659132078 1.83630407 -0.014258313
v -0.0581323244 1.84533334 -0.0109791514
v -0.0718692765 1.82672584 -0.0186669249
v -0.0643508285 1.83726716 -0.0256993417
v -0.0508699343 1.85136914 -0.0220362265
v -0.0484759621 1.85323536 -0.0093385512
v -0.0374557041 1.85943437 -0.00815003738
v -0.0473565273 1.85255873 0.00652532
v -0.0246911757 1.8629272 0.0112955188
v -0.0262597091 1.86367095 -0.00717616873
v -0.0158501957 1.86626065 -0.00680210814
v -0.0282448418 1.86217535 -0.0240852963
v -0.00805793796 1.86671972 -0.0237712562
v -0.00707573304 1.86774266 -0.0057029319
v 8.24627953e-12 1.86806798 0.000138334173
v -0.00654394506 1.86650503 0.0138428304
v -1.88363283e-11 1.78366029 -0.103389472
v -0.0127275223 1.79287815 -0.101033531
v -0.068090789 1.77401125 -0.0704320893
v -0.0595338941 1.7747252 -0.0805873796
v -0.0604897477 1.78722525 -0.0783423483
v -0.0492202044 1.77220392 -0.0891184807
v -0.0798026249 1.78751004 7.99668487e-05
v -0.0803923532 1.79023969 -0.00972287823
v -0.0792899057 1.80166614 -0.00478812912
v -0.0808760375 1.77919912 -0.0137607949
v -0.080339767 1.79254019 -0.0199215095
v -0.0773973092 1.79651284 -0.0420883596
v -0.0794970915 1.79458904 -0.0308576282
v -0.079948701 1.78226984 -0.0341800749
v -0.0782656074 1.80660343 -0.0271059368
v -0.0499641374 1.79799139 -0.0847874284
v -0.0601696223 1.80062711 -0.0744990259
v -0.0680874512 1.79978716 -0.0638330728
v -0.0118386047 1.80672193 -0.097703822
v 1.47764075e-11 1.81103623 -0.097547181
v -0.0246221125 1.80507958 -0.0948097259
v -0.0749345869 1.72797143 0.0149682509
v -0.0755087361 1.72968829 0.00888103805
v -0.0745072439 1.72506666 0.0241117366
v -0.0772167221 1.78136683 0.0190776885
v -0.0755559653 1.77779198 0.0280723013
v -0.0786757916 1.78451741 0.00969205238
v -0.0792657062 1.77356243 0.00394126726
v -0.0773200095 1.79564309 0.0165131558
v -0.0759735107 1.80918527 0.0127536515
v -0.0745460093 1.80575693 0.0238576625
v -0.0700078458 1.81523144 0.0313562602
v -0.0729614943 1.80151224 0.0336416848
v -0.0769034773 1.81481946 -0.0112189008
v -0.0768922791 1.81219053 0.00079895783
v -0.072498098 1.82223248 0.00680662924
v -0.0736265481 1.81916142 -0.0343312137
v -0.0758838356 1.81707573 -0.0230134744
v 1.12497052e-11 1.84634948 -0.0733515397
v -0.0120762214 1.84848046 -0.0686557367
v -0.0143631035 1.85628235 -0.0551396124
v -0.0238284525 1.84717703 -0.0656878129
v -0.0576576181 1.83928514 -0.0438551605
v -0.0520626754 1.84111989 -0.0508002341
v -0.0491161086 1.8476342 -0.0430663005
v -0.0446503796 1.84305131 -0.0569435544
v -0.0739158466 1.73726666 -0.0413600504
v -0.0702377185 1.72494757 -0.0361628532
v -0.0692908317 1.72972405 -0.0454807542
v -0.0659348592 1.71278429 -0.0320990719
v -0.0095854206 1.86295974 -0.0405738018
v -0.0202058535 1.8609581 -0.0400970541
v -3.02208918e-11 1.86506748 -0.0360052548
v -0.0361032598 1.85165393 -0.0505920872
v -0.0309226532 1.85820234 -0.0390886702
v -0.040653348 1.8540349 -0.0400780998
v -0.0349294506 1.84518111 -0.0619165786
v -0.0358273908 1.83658886 -0.0715824664
v -0.0365038849 1.82706022 -0.0792836696
v -0.0333207138 1.81673694 -0.0868181288
v -0.0382015891 1.78993273 -0.0936042443
v -0.0375731438 1.80341303 -0.0902106613
v -0.0389685668 1.76450741 -0.093864724
v -0.038121406 1.77696121 -0.0950900912
v -0.0616699234 1.83802068 -0.0357263498
v -0.0558423251 1.84584808 -0.0302553251
v -0.0663315579 1.82983935 -0.0403919071
v -0.0615007542 1.72700548 -0.0556946658
v -0.0691380128 1.73886895 -0.054200422
v -0.0505661219 1.71437085 -0.0576853268
v -0.0495558977 1.69707894 -0.0441663563
v -0.0494517609 1.70465291 -0.050053712
v -0.0583829023 1.70434296 -0.0382339358
v -0.0362002477 1.70463884 -0.0615970418
v -0.0477353074 1.85176659 -0.0335056223
v -0.0178576633 1.72727156 -0.0847816542
v -4.06604507e-11 1.73152959 -0.0891409889
v -0.0189536512 1.71492279 -0.0766678005
v -0.0193344075 1.70518303 -0.0695683733
v 1.38503417e-10 1.70790589 -0.0740212947
v -0.022722004 1.69747269 -0.0631237179
v -0.0712882355 1.76174068 -0.0635147244
v -0.0704873428 1.75025785 -0.0593791977
v -0.0743098632 1.74581599 -0.0488295183
v -0.0780085847 1.77155375 -0.0479930453
v -0.0742688924 1.77254558 -0.0593872704
v -0.0745657906 1.78510034 -0.0566293187
v -0.0736504868 1.79825807 -0.0530384965
v -0.0720834881 1.81073904 -0.0489444919
v -0.069721818 1.8211478 -0.0447596386
v -0.0627927408 1.70366657 -0.0288924798
v 0.0100160735 1.83149862 0.0857241377
v 0.0162104927 1.83093476 0.0847396329
v 0.0161099322 1.82132208 0.0906370059
v 0.0168612842 1.84072423 0.0763375238
v 0.0222920068 1.83036888 0.0835583135
v 0.0745693967 1.72104871 0.00969918165
v 0.0739221424 1.71766818 0.0155114476
v 0.0745169744 1.72288907 0.0153946159
v 4.70704118e-12 1.82816327 0.0890791789
v 0.00473339204 1.83125734 0.0868067741
v 0.00486401841 1.82136738 0.0924889371
v 0.0046350928 1.84138584 0.078681387
v 0.0577897467 1.76337314 -0.0810545012
v 0.054181207 1.75235593 -0.0803979859
v 0.0644396022 1.75488377 -0.0709474757
v 0.0422264338 1.75243163 -0.0887049809
v 0.0468706228 1.73990917 -0.0795872733
v 0.0351633616 1.72644424 -0.0784357488
v 0.049987372 1.72662592 -0.068431966
v 0.0286790263 1.7528857 -0.0944658741
v 0.014070387 1.75381494 -0.0982396603
v 0.0159984287 1.74076641 -0.0925039425
v 0.0130151482 1.766505 -0.101429217
v 0.00820957962 1.81928003 -0.0936622173
v 0.0116490563 1.82946825 -0.0874417275
v 0.0240769256 1.82878447 -0.083962895
v 0.0121710356 1.83918476 -0.0795154721
v 0.0589071326 1.81352246 -0.0694077909
v 0.0570612848 1.82430208 -0.0639536008
v 0.047910247 1.82551312 -0.0725507587
v 0.0641861334 1.82289231 -0.0545135923
v 0.0546937399 1.83332586 -0.0578384921
v 0.0346732438 1.85642838 0.0282869507
v 0.0235811379 1.86022341 0.0310710669
v 0.0246911757 1.8629272 0.0112956641
v 0.0216632541 1.85582197 0.0497365557
v 0.0139123863 1.86241221 0.0322980583
v -8.00418759e-12 1.86227238 0.0407770872
v 0.00628792681 1.86330676 0.0342628174
v 0.00570961833 1.85802019 0.053006798
v 0.00654394506 1.86650503 0.0138428519
v 0.0581323244 1.84533334 -0.0109791569
v 0.0659132078 1.83630407 -0.0142582934
v 0.0663331747 1.83478427 -0.00127761147
v 0.0643508211 1.83726716 -0.025699323
v 0.071869269 1.82672584 -0.0186667815
v 0.0374557041 1.85943437 -0.00814989489
v 0.0484759621 1.85323536 -0.00933853351
v 0.0473565273 1.85255873 0.00652533909
v 0.0508699343 1.85136914 -0.0220362265
v 0.0158501957 1.86626065 -0.00680178357
v 0.0262597091 1.86367095 -0.00717584556
v 0.0282448418 1.86217535 -0.0240849759
v 0.00707573304 1.86774266 -0.00570279127
v 0.00805793796 1.86671972 -0.0237709526
v -4.08374262e-13 1.84811127 0.0717876703
v 0.00495623006 1.85056412 0.0677363947
v 0.0111965705 1.85040307 0.06613563
v 0.0256454311 1.77833009 -0.0993494242
v 0.0128050754 1.77942669 -0.102320865
v 0.0127275223 1.79287815 -0.101033531
v 0.0604897477 1.78722525 -0.078342177
v 0.0595338941 1.7747252 -0.0805868879
v 0.068090789 1.77401125 -0.0704315752
v 0.0492202044 1.77220392 -0.0891179889
v 0.0808760375 1.77919912 -0.0137604903
v 0.0803923532 1.79023969 -0.00972254574
v 0.080339767 1.79254019 -0.0199211501
v 0.0798026249 1.78751004 8.01123679e-05
v 0.0792899132 1.80166602 -0.00478781248
v 0.0782656074 1.80660343 -0.0271056015
v 0.0794970915 1.79458904 -0.0308573209
v 0.0773973092 1.79651284 -0.042088002
v 0.079948701 1.78226984 -0.0341795608
v 0.0601696223 1.80062711 -0.0744989887
v 0.0680874512 1.79978716 -0.0638329163
v 0.0499641374 1.79799139 -0.0847874135
v 0.0118386047 1.80672193 -0.097703822
v 0.0246221125 1.80507958 -0.0948097259
v 0.0789126083 1.7600925 -0.0391981304
v 0.0769263506 1.74847889 -0.0405068956
v 0.0784114003 1.75161982 -0.0325792246
v 0.0743098632 1.74581599 -0.0488285199
v 0.0739158466 1.73726666 -0.0413590483
v 0.0755087137 1.72968829 0.00888103154
v 0.0749345645 1.72797143 0.0149682453
v 0.0755151138 1.73371899 0.0143094761
v 0.0745072067 1.72506666 0.0241117254
v 0.0772167221 1.78136683 0.0190776847
v 0.0764069632 1.76722515 0.0219358765
v 0.0755559653 1.77779198 0.0280723013
v 0.0773200095 1.79564309 0.0165131595
v 0.0786757916 1.78451729 0.00969206914
v 0.0792657062 1.77356243 0.00394130219
v 0.0758838356 1.81707573 -0.0230131578
v 0.0736265481 1.81916142 -0.0343310684
v 0.0769034773 1.81481946 -0.0112185823
v 0.0120762214 1.84848046 -0.0686557218
v 0.0238284525 1.84717703 -0.065687798
v 0.0143631035 1.85628235 -0.0551394708
v 0.0520626754 1.84111989 -0.0508002378
v 0.0446503796 1.84305131 -0.0569435582
v 0.0576576181 1.83928514 -0.0438551605
v 0.0491161086 1.8476342 -0.0430663042
v 0.0305332914 1.82937062 0.08158236
v 0.0270281788 1.82990599 0.0824333876
v 0.0285305493 1.83887088 0.0743196383
v 0.0265127625 1.82055044 0.088378638
v 0.0692908317 1.72972405 -0.0454797521
v 0.0702377185 1.72494757 -0.0361618474
v 0.0659348592 1.71278429 -0.032098081
v 0.0095854206 1.86295974 -0.0405735001
v 0.0202058535 1.8609581 -0.04009673
v 0.0188695155 1.8493526 0.0648242533
v 0.026588589 1.84771562 0.0638212934
v 0.0309226532 1.85820234 -0.0390885249
v 0.0361032598 1.85165393 -0.0505920649
v 0.040653348 1.8540349 -0.0400780812
v 0.0358273908 1.83658886 -0.0715824738
v 0.0349294506 1.84518123 -0.0619165748
v 0.0333207175 1.81673694 -0.0868181363
v 0.0365038849 1.82706022 -0.079283677
v 0.0375731438 1.80341303 -0.0902106687
v 0.0382015854 1.78993273 -0.0936042294
v 0.038121406 1.77696121 -0.0950899124
v 0.0389685668 1.76450741 -0.0938642174
v 0.0663315579 1.82983935 -0.0403918922
v 0.0616699234 1.83802068 -0.0357263498
v 0.0558423251 1.84584808 -0.0302553289
v 0.0691380128 1.73886895 -0.0541994162
v 0.0615007542 1.72700548 -0.0556936525
v 0.0505661219 1.71437085 -0.0576843396
v 0.0362002477 1.70463896 -0.061596185
v 0.0494517609 1.70465291 -0.0500527173
v 0.0495558977 1.69707906 -0.0441653728
v 0.0583829023 1.70434296 -0.0382329486
v 0.0477353074 1.85176671 -0.0335056186
v 0.0178576633 1.72727156 -0.0847811997
v 0.0189536512 1.71492279 -0.0766673163
v 0.0193344094 1.70518303 -0.0695678741
v 0.0227220058 1.69747269 -0.0631230772
v 0.0704873428 1.75025785 -0.0593782105
v 0.0712882355 1.76174068 -0.0635138825
v 0.074565798 1.78510034 -0.056628827
v 0.0742688924 1.77254558 -0.0593866259
v 0.0780085847 1.77155375 -0.0479922257
v 0.0720834881 1.81073904 -0.0489443503
v 0.0736504942 1.79825807 -0.0530381575
v 0.069721818 1.8211478 -0.0447596014
v 0.0798386782 1.77100062 -0.0369424447
v 0.0807269514 1.77076554 -0.0265671201
v 0.0627927408 1.70366657 -0.0288916323
v 0.072498098 1.82223248 0.0068066488
v 0.0657775179 1.8324064 0.0128997844
v 0.0646359622 1.82910812 0.0270965751
v 0.0568564758 1.84210443 0.0188642833
v 0.0460922197 1.85040498 0.0240552016
v 0.0439462066 1.84747398 0.0421673208
v 0.0493628494 1.83853161 0.0536730662
v 0.0549446419 1.83254087 0.0535772443
v 0.0512404218 1.83014834 0.0633383095
v 0.0598556288 1.82765126 0.0482897945
v 0.0578015521 1.82472742 0.0578052513
v 0.0745460093 1.80575693 0.0238576606
v 0.0759735033 1.80918527 0.012753671
v 0.0729614943 1.80151224 0.0336416848
v 0.0700078458 1.81523144 0.0313562602
v 0.0768922791 1.81219053 0.000799101486
v 0.0317425504 1.84422731 0.0665959641
v 0.0364185348 1.84294832 0.0649004877
v 0.0342479683 1.83754671 0.0731029287
v 0.0642846525 1.82379305 0.0391581059
v 0.064483501 1.81679964 0.0484097041
v 0.0601448938 1.8145076 0.0617401302
v 0.0639154986 1.80974638 0.0563049763
v 0.0627530664 1.80320394 0.062842451
v 0.0677558109 1.80370557 0.049585335
v 0.056449376 1.818138 0.0660951585
v 0.0551390313 1.81114471 0.0723948553
v 0.0527982526 1.82091451 0.0695481747
v 0.0446701832 1.82556629 0.0751749873
v 0.0489029959 1.82343578 0.0724366605
v 0.0475371256 1.81572485 0.0787268803
v 0.0404990464 1.82709539 0.0775903985
v 0.0410158634 1.83561766 0.069607459
v 0.0399854183 1.81849563 0.0832099915
v 0.0368285663 1.8282181 0.0792755708
v 0.0335912444 1.82892132 0.080546312
v 0.0332352892 1.81985629 0.0861798078
v 0.0419095308 1.84279311 0.05803499
v -0.0161099322 1.82132208 0.0906370059
v -0.0162104927 1.83093476 0.0847396329
v -0.0100160735 1.8314985 0.0857241377
v -0.0222920086 1.83036888 0.0835583135
v -0.0168612842 1.84072423 0.0763375238
v -0.00486401841 1.82136726 0.0924889371
v -0.00473339204 1.83125734 0.0868067741
v -0.0046350928 1.84138584 0.078681387
v -0.00628792681 1.86330676 0.0342628211
v -0.0139123863 1.86241221 0.0322980545
v -0.00570961833 1.85802019 0.053006798
v -0.00495623006 1.85056412 0.0677363947
v -0.0111965705 1.85040307 0.06613563
v -0.0265127625 1.82055044 0.088378638
v -0.0270281807 1.82990599 0.0824333876
v -0.0305332933 1.82937062 0.08158236
v -0.0285305493 1.83887088 0.0743196383
v -0.0342479683 1.83754671 0.0731029212
v -0.0335912444 1.82892132 0.080546312
v -0.0368285663 1.8282181 0.0792755708
v -0.0332352929 1.81985629 0.0861798078
v -0.0646359622 1.82910812 0.027096577
v -0.0657775179 1.8324064 0.0128997881
v -0.0568564758 1.84210443 0.0188642871
v -0.0216632541 1.85582197 0.0497365594
v -0.0235811379 1.86022341 0.0310710464
v -0.0346732438 1.85642838 0.0282869302
v -0.0460922197 1.85040498 0.0240551978
v -0.0439462066 1.84747386 0.0421673208
v -0.0188695155 1.8493526 0.0648242533
v -0.026588589 1.84771562 0.0638212934
v -0.0512404218 1.83014834 0.0633383095
v -0.0549446419 1.83254075 0.0535772443
v -0.0493628494 1.83853149 0.0536730662
v -0.0578015521 1.82472742 0.0578052513
v -0.0598556288 1.82765114 0.0482897945
v -0.0642846525 1.82379293 0.0391581059
v -0.064483501 1.81679964 0.0484097041
v -0.0627530664 1.80320394 0.062842451
v -0.0639154986 1.80974638 0.0563049763
v -0.0601448901 1.8145076 0.0617401302
v -0.0677558035 1.80370557 0.049585335
v -0.056449376 1.818138 0.0660951585
v -0.0527982526 1.82091451 0.0695481747
v -0.0551390313 1.81114471 0.0723948553
v -0.0475371256 1.81572485 0.0787268803
v -0.0489029959 1.82343578 0.0724366605
v -0.0446701869 1.82556629 0.0751749873
v -0.0399854183 1.81849563 0.0832099915
v -0.0404990502 1.82709539 0.0775903985
v -0.0410158671 1.83561766 0.069607459
v -0.0317425504 1.84422731 0.0665959641
v -0.0364185348 1.84294832 0.0649004877
v -0.0419095308 1.84279311 0.0580349937
v 0.0773350745 1.75002599 0.0112718763
v 0.0770042017 1.7575618 0.0165525526
v 0.0783633515 1.76095092 0.00768375956
v 0.0753807575 1.75436831 0.0259106662
v 0.0775061324 1.74542129 0.00651246263
v 0.0763337314 1.74096942 0.0134612005
v 0.0752314255 1.73786473 0.022152368
v 0.0796754286 1.76480925 -0.000761869713
v 0.0807046518 1.76829779 -0.00888652261
v 0.0802135095 1.76026297 -0.00577031495
v 0.081068404 1.77024412 -0.0172696989
v 0.0808920786 1.7634275 -0.021326622
v -0.0769263506 1.74847889 -0.040507894
v -0.0789126083 1.7600925 -0.0391990989
v -0.0784114003 1.75161982 -0.0325802267
v -0.0796754286 1.76480925 -0.000762029202
v -0.0802135095 1.76026297 -0.00577079691
v -0.0807046518 1.76829779 -0.00888690166
v -0.081068404 1.77024412 -0.0172702223
v -0.0808920786 1.7634275 -0.0213274639
v -0.0807269514 1.77076554 -0.026567772
v -0.0798386782 1.77100062 -0.0369432643
v -0.0730029121 1.71215975 0.0155583685
v -0.0720095783 1.70670772 0.0155436052
v -0.0731988549 1.7101965 0.0100018205
v 0.0732107759 1.7101965 0.0100054275
v 0.0730079859 1.71215987 0.0155599471
v 0.0720218942 1.7067076 0.0155471498
v -0.0520192087 1.69045377 -0.0362584479
v -0.0461051278 1.67802036 -0.03654911
v -0.0308701806 1.69079804 -0.0554339364
v -0.0431245044 1.69059253 -0.0464380085
v -0.0398868248 1.6844672 -0.0458780676
v -0.0265941061 1.67853332 -0.0523254015
v -0.0378087573 1.67839241 -0.0451087803
v -0.0359946676 1.67210066 -0.044559706
v -1.09111218e-08 1.68921864 -0.0627246127
v -0.015838651 1.69099104 -0.0614383258
v -0.0143053373 1.68461692 -0.0590426996
v 1.94886965e-07 1.6767143 -0.0585927293
v -0.0135170752 1.67845118 -0.0572240725
v -0.0127499141 1.67212832 -0.0559868589
v 0.0520192087 1.69045377 -0.0362576172
v 0.0461051092 1.67802036 -0.0365482792
v 0.0398868173 1.6844672 -0.0458771028
v 0.0431245044 1.69059253 -0.0464370362
v 0.0308701806 1.69079816 -0.0554330796
v 0.0359948613 1.67210066 -0.0445589051
v 0.0378087275 1.67839241 -0.045107834
v 0.0265941415 1.67853332 -0.0523245893
v 0.0143052982 1.68461692 -0.0590422153
v 0.0158386454 1.69099116 -0.0614378266
v 0.0127513977 1.67212832 -0.0559865348
v 0.0135172419 1.67845118 -0.0572236218
v -0.0710945278 1.70187509 0.0156171275
v -0.0708120242 1.70028615 0.0112649724
v -0.074369058 1.74349678 0.0299335308
v -0.0733760521 1.75131381 0.0355428159
v 0.0711107925 1.70187318 0.0156203797
v 0.0708384439 1.70027852 0.0112690656
v 0.074369058 1.74349678 0.0299335308
v 0.0733760521 1.75131381 0.0355428159
v 0.0725196376 1.76051974 0.0398636088
v 0.0739872828 1.78772163 0.0349424258
v 0.0736632571 1.77373493 0.0365775265
v 0.0714468807 1.76977587 0.0446853153
v 0.069773443 1.77814269 0.0502971075
v 0.0694740117 1.7906065 0.0498724543
v 0.0675174594 1.78566289 0.0562915727
v 0.0713071898 1.79629552 0.0422607437
v 0.0647866875 1.79237139 0.0621366836
v 0.0577595979 1.80218065 0.0726314783
v 0.0614622682 1.79788375 0.0677057505
v 0.0540093295 1.80518901 0.0766278058
v 0.0502426513 1.80722964 0.0799783617
v 0.0465692505 1.80879509 0.0827558935
v 0.0215077009 1.81251085 0.0933652595
v 0.0159108955 1.81278682 0.0944779068
v 0.0260136258 1.81226897 0.09224879
v 0.0295488201 1.81204832 0.0911579728
v 0.0429758132 1.80997002 0.0850715786
v 0.0360316597 1.81137633 0.0886254981
v 0.0394358225 1.81080616 0.0870154202
v 0.0327749811 1.8117696 0.0899790972
v -0.0736632571 1.77373493 0.0365775265
v -0.0739872828 1.78772163 0.0349424258
v -0.0713071898 1.79629552 0.0422607437
v -0.0694740117 1.7906065 0.0498724543
v 0.0101580285 1.81302452 0.095367372
v 0.00492182048 1.8126471 0.0960982069
v 2.14926341e-12 1.81019759 0.0971083269
v -0.00492182048 1.8126471 0.0960982069
v -0.0101580285 1.81302452 0.095367372
v -0.0725196376 1.76051974 0.0398636088
v -0.0714468807 1.76977587 0.0446853153
v -0.069773443 1.77814269 0.0502971075
v -0.0675174594 1.78566289 0.0562915727
v -0.0647866875 1.79237139 0.0621366836
v -0.0614622682 1.79788375 0.0677057579
v -0.0577595979 1.80218065 0.0726314783
v -0.0540093295 1.80518901 0.0766278058
v -0.0502426513 1.80722964 0.0799783617
v -0.0465692505 1.80879509 0.0827558935
v -0.0260136258 1.81226897 0.09224879
v -0.0215077009 1.81251085 0.0933652595
v -0.0159108955 1.8127867 0.0944779068
v -0.0295488182 1.81204832 0.0911579728
v -0.0327749811 1.8117696 0.0899790972
v -0.0360316597 1.81137633 0.0886254981
v -0.0429758094 1.80997002 0.0850715786
v -0.0394358225 1.81080616 0.0870154202
v -0.0193366688 1.77221954 -0.100818574
v -0.0128498673 1.77291155 -0.102141865
v -0.0192284267 1.77869117 -0.101006746
v -0.0778630748 1.755265 0.00954678189
v -0.0776961595 1.75920641 0.0120641012
v -0.0772111937 1.75346756 0.0139247151
v -0.0767283216 1.76219082 0.0191875361
v -0.0759078041 1.76058245 0.02381102
v -0.076242514 1.75596011 0.0211696737
v -0.0754407421 1.73568714 0.0180618595
v -0.0759029537 1.73712456 0.0139500089
v -0.0758053362 1.73936105 0.0175661743
v -0.0768885612 1.74295843 0.00978839211
v -0.0773977786 1.74732256 0.00873115566
v -0.0768122002 1.74526572 0.0126163969
v -0.0744609833 1.72185111 0.0122517813
v -0.0742626041 1.7203238 0.0154646784
v -0.0741980523 1.71931052 0.0122886952
v -0.0612246357 1.75871968 -0.0762639195
v -0.059617348 1.75314856 -0.0756057426
v -0.0563802496 1.75792694 -0.0807619989
v -0.0510455295 1.74637437 -0.0800057799
v -0.0445668399 1.74627256 -0.0845474899
v -0.0483704843 1.75221539 -0.0848549604
v -0.0487601049 1.73331559 -0.0741092265
v -0.0429457687 1.72649348 -0.073934719
v -0.0415953174 1.73314977 -0.0790841728
v -0.0227560196 1.7466805 -0.0937198177
v -0.0149747767 1.74737215 -0.0956834108
v -0.0214042943 1.75314832 -0.0965408832
v -0.00689520128 1.75525808 -0.0996276736
v -0.00660875626 1.7615931 -0.101330891
v -0.0134061342 1.76016271 -0.100146234
v -0.00471618399 1.82393873 -0.0918964148
v -0.00560151041 1.82880676 -0.0889396444
v -0.0104264189 1.8243562 -0.0907366276
v -0.0121352542 1.83440363 -0.083759293
v -0.0182752572 1.8342576 -0.0820245668
v -0.0178438127 1.82936215 -0.085801214
v -0.0595798641 1.82823765 -0.056578856
v -0.0608409494 1.82363379 -0.0592846088
v -0.0559219979 1.82898033 -0.0610270612
v -0.0580722243 1.819188 -0.0667056739
v -0.0535604954 1.81967735 -0.0714171156
v -0.0527766868 1.82491863 -0.0684162825
v -0.0623495318 1.84046078 -0.00596197555
v -0.0662363917 1.83566129 -0.00797006488
v -0.0622612387 1.84091818 -0.0123776784
v -0.0691203177 1.83154428 -0.0164313801
v -0.0683413893 1.83220923 -0.0223587006
v -0.0653076172 1.83680367 -0.0201476477
v -0.0541498438 1.84905016 -0.0163361076
v -0.0493728369 1.85271478 -0.0162409171
v -0.0535267293 1.84946811 -0.0100132013
v -0.0430670381 1.85657191 -0.00876621902
v -0.0423507765 1.85649908 -0.000566916773
v -0.0478906669 1.85312521 -0.00165590236
v -0.0200840291 1.86498046 0.00228048977
v -0.0254078079 1.86355805 0.00186420046
v -0.0209010113 1.86513329 -0.00694075832
v -0.031811405 1.86179328 -0.00758041674
v -0.0327517949 1.86131895 -0.0160584003
v -0.0272057001 1.86322355 -0.0158258453
v -0.0118992189 1.86681521 -0.0156416092
v -0.00752870739 1.86754036 -0.0149135953
v -0.0112229129 1.86712241 -0.00654259464
v -0.00337632769 1.86808598 -0.00367356045
v -0.00323794759 1.867576 0.00605238322
v -0.00674382318 1.8673799 0.00388580747
v -0.00639664521 1.78096426 -0.103178844
v -0.00638605841 1.78768432 -0.10272631
v -0.0127890874 1.78607893 -0.1019601
v -0.0647460148 1.78065264 -0.0744854361
v -0.0640950724 1.77463198 -0.0756397769
v -0.0601510815 1.7808187 -0.079655841
v -0.058742784 1.76893663 -0.0810686499
v -0.0538577847 1.76813674 -0.0853344202
v -0.0545005463 1.7740041 -0.085168615
v -0.0797270983 1.79465091 -0.00216947077
v -0.0801741555 1.78892505 -0.00479487795
v -0.0799555928 1.79602325 -0.00735511398
v -0.0806807876 1.78454614 -0.0118565951
v -0.0807348043 1.78563058 -0.016687151
v -0.0804501697 1.79143965 -0.014743166
v -0.0789754093 1.78920591 -0.0382155366
v -0.0786379799 1.79556835 -0.0364882946
v -0.0797981769 1.7883476 -0.0325811394
v -0.0790017173 1.80075157 -0.029029591
v -0.0795667246 1.79964554 -0.0234311689
v -0.0800398812 1.79358113 -0.0253036749
v -0.0555212945 1.79316151 -0.0817680061
v -0.0552866496 1.79998195 -0.0797321945
v -0.0605000369 1.79386497 -0.0766184479
v -0.059597265 1.80727935 -0.0720554143
v -0.0637983158 1.80689657 -0.0668192953
v -0.0644601882 1.8003962 -0.069189474
v -0.00473979115 1.81469131 -0.0960260779
v -0.0104972031 1.81337249 -0.0956548676
v -0.00567286182 1.80842888 -0.0980887637
v -0.0181937627 1.80570924 -0.096543245
v -0.0188979879 1.79884696 -0.0983193964
v -0.0124907922 1.79979861 -0.0995681584
v -0.0755169168 1.73175955 0.011191125
v -0.0751906186 1.73070025 0.0146427182
v -0.0751547664 1.72898042 0.011620068
v -0.0747519135 1.72666013 0.0191046763
v -0.0745834932 1.72400892 0.0193213839
v -0.0747232363 1.72540653 0.0152423512
v -0.0760337934 1.77249563 0.0248934329
v -0.0768586844 1.77419841 0.0203822907
v -0.0764115229 1.77964735 0.0236347727
v -0.0796165243 1.78042364 0.00206895941
v -0.079294458 1.78602958 0.0049092439
v -0.0790236518 1.77889931 0.00665751565
v -0.0781370997 1.79016709 0.0130022662
v -0.0774032176 1.78856552 0.0178537369
v -0.0779751092 1.78297508 0.0144214854
v -0.0768713504 1.80250978 0.0148660792
v -0.0752967969 1.80754375 0.0184579659
v -0.0761440694 1.80083025 0.0201497562
v -0.0724927112 1.81053233 0.0276001729
v -0.0717610642 1.80834377 0.0326882824
v -0.0737596601 1.80376148 0.0289159473
v -0.0783853382 1.80840635 -0.00781696569
v -0.0770254657 1.81355762 -0.0052319658
v -0.0783007741 1.80704463 -0.00206092675
v -0.0749781355 1.81721389 0.00376672554
v -0.0745451897 1.81574273 0.0100719184
v -0.0765252486 1.81072974 0.00682720495
v -0.0763062909 1.81314158 -0.0307923071
v -0.0749389902 1.8181293 -0.0287622064
v -0.0772435367 1.812024 -0.0250965264
v -0.0741157383 1.82192314 -0.0208680052
v -0.0747454241 1.8209188 -0.0148881162
v -0.076525338 1.8159833 -0.017151447
v -0.0060482081 1.84330487 -0.0765181631
v -0.00603086082 1.84806907 -0.0706069395
v -0.0120495735 1.84388793 -0.074511759
v -0.0127179073 1.85271764 -0.0621099658
v -0.0186386164 1.85200036 -0.0609485209
v -0.0180297941 1.84801972 -0.067178458
v -0.0533244833 1.8436228 -0.044005692
v -0.0550297014 1.84020782 -0.0473934449
v -0.0506112427 1.84455013 -0.0470565856
v -0.0534047112 1.83738005 -0.0544021167
v -0.0496468805 1.83827436 -0.0580220856
v -0.0486524887 1.84203899 -0.054024037
v -0.071899347 1.73286796 -0.0427195244
v -0.0723472089 1.73140633 -0.0385665633
v -0.0697178394 1.72676635 -0.0406571031
v -0.0706826374 1.7239331 -0.0324135721
v -0.0686806664 1.7177093 -0.0303139165
v -0.0679896474 1.71855843 -0.0340297632
v -0.0169419665 1.85903227 -0.0478047505
v -0.0113228709 1.8599509 -0.0483004153
v -0.0148573322 1.86201549 -0.0405837521
v -0.00456491392 1.86395001 -0.039291434
v -0.00414841808 1.86608541 -0.0306970924
v -0.00867354032 1.86521888 -0.0323200226
v -0.0379415266 1.85345674 -0.0450284332
v -0.0330727771 1.85523951 -0.0454010814
v -0.0360028967 1.85633934 -0.0392008573
v -0.0255899057 1.85971379 -0.0395071954
v -0.0240164138 1.86203313 -0.0321322493
v -0.0294233225 1.86050558 -0.0318968371
v -0.0296659246 1.84197652 -0.0692638159
v -0.0294831246 1.8462044 -0.0639580935
v -0.0352420025 1.84104288 -0.0670322552
v -0.0351490714 1.84880304 -0.0563479848
v -0.040025115 1.84755063 -0.0544766448
v -0.0400376618 1.84412289 -0.0595662221
v -0.0292098187 1.82293904 -0.0854611546
v -0.0303175095 1.82797444 -0.0818296447
v -0.0356365964 1.821998 -0.0829492658
v -0.0363805853 1.83192933 -0.0755971596
v -0.0419814587 1.83112025 -0.0726411566
v -0.042446591 1.82619953 -0.0762058571
v -0.0442521013 1.79457009 -0.0894841626
v -0.0381123759 1.79661798 -0.0920668244
v -0.0439287201 1.80140197 -0.0875637755
v -0.0310937576 1.80445731 -0.0926658735
v -0.0295466706 1.81111813 -0.0908601508
v -0.0361090973 1.81018543 -0.0883722901
v -0.0439954102 1.76903808 -0.0920783505
v -0.0383285396 1.77066398 -0.0948781073
v -0.0439225249 1.77514195 -0.0923629552
v -0.0319818482 1.77789807 -0.0973885432
v -0.0319541655 1.78438568 -0.0969379917
v -0.0381409973 1.78338337 -0.094639048
v -0.0356660597 1.75269794 -0.0918926746
v -0.0339771137 1.75896716 -0.0945812464
v -0.0402599461 1.75846481 -0.091844663
v -0.0601151437 1.84183002 -0.0283707492
v -0.0631183237 1.83766699 -0.0309182778
v -0.0588401183 1.84204638 -0.033159025
v -0.0641696453 1.83394802 -0.0381147526
v -0.0620528236 1.83469224 -0.0425707698
v -0.0598882064 1.83851767 -0.0400282219
v -0.0690568089 1.73382294 -0.0501533709
v -0.0658613741 1.72783744 -0.0498890728
v -0.0656226724 1.73339474 -0.0552832857
v -0.0565585457 1.72044289 -0.0562874973
v -0.0505562536 1.72020268 -0.0628411621
v -0.0562005453 1.72676027 -0.0621632263
v -0.0538911521 1.70057857 -0.0415095948
v -0.0491469726 1.70065272 -0.047202725
v -0.0545495637 1.70460451 -0.0439330488
v -0.0432750545 1.7046119 -0.0561190806
v -0.0436189324 1.70909774 -0.0596850589
v -0.0500983857 1.70920968 -0.0533933863
v -0.0530693606 1.84906054 -0.026657328
v -0.0516952686 1.84920466 -0.0317389593
v -0.0486688055 1.85223889 -0.027877694
v -0.0479899384 1.85014486 -0.0386038534
v -0.0449524522 1.85114908 -0.0415367708
v -0.0440076366 1.85342073 -0.0361780748
v -0.00836447906 1.73558211 -0.0909489244
v -0.0169916656 1.73401284 -0.0888092741
v -0.00884139352 1.72880244 -0.0871089324
v -0.0267306808 1.72661102 -0.08197736
v -0.0275592431 1.72022152 -0.0776328072
v -0.0185321439 1.72081673 -0.0806574449
v -0.00965607911 1.71081817 -0.0755003616
v -0.0191282909 1.70973647 -0.0729708225
v -0.00976690184 1.70609403 -0.0721104443
v -0.0282306429 1.70479596 -0.0661153048
v -0.0289857946 1.70084727 -0.0628323555
v -0.0203086603 1.70112967 -0.0663541332
v -0.0683743432 1.75774181 -0.0668390319
v -0.0712233707 1.75599718 -0.0612029582
v -0.0675545707 1.7521534 -0.0652387068
v -0.0728721246 1.74840546 -0.0537748151
v -0.0720552504 1.74302351 -0.0520435572
v -0.0696430579 1.74447715 -0.0572611354
v -0.0766633227 1.77811313 -0.0524276868
v -0.0764310062 1.7719698 -0.0536764301
v -0.0746456161 1.77871704 -0.0580452941
v -0.0732118413 1.76676965 -0.0610767081
v -0.0702988207 1.76769388 -0.0666367933
v -0.0714858621 1.77324748 -0.0650043637
v -0.0716967061 1.79241407 -0.0604473203
v -0.0711202994 1.79905176 -0.0584447198
v -0.0742015764 1.79165483 -0.0549495928
v -0.0729489997 1.80469656 -0.0510083809
v -0.0751056224 1.80380476 -0.0456730723
v -0.0757371783 1.79741156 -0.0475997441
v -0.0702576265 1.82469368 -0.0375791714
v -0.0718909502 1.82017183 -0.0396628641
v -0.0681703091 1.82562578 -0.0426019207
v -0.0710179135 1.81622446 -0.046869088
v -0.068400465 1.81710422 -0.0519111007
v -0.0671446025 1.82206178 -0.0496843196
v -0.0617647469 1.70009017 -0.0271494836
v -0.063944824 1.70346761 -0.0252768677
v -0.0610362887 1.70397699 -0.033206135
v -0.062501207 1.7083962 -0.0349028185
v -0.0641899854 1.70783854 -0.0304304454
v 0.0130465683 1.82629442 0.0884941593
v 0.0130332401 1.83123696 0.0852628946
v 0.0161516927 1.82602835 0.0879759565
v 0.0163998231 1.83589256 0.0808821991
v 0.0196730737 1.83555329 0.0802737176
v 0.0193640701 1.83063972 0.084160082
v 0.074460946 1.72185111 0.0122517683
v 0.0741984695 1.71931052 0.0122888256
v 0.0742626265 1.7203238 0.0154646868
v 0.00238711247 1.82514143 0.0907381624
v 0.00234760134 1.83019125 0.0877447128
v 0.00480830902 1.82620096 0.0899395347
v 0.0046588406 1.83637524 0.0830627009
v 0.00719439285 1.83665955 0.0823763385
v 0.00725797843 1.83159077 0.0861868337
v 0.0612246357 1.75871968 -0.0762630105
v 0.0563802496 1.75792694 -0.0807610825
v 0.059617348 1.75314856 -0.0756047592
v 0.0483704843 1.75221539 -0.0848540366
v 0.0445668399 1.74627256 -0.084546566
v 0.0510455295 1.74637437 -0.0800047964
v 0.0487601049 1.73331559 -0.074108243
v 0.0415953174 1.73314977 -0.0790832564
v 0.0429457687 1.72649348 -0.0739337951
v 0.0227560196 1.7466805 -0.0937193781
v 0.0214042943 1.75314832 -0.0965405777
v 0.0149747767 1.74737215 -0.0956831574
v 0.0134061342 1.76016271 -0.10014616
v 0.00660875626 1.7615931 -0.101330869
v 0.00689520175 1.75525808 -0.0996276215
v 0.00471618399 1.82393873 -0.0918964148
v 0.0104264189 1.8243562 -0.0907366276
v 0.00560151041 1.82880676 -0.0889396444
v 0.0178438127 1.82936215 -0.0858012214
v 0.0182752572 1.8342576 -0.0820245743
v 0.0121352542 1.83440363 -0.083759293
v 0.0535604954 1.81967735 -0.0714171156
v 0.0580722243 1.819188 -0.0667056665
v 0.0527766868 1.82491863 -0.06841629
v 0.0608409494 1.82363379 -0.0592846014
v 0.0595798641 1.82823765 -0.056578856
v 0.0559219979 1.82898033 -0.0610270649
v 0.0296215899 1.86007345 0.0200321544
v 0.0290358029 1.85854173 0.0299894139
v 0.0241202172 1.861812 0.0210835878
v 0.0228205975 1.85821748 0.0407990515
v 0.017889956 1.85940003 0.0413792133
v 0.0184939429 1.86149824 0.0317384638
v 0.00290424027 1.86060131 0.0463991724
v 0.0030389789 1.86311495 0.0367229357
v 0.00605297415 1.86094046 0.0440449119
v 0.00642584171 1.86515009 0.0240618289
v 0.0100874193 1.86478972 0.0228726082
v 0.00986835547 1.86302912 0.0329838395
v 0.0623495318 1.84046078 -0.00596197881
v 0.0622612387 1.84091818 -0.0123776793
v 0.0662363917 1.83566129 -0.0079700537
v 0.0653076172 1.83680367 -0.0201476254
v 0.0683413893 1.83220923 -0.0223586354
v 0.0691203177 1.83154428 -0.0164313149
v 0.0423507765 1.85649908 -0.000566850998
v 0.0430670381 1.85657191 -0.00876615476
v 0.0478906669 1.85312521 -0.00165588025
v 0.0493728369 1.85271478 -0.0162409078
v 0.0541498438 1.84905016 -0.0163361114
v 0.0535267293 1.84946811 -0.0100132031
v 0.0200840291 1.86498046 0.00228073192
v 0.0209010113 1.86513329 -0.00694040256
v 0.0254078079 1.86355805 0.00186444179
v 0.0272057001 1.86322355 -0.0158254914
v 0.0327517949 1.86131895 -0.0160581619
v 0.031811405 1.86179328 -0.007580176
v 0.00323794759 1.867576 0.00605240511
v 0.00337632769 1.86808598 -0.0036735062
v 0.00674382318 1.8673799 0.00388587452
v 0.00752870739 1.86754036 -0.0149133662
v 0.0118992189 1.86681521 -0.0156412553
v 0.0112229129 1.86712241 -0.00654235249
v 0.00228188583 1.84528887 0.0750103816
v 0.00236599566 1.84980595 0.0693470612
v 0.0047244383 1.84614873 0.0736094937
v 0.00531058479 1.85454595 0.0609086342
v 0.00845004432 1.85456979 0.0598031133
v 0.00787855592 1.85067439 0.0667694882
v 0.0193366688 1.77221954 -0.100818552
v 0.0192284267 1.77869117 -0.101006754
v 0.0128498683 1.77291155 -0.102141865
v 0.0127890874 1.78607893 -0.101960108
v 0.00638605841 1.78768432 -0.10272631
v 0.00639664521 1.78096426 -0.103178844
v 0.0647460148 1.78065264 -0.0744851083
v 0.0601510815 1.7808187 -0.0796555281
v 0.064095065 1.77463198 -0.0756392851
v 0.0545005463 1.7740041 -0.0851681232
v 0.0538577847 1.76813674 -0.0853337571
v 0.058742784 1.76893663 -0.0810679868
v 0.0807348043 1.78563058 -0.0166868269
v 0.0806807876 1.78454614 -0.0118562942
v 0.0804501697 1.79143965 -0.0147427935
v 0.0801741555 1.78892505 -0.00479463162
v 0.0797270983 1.79465091 -0.00216923421
v 0.0799555928 1.79602313 -0.0073547652
v 0.0795667246 1.79964554 -0.0234307945
v 0.0790017173 1.80075157 -0.0290292893
v 0.0800398812 1.79358113 -0.0253033489
v 0.0786379799 1.79556835 -0.0364879668
v 0.0789754093 1.78920591 -0.0382150859
v 0.0797981769 1.7883476 -0.0325807594
v 0.0637983158 1.80689657 -0.0668192357
v 0.059597265 1.80727935 -0.0720553994
v 0.0644601882 1.8003962 -0.069189392
v 0.0552866496 1.79998195 -0.0797321796
v 0.0555212945 1.79316151 -0.081767939
v 0.0605000369 1.79386497 -0.0766183659
v 0.00473979115 1.81469131 -0.0960260779
v 0.00567286182 1.80842888 -0.0980887637
v 0.0104972031 1.81337249 -0.0956548676
v 0.0124907922 1.79979861 -0.0995681658
v 0.0188979879 1.79884696 -0.0983193964
v 0.0181937627 1.80570924 -0.096543245
v 0.0787615255 1.75542521 -0.0354761891
v 0.0780477673 1.75438488 -0.0400282331
v 0.0776740909 1.7496748 -0.0363369919
v 0.0758936405 1.74746132 -0.0448329076
v 0.0746390522 1.74211872 -0.0447092801
v 0.0755555779 1.74262547 -0.0408138297
v 0.0755169094 1.73175955 0.0111911241
v 0.0751547515 1.72898042 0.0116200624
v 0.0751906186 1.73070025 0.0146427173
v 0.0747231692 1.72540653 0.0152423317
v 0.0745834112 1.72400892 0.0193213597
v 0.0747518837 1.72666013 0.0191046689
v 0.0764115229 1.77964735 0.0236347709
v 0.0768586844 1.77419841 0.020382287
v 0.0760337934 1.77249563 0.024893431
v 0.0774032176 1.78856552 0.017853735
v 0.0781370997 1.79016709 0.0130022774
v 0.0779751092 1.78297508 0.0144214835
v 0.079294458 1.78602958 0.0049093077
v 0.0796165243 1.78042364 0.00206903392
v 0.0790236518 1.77889931 0.00665753754
v 0.0763062909 1.81314158 -0.0307920594
v 0.0772435367 1.812024 -0.0250961762
v 0.0749389902 1.8181293 -0.0287619699
v 0.076525338 1.8159833 -0.0171510987
v 0.0747454241 1.8209188 -0.0148878777
v 0.0741157383 1.82192314 -0.0208677668
v 0.0060482081 1.84330487 -0.0765181631
v 0.0120495735 1.84388793 -0.074511759
v 0.00603086082 1.84806907 -0.070606932
v 0.0180297941 1.84801972 -0.0671784356
v 0.0186386164 1.85200036 -0.0609484538
v 0.0127179073 1.85271764 -0.0621099062
v 0.0496468805 1.83827436 -0.0580220893
v 0.0534047112 1.83738005 -0.0544021204
v 0.0486524887 1.84203899 -0.0540240407
v 0.0550297014 1.8402077 -0.0473934487
v 0.0533244833 1.8436228 -0.0440056957
v 0.0506112427 1.84455013 -0.0470565893
v 0.0294260271 1.83416975 0.0783259273
v 0.0288900714 1.82965982 0.0819713622
v 0.0275920667 1.83460462 0.0785731599
v 0.0267195795 1.82514203 0.0857048482
v 0.0245824214 1.82532513 0.0862492695
v 0.0248512011 1.83012986 0.082972452
v 0.0718993396 1.73286796 -0.042718526
v 0.0697178394 1.72676635 -0.040656101
v 0.0723472014 1.73140633 -0.0385655575
v 0.0679896474 1.71855843 -0.0340287574
v 0.0686806589 1.7177093 -0.03031292
v 0.0706826374 1.7239331 -0.0324125662
v 0.00414841762 1.86608541 -0.0306969192
v 0.00456491392 1.86395001 -0.0392912589
v 0.00867353939 1.86521888 -0.032319691
v 0.0113228709 1.8599509 -0.048300188
v 0.0169419665 1.85903227 -0.0478045121
v 0.0148573313 1.86201549 -0.0405833982
v 0.014007532 1.84572589 0.0716569349
v 0.0149047561 1.84993339 0.0655279979
v 0.0176941603 1.84525681 0.0710144565
v 0.0202549677 1.85289788 0.0577300079
v 0.0246728621 1.85186172 0.0572299063
v 0.0228638463 1.84865761 0.0641282424
v 0.0240164138 1.86203313 -0.0321318917
v 0.0255899057 1.85971379 -0.0395069532
v 0.0294233225 1.86050558 -0.0318965986
v 0.0330727771 1.85523951 -0.0454010144
v 0.0379415266 1.85345674 -0.0450284109
v 0.0360028967 1.85633934 -0.0392007902
v 0.0296659246 1.84197652 -0.0692638159
v 0.0352420025 1.841043 -0.0670322552
v 0.0294831246 1.8462044 -0.0639580786
v 0.0400376618 1.84412289 -0.0595662221
v 0.040025115 1.84755063 -0.0544766448
v 0.0351490714 1.84880304 -0.0563479699
v 0.0292098187 1.82293904 -0.0854611546
v 0.0356365964 1.821998 -0.0829492658
v 0.0303175095 1.82797444 -0.0818296522
v 0.042446591 1.82619953 -0.0762058645
v 0.0419814587 1.83112025 -0.0726411641
v 0.0363805853 1.83192933 -0.075597167
v 0.0295466706 1.81111813 -0.0908601508
v 0.0310937595 1.80445731 -0.0926658809
v 0.0361090973 1.81018543 -0.0883722976
v 0.0381123759 1.79661798 -0.0920668319
v 0.0442521013 1.79457009 -0.0894841477
v 0.0439287201 1.80140197 -0.0875637755
v 0.0439954102 1.76903808 -0.0920778587
v 0.0439225249 1.77514195 -0.0923626348
v 0.0383285396 1.77066398 -0.0948777869
v 0.0381409973 1.78338337 -0.0946389809
v 0.0319541655 1.78438568 -0.0969379768
v 0.0319818482 1.77789807 -0.0973884687
v 0.0356660597 1.75269794 -0.0918919966
v 0.0402599461 1.75846481 -0.091843985
v 0.0339771137 1.75896716 -0.0945807472
v 0.0620528236 1.83469224 -0.0425707698
v 0.0641696453 1.83394802 -0.0381147414
v 0.0598882064 1.83851767 -0.0400282256
v 0.0631183237 1.83766699 -0.0309182666
v 0.0601151437 1.84183002 -0.0283707492
v 0.0588401183 1.84204638 -0.0331590287
v 0.0690568089 1.73382294 -0.0501523651
v 0.0656226724 1.73339474 -0.0552822761
v 0.0658613741 1.72783744 -0.0498880669
v 0.0562005453 1.72676027 -0.0621622168
v 0.0505562536 1.72020268 -0.0628401786
v 0.0565585457 1.72044289 -0.0562864915
v 0.0436189324 1.70909774 -0.0596841201
v 0.0432750545 1.7046119 -0.0561181307
v 0.0500983857 1.7092098 -0.0533923954
v 0.0491469726 1.70065272 -0.0472017266
v 0.0538911521 1.70057857 -0.0415086076
v 0.0545495637 1.70460451 -0.043932043
v 0.0449524522 1.85114908 -0.0415367708
v 0.0479899384 1.85014486 -0.0386038572
v 0.0440076403 1.85342073 -0.0361780636
v 0.0516952686 1.84920466 -0.031738963
v 0.0530693606 1.84906054 -0.0266573299
v 0.0486688055 1.85223889 -0.0278776903
v 0.00836447906 1.73558211 -0.0909487233
v 0.00884139352 1.72880244 -0.0871087015
v 0.0169916656 1.73401284 -0.0888088495
v 0.0185321439 1.72081673 -0.0806569681
v 0.0275592431 1.72022152 -0.0776321292
v 0.0267306808 1.72661102 -0.0819766968
v 0.0289857946 1.70084727 -0.062831603
v 0.0282306429 1.70479596 -0.0661146045
v 0.0203086622 1.70112967 -0.0663535818
v 0.0191282909 1.70973647 -0.0729703307
v 0.00965607911 1.71081817 -0.0755001158
v 0.00976690184 1.70609403 -0.072110191
v 0.0720552504 1.74302351 -0.0520425551
v 0.0728721246 1.74840546 -0.0537738241
v 0.0696430653 1.74447715 -0.0572601333
v 0.0712233782 1.75599718 -0.0612020232
v 0.0683743432 1.75774181 -0.0668381155
v 0.0675545782 1.7521534 -0.0652377307
v 0.0766633302 1.77811313 -0.0524270125
v 0.0746456161 1.77871704 -0.0580447316
v 0.0764310062 1.7719698 -0.0536756925
v 0.0714858621 1.77324748 -0.0650038049
v 0.0702988207 1.76769388 -0.0666361004
v 0.0732118413 1.76676965 -0.0610759668
v 0.0751056299 1.80380476 -0.0456728265
v 0.0729489997 1.80469656 -0.0510081463
v 0.0757371858 1.79741156 -0.0475993715
v 0.0711202994 1.79905176 -0.0584444664
v 0.0716967136 1.79241407 -0.0604470111
v 0.0742015839 1.79165483 -0.0549491718
v 0.068400465 1.81710422 -0.0519110374
v 0.0710179135 1.81622446 -0.0468690135
v 0.0671446025 1.82206178 -0.0496842973
v 0.0718909502 1.82017183 -0.0396627896
v 0.0702576265 1.82469368 -0.037579108
v 0.0681703091 1.82562578 -0.0426018983
v 0.0804769322 1.77604687 -0.030200243
v 0.0799687952 1.77650213 -0.0356318466
v 0.0803565159 1.77085495 -0.0316420123
v 0.0790982693 1.77123868 -0.0424035937
v 0.078705579 1.76550019 -0.0434960462
v 0.079505749 1.76559258 -0.0381308869
v 0.063944824 1.70346761 -0.0252761226
v 0.0617647469 1.70009017 -0.0271487813
v 0.0641899854 1.70783854 -0.0304295029
v 0.062501207 1.7083962 -0.0349018313
v 0.0610362887 1.70397699 -0.0332052037
v 0.069760032 1.82862782 0.00300318911
v 0.0694269091 1.82731164 0.00986864232
v 0.0661770701 1.83368862 0.00572464475
v 0.0652127266 1.83091915 0.0200890321
v 0.0610082075 1.83582556 0.0236322172
v 0.0615769438 1.83738971 0.0158920474
v 0.0395695418 1.85213292 0.035718549
v 0.0403803475 1.85375333 0.0262221191
v 0.0451692045 1.84900856 0.033180967
v 0.0467731133 1.85163403 0.0151111819
v 0.0522628278 1.84772587 0.0130463131
v 0.0516549163 1.84646642 0.0216486547
v 0.0505052805 1.83439457 0.0588735864
v 0.0525667407 1.8356998 0.0528982244
v 0.0529077165 1.83211863 0.0582678355
v 0.056583412 1.82893825 0.0554245897
v 0.0573111661 1.83106172 0.0500745326
v 0.0586371459 1.82690358 0.0531393103
v 0.0768713504 1.80250978 0.0148660913
v 0.0761440694 1.80083025 0.0201497562
v 0.0752967969 1.80754375 0.0184579659
v 0.0737596601 1.80376148 0.0289159454
v 0.0717610642 1.80834377 0.0326882824
v 0.0724927112 1.81053233 0.027600171
v 0.0783853382 1.80840635 -0.00781661738
v 0.0783007741 1.80704463 -0.00206068903
v 0.0770254657 1.81355762 -0.00523172738
v 0.0765252486 1.81072974 0.00682727108
v 0.0745451897 1.81574273 0.0100719407
v 0.0749781355 1.81721389 0.00376679166
v 0.0276986733 1.84339857 0.0695061237
v 0.0296294112 1.84630799 0.0645264313
v 0.029910652 1.84223247 0.0701082796
v 0.0331384428 1.84132004 0.0696636438
v 0.0339660421 1.84449899 0.0646793768
v 0.0350254737 1.84085166 0.0689932108
v 0.0676464662 1.82218504 0.0295413341
v 0.0671945214 1.81977344 0.0351577736
v 0.0642854422 1.8267647 0.0335535407
v 0.0644342154 1.82038558 0.0440234281
v 0.0623131804 1.82271791 0.0479540192
v 0.0617164671 1.82661128 0.0435391031
v 0.0614565536 1.80888057 0.0626292825
v 0.0620238185 1.81223392 0.0592137389
v 0.0633561388 1.80639935 0.0597943403
v 0.0643199459 1.81321299 0.0524849072
v 0.0663091317 1.81033814 0.0490787737
v 0.0658333227 1.80693042 0.0530589484
v 0.0589248277 1.81986725 0.0600807518
v 0.0582837574 1.81649935 0.0639988855
v 0.0571228191 1.82162821 0.0621580891
v 0.0557743274 1.8145771 0.0695212334
v 0.0538861826 1.81601632 0.0713449046
v 0.0546318032 1.81955445 0.0679608881
v 0.0461662561 1.82050991 0.0772562325
v 0.0468156897 1.82455397 0.0738408715
v 0.0481384546 1.81955016 0.0759292841
v 0.0499182381 1.8270967 0.0681913123
v 0.0519326143 1.82565653 0.0669085383
v 0.050900463 1.82222247 0.0709987059
v 0.0429613627 1.83071208 0.0725483969
v 0.042532932 1.82642663 0.076431796
v 0.0407536477 1.8314327 0.0739600286
v 0.0402374938 1.82274008 0.0806486011
v 0.0383914262 1.8232795 0.0815291107
v 0.0386031009 1.82766199 0.0785556436
v 0.0318377092 1.82455266 0.0841758475
v 0.0320697762 1.82910872 0.0811419636
v 0.0334067605 1.82432961 0.0836046115
v 0.0338394195 1.83342564 0.0770163089
v 0.0354277939 1.83307195 0.0764262751
v 0.0351636894 1.82866657 0.0798949376
v 0.0472919829 1.84284616 0.0480395034
v 0.045646552 1.84097195 0.0555301383
v 0.0427480452 1.84548616 0.0505912714
v 0.0413764529 1.83945704 0.064349182
v 0.0388301909 1.83984244 0.0668261871
v 0.0386962928 1.84358394 0.0611543469
v -0.0130465683 1.82629442 0.0884941593
v -0.0161516946 1.82602835 0.0879759565
v -0.0130332401 1.83123696 0.0852628946
v -0.0193640701 1.83063972 0.084160082
v -0.0196730737 1.83555329 0.0802737176
v -0.0163998231 1.83589256 0.0808821991
v -0.00238711247 1.82514131 0.0907381624
v -0.00480830902 1.82620096 0.0899395347
v -0.00234760134 1.83019125 0.0877447128
v -0.00725797843 1.83159077 0.0861868337
v -0.00719439285 1.83665955 0.0823763385
v -0.0046588406 1.83637524 0.0830627009
v -0.0100874193 1.86478972 0.0228725951
v -0.00642584171 1.86515009 0.024061827
v -0.00986835547 1.86302912 0.0329838432
v -0.0030389789 1.86311495 0.0367229357
v -0.00290424027 1.86060131 0.0463991761
v -0.00605297415 1.86094046 0.0440449156
v -0.00228188583 1.84528887 0.0750103816
v -0.0047244383 1.84614885 0.0736094937
v -0.00236599566 1.84980595 0.0693470612
v -0.00787855592 1.85067439 0.0667694882
v -0.00845004432 1.85456991 0.0598031133
v -0.00531058479 1.85454607 0.0609086342
v -0.0245824233 1.82532513 0.0862492695
v -0.0267195795 1.82514203 0.0857048482
v -0.024851203 1.83012986 0.082972452
v -0.0288900714 1.82965982 0.0819713622
v -0.0294260271 1.83416975 0.0783259273
v -0.0275920667 1.83460462 0.0785731599
v -0.0354277939 1.83307195 0.0764262676
v -0.0338394195 1.83342564 0.0770163089
v -0.0351636894 1.82866657 0.0798949301
v -0.0320697762 1.82910872 0.0811419636
v -0.031837713 1.82455266 0.0841758475
v -0.0334067643 1.82432961 0.0836046115
v -0.0610082075 1.83582556 0.0236322209
v -0.0652127266 1.83091903 0.0200890359
v -0.0615769476 1.83738971 0.015892053
v -0.0694269091 1.82731164 0.00986864232
v -0.069760032 1.82862782 0.00300317723
v -0.0661770701 1.83368862 0.00572464708
v -0.017889956 1.85940003 0.0413792171
v -0.0228205975 1.85821748 0.0407990515
v -0.0184939429 1.86149824 0.0317384526
v -0.0290358011 1.85854173 0.0299893897
v -0.0296215899 1.86007345 0.0200320873
v -0.0241202172 1.861812 0.0210835226
v -0.0522628278 1.84772587 0.0130463131
v -0.046773117 1.85163403 0.0151111698
v -0.0516549163 1.84646642 0.0216486566
v -0.0403803475 1.85375333 0.0262221061
v -0.0395695418 1.85213292 0.035718549
v -0.0451692045 1.84900856 0.033180967
v -0.014007532 1.84572589 0.0716569349
v -0.0176941603 1.84525681 0.0710144565
v -0.0149047561 1.84993339 0.0655279979
v -0.0228638463 1.84865761 0.0641282424
v -0.0246728621 1.85186172 0.05722991
v -0.0202549677 1.85289788 0.0577300079
v -0.0505052805 1.83439445 0.0588735901
v -0.0529077165 1.83211851 0.0582678355
v -0.0525667407 1.83569968 0.0528982244
v -0.0573111661 1.8310616 0.0500745326
v -0.056583412 1.82893825 0.0554245897
v -0.0586371459 1.82690358 0.0531393103
v -0.0676464662 1.82218492 0.0295413341
v -0.0642854422 1.8267647 0.0335535407
v -0.0671945214 1.81977332 0.0351577736
v -0.0617164671 1.82661116 0.0435391031
v -0.0623131804 1.82271779 0.0479540192
v -0.0644342154 1.82038558 0.0440234281
v -0.0614565536 1.80888057 0.0626292825
v -0.0633561388 1.80639935 0.0597943403
v -0.0620238185 1.81223392 0.0592137389
v -0.0658333227 1.80693042 0.0530589484
v -0.0663091317 1.81033814 0.0490787774
v -0.0643199384 1.81321299 0.0524849072
v -0.0589248277 1.81986725 0.0600807518
v -0.0571228191 1.82162809 0.0621580891
v -0.0582837537 1.81649935 0.0639988855
v -0.0546318032 1.81955445 0.0679608881
v -0.0538861826 1.81601632 0.0713449046
v -0.0557743274 1.8145771 0.0695212334
v -0.0461662561 1.82050991 0.0772562325
v -0.0481384546 1.81955016 0.0759292841
v -0.0468156897 1.82455397 0.0738408715
v -0.050900463 1.82222247 0.0709987059
v -0.0519326143 1.82565653 0.0669085383
v -0.0499182343 1.8270967 0.0681913123
v -0.0383914262 1.8232795 0.0815291107
v -0.0402374938 1.82274008 0.0806486011
v -0.0386031009 1.82766199 0.0785556436
v -0.042532932 1.82642663 0.076431796
v -0.0429613627 1.83071208 0.0725483969
v -0.0407536477 1.8314327 0.0739600286
v -0.0276986733 1.84339857 0.0695061237
v -0.029910652 1.84223247 0.0701082796
v -0.0296294112 1.84630799 0.0645264313
v -0.0331384428 1.84132016 0.0696636438
v -0.0350254737 1.84085166 0.0689932108
v -0.0339660421 1.84449899 0.0646793768
v -0.0472919829 1.84284604 0.0480395034
v -0.0427480452 1.84548616 0.0505912714
v -0.045646552 1.84097183 0.055530142
v -0.0386962928 1.84358394 0.0611543469
v -0.0388301946 1.83984244 0.0668261796
v -0.0413764529 1.83945704 0.064349182
v 0.0778630748 1.755265 0.00954679493
v 0.0772111937 1.75346756 0.0139247123
v 0.0776961595 1.75920641 0.0120640984
v 0.076242514 1.75596011 0.0211696718
v 0.0759078041 1.76058245 0.0238110181
v 0.0767283216 1.76219082 0.0191875305
v 0.0773977786 1.74732256 0.00873117056
v 0.0768885612 1.74295843 0.00978839118
v 0.0768122002 1.74526572 0.0126163941
v 0.0759029537 1.73712456 0.013950007
v 0.0754407495 1.73568714 0.0180618595
v 0.0758053362 1.73936105 0.0175661743
v 0.078833282 1.76705444 0.00580588123
v 0.0794689059 1.76877594 0.00151612912
v 0.0790290162 1.76283514 0.00340561126
v 0.0802538693 1.76669645 -0.00483702868
v 0.0804767236 1.76389277 -0.0070636645
v 0.0799199045 1.7619406 -0.00312248757
v 0.0808494315 1.77340627 -0.0111455619
v 0.0810057148 1.77440524 -0.0155125111
v 0.0809823722 1.76949131 -0.0130000599
v 0.0809727907 1.77062011 -0.0217768233
v 0.0808387473 1.76655757 -0.0235553309
v 0.0810427815 1.7666539 -0.0191869363
v -0.0746390522 1.74211872 -0.0447102785
v -0.0758936405 1.74746132 -0.0448339023
v -0.0755555853 1.74262547 -0.0408148281
v -0.0780477673 1.75438476 -0.040029224
v -0.0787615255 1.75542521 -0.03547718
v -0.0776740909 1.7496748 -0.036337994
v -0.078833282 1.76705444 0.00580586027
v -0.0790290162 1.76283514 0.00340554141
v -0.0794689059 1.76877594 0.00151605462
v -0.0799199045 1.7619406 -0.00312278769
v -0.0804767236 1.76389277 -0.00706410408
v -0.0802538693 1.76669645 -0.00483730016
v -0.0808494315 1.77340627 -0.0111458879
v -0.0809823796 1.76949131 -0.0130005227
v -0.0810057148 1.77440524 -0.0155128911
v -0.0810427815 1.7666539 -0.0191876274
v -0.0808387473 1.76655757 -0.023556076
v -0.0809727907 1.77062011 -0.0217774026
v -0.0804769322 1.77604687 -0.0302008204
v -0.0803565159 1.77085495 -0.0316427536
v -0.0799687952 1.77650213 -0.0356325246
v -0.079505749 1.76559258 -0.0381318033
v -0.078705579 1.76550019 -0.0434969626
v -0.0790982693 1.77123868 -0.042404443
v -0.0778528526 1.74444413 0.00468592113
v -0.0781655163 1.74805737 0.0035281938
v -0.0805335417 1.75948167 -0.00876014773
v -0.079996258 1.75753391 -0.00508635165
v -0.0805640817 1.76023722 -0.0236212816
v -0.080926016 1.76125789 -0.0198980775
v -0.0729775801 1.71113765 0.0125104785
v -0.0724993646 1.70939791 0.0155556574
v -0.0725040585 1.7083658 0.0125735821
v -0.0736715123 1.71602166 0.0193339717
v -0.0731804967 1.71324456 0.0192530565
v -0.0734911859 1.71493375 0.0155431358
v 0.0734934881 1.71493375 0.0155438567
v 0.073182784 1.71324468 0.0192537773
v 0.0736722946 1.71602166 0.0193342194
v 0.0725080445 1.70939803 0.0155583015
v 0.0729862228 1.71113765 0.012513129
v 0.0725174621 1.70836568 0.0125775514
v -0.0532890223 1.68720531 -0.0316487923
v -0.0550924987 1.6904043 -0.0313324817
v -0.047618337 1.67465997 -0.0328784101
v -0.0490992852 1.67767644 -0.0319840424
v -0.0355327576 1.68761802 -0.0508006588
v -0.0373740867 1.69066536 -0.0512144417
v -0.0412156545 1.68751204 -0.0463238806
v -0.045886077 1.693766 -0.045812849
v -0.0506386496 1.69372702 -0.0405191667
v -0.0480336286 1.69053364 -0.0413593724
v -0.0316814035 1.67528665 -0.0484733954
v -0.0325215682 1.67844582 -0.0489307791
v -0.036858052 1.67531455 -0.0448488221
v -0.0388137847 1.68142724 -0.045428548
v -0.0434928499 1.6812793 -0.0410024524
v -0.0423483141 1.67828441 -0.0409572795
v -0.00735708559 1.68718076 -0.061390467
v -0.00778212817 1.69050837 -0.0627769232
v -0.0148178264 1.68776786 -0.060192924
v -0.0182389691 1.69423687 -0.0625444874
v -0.0264318064 1.69406569 -0.0595523119
v -0.0236652289 1.69096601 -0.0589033999
v -0.0065345536 1.67478919 -0.0577358305
v -0.00673154462 1.67789197 -0.0584147088
v -0.013126974 1.67534661 -0.0565434285
v -0.0139069539 1.68152237 -0.0580523759
v -0.0207645129 1.68168771 -0.0559330247
v -0.0201967414 1.67859375 -0.0551430508
v 0.0532890223 1.68720531 -0.0316481143
v 0.0550924987 1.6904043 -0.0313318036
v 0.0476183109 1.67465997 -0.0328777321
v 0.049099274 1.67767644 -0.0319833606
v 0.0355327576 1.68761802 -0.05079972
v 0.0412156545 1.68751204 -0.0463229157
v 0.0373740867 1.69066548 -0.0512134954
v 0.0480336323 1.69053364 -0.0413584411
v 0.0506386496 1.69372714 -0.0405182391
v 0.045886077 1.693766 -0.0458118729
v 0.031681519 1.67528665 -0.0484725423
v 0.0368580595 1.67531455 -0.0448479205
v 0.0325215571 1.67844582 -0.0489298701
v 0.042348288 1.67828441 -0.0409563556
v 0.0434928387 1.6812793 -0.0410015211
v 0.0388137661 1.68142724 -0.0454275869
v 0.00735705206 1.68718076 -0.0613902174
v 0.014817806 1.68776786 -0.060192436
v 0.00778211653 1.69050837 -0.0627766624
v 0.0236652289 1.69096613 -0.058902692
v 0.0264318064 1.69406581 -0.0595515631
v 0.018238971 1.69423687 -0.0625439435
v 0.00653533498 1.67478919 -0.0577356368
v 0.0131276231 1.67534661 -0.0565430261
v 0.00673177978 1.67789197 -0.0584144853
v 0.0201968458 1.67859375 -0.0551423952
v 0.0207644925 1.68168771 -0.0559323467
v 0.013906939 1.68152237 -0.0580518991
v -0.0709818527 1.70108438 0.0131296385
v -0.0706682652 1.69978714 0.0156764556
v -0.0705085471 1.69919312 0.0132467253
v -0.0738537833 1.74714732 0.0330264494
v -0.0748512745 1.74866045 0.0280214194
v -0.074416995 1.7527982 0.0307352114
v -0.0748574659 1.74042189 0.0262336675
v -0.0716457367 1.7051214 0.0189049486
v -0.0711959526 1.70267344 0.0187848788
v -0.071542196 1.70417607 0.0155567704
v 0.0706842467 1.69978416 0.0156784393
v 0.0710038394 1.70108008 0.0131334504
v 0.0705294088 1.69918752 0.0132487565
v 0.0748512745 1.74866045 0.0280214194
v 0.0738537759 1.74714732 0.0330264457
v 0.074416995 1.7527982 0.0307352096
v 0.0748574659 1.74042189 0.0262336656
v 0.0712064058 1.70267284 0.0187872928
v 0.0716549903 1.70512128 0.0189075116
v 0.0715572312 1.70417523 0.0155605953
v 0.072946243 1.75583696 0.0377157405
v 0.0739601478 1.78070664 0.0356222652
v 0.0748974904 1.78291345 0.0314348191
v 0.0746428818 1.77580655 0.0323835649
v 0.0731605813 1.7669611 0.0379717797
v 0.0720379129 1.7652092 0.042176351
v 0.0726036653 1.771667 0.0406697094
v 0.0706964135 1.7740941 0.0474019758
v 0.0685022771 1.78793013 0.0532286279
v 0.0697933584 1.78423202 0.0499469228
v 0.0687034652 1.78198695 0.053289257
v 0.0736778304 1.79466105 0.0343428254
v 0.07278613 1.79217052 0.03856498
v 0.0721495748 1.79900825 0.0380769074
v 0.0704162568 1.79345429 0.0462027863
v 0.0688033104 1.7971127 0.0498201624
v 0.0696064159 1.80014002 0.0459613837
v 0.0662202686 1.78914559 0.0592455417
v 0.0596297011 1.80017757 0.0702888444
v 0.0621409379 1.80031431 0.0654287785
v 0.0639072284 1.79765558 0.0625742003
v 0.0631962717 1.79528856 0.0649652258
v 0.0564723387 1.80649471 0.0727645159
v 0.0558862984 1.80385435 0.0747247413
v 0.0545525141 1.80800343 0.0747341067
v 0.0521233641 1.80628169 0.0783770978
v 0.0470273644 1.81212902 0.0809571967
v 0.0488751046 1.81129837 0.0796106458
v 0.0483907424 1.80806398 0.0814335868
v 0.016029764 1.81690681 0.0927755907
v 0.0189868156 1.81672347 0.0922183841
v 0.0188003387 1.81264615 0.0939350575
v 0.0239171125 1.81238496 0.0927995369
v 0.0262900349 1.81625557 0.0905254483
v 0.028132299 1.81612599 0.0899894089
v 0.027859116 1.8121599 0.0917067528
v 0.044767648 1.80942857 0.0839634389
v 0.0377129167 1.81111884 0.0878581479
v 0.0397250429 1.81450355 0.0853085294
v 0.0415218063 1.81404519 0.0843629912
v 0.0411940962 1.81042671 0.0860882252
v 0.0311702807 1.811921 0.0905859396
v 0.0330294259 1.81565821 0.0882822201
v 0.0346414819 1.81544554 0.0876358896
v 0.034389779 1.81159008 0.0893287435
v -0.0739601478 1.78070664 0.0356222652
v -0.0746428818 1.77580655 0.0323835649
v -0.0748974904 1.78291345 0.0314348191
v -0.0736778304 1.79466105 0.0343428254
v -0.0721495748 1.79900837 0.0380769074
v -0.07278613 1.79217052 0.03856498
v -0.0696064159 1.80014002 0.0459613837
v -0.0688033104 1.7971127 0.0498201624
v -0.0704162493 1.79345429 0.0462027863
v 0.00745563954 1.81721509 0.0940823704
v 0.00747562712 1.81299412 0.0957251042
v 0.00489985524 1.81684959 0.0945086256
v 0.00244605727 1.81177151 0.0965472534
v 0.0129891252 1.81292379 0.094959937
v -0.00745563954 1.81721497 0.0940823704
v -0.00489985524 1.81684959 0.0945086256
v -0.00747562712 1.81299412 0.0957251042
v -0.00244605727 1.81177151 0.0965472534
v -0.0720379129 1.7652092 0.042176351
v -0.0731605813 1.7669611 0.0379717797
v -0.0726036653 1.771667 0.0406697094
v -0.0729462504 1.75583696 0.0377157442
v -0.0706964135 1.7740941 0.0474019758
v -0.0697933584 1.78423202 0.0499469228
v -0.0685022697 1.78793013 0.0532286279
v -0.0687034652 1.78198695 0.053289257
v -0.0662202686 1.78914559 0.0592455417
v -0.0596297011 1.80017757 0.0702888519
v -0.0631962717 1.79528856 0.0649652332
v -0.0639072284 1.79765558 0.0625742003
v -0.0621409379 1.80031431 0.0654287785
v -0.0564723387 1.80649459 0.0727645159
v -0.0545525141 1.80800343 0.0747341067
v -0.0558862984 1.80385435 0.0747247413
v -0.0521233641 1.80628169 0.0783770978
v -0.0488751046 1.81129837 0.0796106458
v -0.0470273644 1.81212902 0.0809571967
v -0.0483907424 1.80806398 0.0814335868
v -0.0239171125 1.81238496 0.0927995369
v -0.0189868156 1.81672347 0.0922183841
v -0.016029764 1.81690681 0.0927755907
v -0.0188003387 1.81264615 0.0939350575
v -0.0129891252 1.81292379 0.094959937
v -0.027859116 1.8121599 0.0917067528
v -0.028132299 1.81612599 0.0899894014
v -0.0262900349 1.81625557 0.0905254409
v -0.0346414819 1.81544554 0.0876358896
v -0.0330294259 1.81565821 0.0882822201
v -0.034389779 1.81159008 0.0893287361
v -0.0311702807 1.811921 0.0905859396
v -0.044767648 1.80942857 0.0839634389
v -0.0377129205 1.81111884 0.0878581479
v -0.0411940962 1.81042671 0.0860882252
v -0.0415218025 1.81404507 0.0843629837
v -0.0397250429 1.81450355 0.0853085294
v -0.0196640398 1.76584268 -0.100050852
v -0.00645894324 1.76795208 -0.1024637
v -0.00640832633 1.77439642 -0.103076562
v -0.0192024764 1.78528559 -0.100642428
v -0.0256088972 1.78487122 -0.0989406705
v -0.0258254167 1.77190149 -0.0991756842
v -0.0785392001 1.75728202 0.00520568388
v -0.0781662762 1.76539111 0.0101782354
v -0.0774722025 1.76378226 0.0146391187
v -0.0765255019 1.7518127 0.018437637
v -0.0767166987 1.74822521 0.0155604165
v -0.0779784471 1.75208616 0.00706307637
v -0.0771957412 1.76883864 0.0173832253
v -0.0755476579 1.76555419 0.026491927
v -0.0749978274 1.75895536 0.0284819417
v -0.0757470652 1.75022316 0.0231368002
v -0.0751510784 1.73241234 0.0184346754
v -0.0759891272 1.73503709 0.0106929578
v -0.0764565617 1.7388407 0.0102838064
v -0.0762376711 1.74352288 0.0167801492
v -0.0756042674 1.74196184 0.0212999322
v -0.0749501511 1.73422027 0.0227742437
v -0.0771337822 1.7413609 0.00720819365
v -0.0780380145 1.74964404 0.00500310911
v -0.0746648461 1.72423208 0.0122337341
v -0.0743744001 1.72139728 0.0194031149
v -0.0740767494 1.71874571 0.0193920285
v -0.0738530234 1.71664929 0.0123611521
v -0.0743283108 1.71847582 0.00970943831
v -0.0747360215 1.72342122 0.00982800033
v -0.0653462261 1.76021743 -0.0720467269
v -0.0628522336 1.74892867 -0.0696996599
v -0.0572157092 1.7469933 -0.0747912303
v -0.0512537509 1.7575351 -0.0849333331
v -0.0529876798 1.76266205 -0.0851119086
v -0.0622404031 1.76400745 -0.0767279342
v -0.053599976 1.74025214 -0.0742659345
v -0.0397777781 1.73981047 -0.0839557424
v -0.0377007499 1.74633181 -0.0882989168
v -0.0459716581 1.75777912 -0.0886088386
v -0.0553629026 1.73359072 -0.0681757629
v -0.0437131077 1.72009706 -0.0687808245
v -0.0360204615 1.72006774 -0.0737372711
v -0.033852078 1.73311365 -0.0830917805
v -0.0242142752 1.74005592 -0.0902428553
v -0.00783722848 1.74230742 -0.0943995565
v -0.0073190704 1.74885893 -0.097315304
v -0.0203423779 1.75951016 -0.0986445844
v -0.027270101 1.75923562 -0.0968172252
v -0.0304037966 1.74643183 -0.0913114771
v 8.18161251e-12 1.75144219 -0.0986468717
v -5.97824568e-12 1.76413572 -0.102140777
v -6.71804626e-12 1.82262146 -0.092914477
v -6.00834747e-12 1.83193374 -0.0871924683
v -0.00600605831 1.83372891 -0.0854739547
v -0.0165682938 1.82420564 -0.0892948285
v -0.014166831 1.81878829 -0.0926168561
v -0.00308359624 1.81963289 -0.0942181498
v -0.00609526923 1.83854806 -0.0814006925
v -0.018210195 1.83899212 -0.0777532309
v -0.0243983865 1.83362651 -0.0801803917
v -0.0228552707 1.8236835 -0.0875479653
v -0.0628175959 1.82743037 -0.0520261601
v -0.0653910413 1.81788993 -0.0568949506
v -0.0619720891 1.81858385 -0.061842721
v -0.0517886467 1.82968533 -0.0652741045
v -0.0507164076 1.83412564 -0.0618176013
v -0.0581913143 1.83249617 -0.0536819547
v -0.062962845 1.81300449 -0.0643415302
v -0.0540501587 1.81373477 -0.0744718164
v -0.0482557043 1.82006717 -0.0759161189
v -0.0471414067 1.83038402 -0.0691847578
v -0.0623033121 1.83968127 0.00099247566
v -0.0698282048 1.82978189 -0.00372580928
v -0.0696133748 1.8307513 -0.0102175493
v -0.0620430186 1.84109437 -0.0181132574
v -0.0583923608 1.8451345 -0.0168275964
v -0.0579748824 1.84503853 -0.00426730653
v -0.0724540725 1.82582116 -0.0125621809
v -0.0710008368 1.82752597 -0.0245460775
v -0.0672688782 1.83279216 -0.0279796086
v -0.0613275282 1.84139276 -0.023339428
v -0.0552624129 1.8478328 -0.0215524863
v -0.0459581949 1.85457408 -0.0229600482
v -0.0440819412 1.85601199 -0.0164858308
v -0.0531363785 1.84928513 -0.0028622339
v -0.0384302661 1.85890841 -0.0164572652
v -0.0366625376 1.85936582 0.000416205992
v -0.0417052731 1.85595512 0.00801634323
v -0.0527533442 1.84867167 0.0048729009
v -0.0194305163 1.86430144 0.0118812509
v -0.0302410703 1.86112487 0.0104440236
v -0.0309733711 1.86170948 0.00124140072
v -0.0218254067 1.86471677 -0.0157659687
v -0.0166890323 1.86588812 -0.0157778207
v -0.015135658 1.86605871 0.00256052823
v -0.0338294394 1.86021876 -0.0242694896
v -0.0228362847 1.86369228 -0.0241804626
v -0.0126599157 1.86588907 -0.0243686195
v -0.00384785072 1.86740696 -0.021991834
v -0.003585567 1.86804986 -0.0130099189
v -0.0106805144 1.86685622 0.00293470244
v 3.26878997e-12 1.86826944 -0.00936724618
v 8.57733502e-12 1.86734641 0.0100427512
v -0.00316388579 1.86657166 0.0161523912
v -0.0103154806 1.86606598 0.0127725489
v -1.90948247e-11 1.77702308 -0.103487894
v -9.38990032e-12 1.79046142 -0.102706909
v -0.00633411808 1.79456627 -0.101677969
v -0.0191435236 1.79201162 -0.0997323617
v -0.0687191859 1.78006196 -0.0691222996
v -0.066956751 1.76868367 -0.0717880055
v -0.0631509051 1.76917768 -0.076532051
v -0.0550355427 1.78016138 -0.0845093802
v -0.0554042831 1.7865566 -0.0833723024
v -0.0650060028 1.78707612 -0.0730770603
v -0.0489596352 1.76646864 -0.0888180286
v -0.0495540649 1.77833772 -0.0888359174
v -0.0793317482 1.79320145 0.0029653844
v -0.080106549 1.78191018 -0.00253150868
v -0.0804674551 1.78330028 -0.00716148596
v -0.080009304 1.79730392 -0.0126008
v -0.0793488473 1.80300069 -0.0102810739
v -0.0790342391 1.8002485 0.000670697365
v -0.0806793943 1.77804995 -0.00925607886
v -0.0809065476 1.7801224 -0.0184498597
v -0.0806223229 1.78658688 -0.0217364971
v -0.0798855945 1.79850292 -0.0179470982
v -0.0777968615 1.79005015 -0.0438468456
v -0.0768292248 1.80284405 -0.040230535
v -0.0781143978 1.80182207 -0.0346624218
v -0.0803261101 1.78747904 -0.0270506237
v -0.0804639161 1.78158116 -0.0286792945
v -0.0791680962 1.78297377 -0.0397983529
v -0.0773518085 1.80772448 -0.0327611566
v -0.0788610801 1.80544829 -0.0214374643
v -0.05005702 1.79123986 -0.0866272971
v -0.0493482202 1.80509019 -0.0825783312
v -0.0546421893 1.80700254 -0.0773242041
v -0.0648913383 1.79371667 -0.0713110194
v -0.0673469901 1.80625975 -0.0615623742
v -0.0686197206 1.79313576 -0.0659097359
v -0.0167087 1.81244504 -0.0945867375
v -0.0061499686 1.80155504 -0.100071758
v 2.14949482e-11 1.80440831 -0.0996076539
v 3.44029297e-12 1.81658089 -0.095608443
v -0.0230849609 1.81177175 -0.0929464549
v -0.0253333487 1.79829693 -0.0965534523
v -0.0749287829 1.72943473 0.0187839158
v -0.0748773813 1.72653377 0.0120254532
v -0.0751234964 1.72722006 0.00947295874
v -0.0760279819 1.73265386 0.00824732985
v -0.074620083 1.7278949 0.0237784553
v -0.0776300132 1.77581179 0.0158242825
v -0.0766140372 1.78684855 0.0225554295
v -0.0757795945 1.78496921 0.0270843673
v -0.0751463026 1.77069747 0.0293367468
v -0.0787911937 1.7917031 0.00803020969
v -0.0783546045 1.77736616 0.0112433182
v -0.0786203071 1.77197695 0.00837633014
v -0.079844825 1.77515042 -0.000458197086
v -0.0780122951 1.79723608 0.0113717346
v -0.0765556768 1.79394019 0.0214581229
v -0.0775045976 1.80408812 0.00935322326
v -0.0739409178 1.81416333 0.0162345637
v -0.0732358024 1.81244755 0.0221074224
v -0.0753574371 1.79899347 0.0251613334
v -0.0706704408 1.81733334 0.0257919487
v -0.0694237128 1.81277537 0.0364485942
v -0.0710543469 1.80585253 0.0374069251
v -0.074532859 1.7969439 0.0298861638
v -0.0782423541 1.8096776 -0.0135733914
v -0.0751011595 1.81981015 -0.00877343211
v -0.0751766488 1.81857443 -0.00254372437
v -0.0779972672 1.80559909 0.00368146622
v -0.0727650821 1.82357752 0.000219883063
v -0.072006233 1.82075727 0.0133786006
v -0.0749844238 1.81422532 -0.0363475084
v -0.0719253048 1.82377565 -0.0322678089
v -0.0731929317 1.82286155 -0.0266790763
v -0.0778696463 1.81087446 -0.019338578
v 1.06174997e-12 1.84155822 -0.0788841099
v 8.62582575e-12 1.85130537 -0.0663755611
v -0.00636844942 1.85282218 -0.0634544864
v -0.0180075876 1.84361386 -0.0728100911
v -0.00815724675 1.85694766 -0.0558018349
v -0.0200841483 1.85535824 -0.0542031266
v -0.0243263729 1.85104012 -0.0596353486
v -0.0238941684 1.84287679 -0.0711469054
v -0.0557384305 1.84266746 -0.0409219489
v -0.0595451631 1.83556426 -0.0466934964
v -0.0566745363 1.8364805 -0.0506123193
v -0.0476994179 1.84532487 -0.0500256978
v -0.0464223288 1.84833598 -0.046013508
v -0.0518383235 1.84650779 -0.0404014029
v -0.0453419201 1.83918524 -0.0613834113
v -0.044261761 1.84629226 -0.0524913967
v -0.0732303783 1.73779237 -0.0449945033
v -0.0744560808 1.73706222 -0.0374578498
v -0.0727244243 1.73064482 -0.0347115211
v -0.0669888929 1.72011924 -0.0388078652
v -0.0662135854 1.72320199 -0.0442862809
v -0.0714959279 1.73507893 -0.0466276221
v -0.0668473765 1.71218717 -0.0284349006
v -0.0644401386 1.71377313 -0.0368612669
v -0.00546006905 1.86080611 -0.0479436405
v -0.0135569731 1.8642987 -0.0327132717
v -0.018703239 1.86326611 -0.0324974731
v -0.0224334095 1.8579613 -0.0470100343
v -8.00406529e-12 1.86220551 -0.0449759178
v -3.53074202e-11 1.86686218 -0.0273225196
v -0.0406612903 1.85007739 -0.0495324433
v -0.0310160462 1.85305202 -0.0518181771
v -0.027845012 1.85671484 -0.0461369194
v -0.0348237567 1.85856557 -0.0321486481
v -0.0397419669 1.85620737 -0.0336624496
v -0.0423308052 1.85126376 -0.0451707989
v -0.0298571177 1.84996533 -0.0580947623
v -0.0405081622 1.84011126 -0.0644035935
v -0.0412358902 1.83574021 -0.0687699914
v -0.0301103517 1.83746636 -0.0739568174
v -0.0304693561 1.83279455 -0.0780809075
v -0.0421257988 1.82085991 -0.0798374712
v -0.0400408544 1.81549549 -0.0839419514
v -0.026825441 1.81756437 -0.0891662464
v -0.0442162156 1.78793752 -0.0909935236
v -0.0319471061 1.79099405 -0.0959248394
v -0.0317651816 1.79770875 -0.0944351107
v -0.0428054184 1.80847847 -0.0854953527
v -0.044500418 1.76326489 -0.0909678489
v -0.032821618 1.76522005 -0.0963272601
v -0.0322068892 1.77151823 -0.0972167701
v -0.0440515243 1.78146088 -0.091974169
v -0.0658926144 1.83334064 -0.0332484692
v -0.0575289689 1.8421545 -0.0374047011
v -0.054782521 1.84572625 -0.0347591937
v -0.057282418 1.84541488 -0.0254398752
v -0.0682747588 1.82902801 -0.0354482941
v -0.063989304 1.83071649 -0.045017805
v -0.0617741048 1.72115564 -0.0497330278
v -0.0610820204 1.73355067 -0.061590191
v -0.0656043291 1.73963213 -0.0600554012
v -0.0715080202 1.73842669 -0.0497531742
v -0.0564710982 1.71471643 -0.0508824326
v -0.0438882336 1.71424544 -0.0639280751
v -0.0538824499 1.69701195 -0.0387687534
v -0.0441940278 1.69709718 -0.0496566147
v -0.043337997 1.70066094 -0.0529481918
v -0.0556719787 1.70938218 -0.0467475764
v -0.059840925 1.70909703 -0.0403820723
v -0.0574925803 1.70040894 -0.0361866392
v -0.0366060585 1.70070124 -0.058295358
v -0.0362898894 1.70910311 -0.0651839674
v -0.0512108207 1.84840333 -0.0363753214
v -0.0441172682 1.85475183 -0.0298494343
v -0.0255826339 1.73330724 -0.0862589478
v -0.00923385471 1.72222638 -0.0830986053
v -4.41040607e-11 1.72482526 -0.0852064937
v -2.55206949e-11 1.73831141 -0.0928028598
v -0.0279950555 1.71439099 -0.0734549388
v -0.00951216742 1.71616709 -0.0791681558
v -0.0280942172 1.70926428 -0.0696103275
v -0.0103377849 1.70169508 -0.0688507184
v 4.34502101e-10 1.70329249 -0.0707063451
v -6.3920323e-12 1.71286368 -0.0774895102
v -0.030795794 1.69725692 -0.0594544075
v -0.0132025788 1.69771242 -0.0657242239
v -0.0683478564 1.76315498 -0.0688263997
v -0.0739194378 1.76048815 -0.0576587915
v -0.0736724213 1.75430167 -0.0553197525
v -0.0663290396 1.74608636 -0.0633479431
v -0.0753100961 1.75153375 -0.0496866032
v -0.0733218193 1.74106443 -0.0479439609
v -0.0781562775 1.77754569 -0.0468045101
v -0.077454567 1.76549256 -0.0491881631
v -0.0756175965 1.765921 -0.0551662147
v -0.0720168725 1.77937365 -0.0636269674
v -0.0720339268 1.78580582 -0.0621785671
v -0.0765456408 1.78439796 -0.0510482825
v -0.0703703687 1.80551541 -0.0562913343
v -0.0762164593 1.79086912 -0.049421858
v -0.0694684163 1.81158507 -0.0541013181
v -0.074283123 1.80980825 -0.0437025391
v -0.0732225105 1.81525958 -0.041702494
v -0.0656808242 1.82655144 -0.0473877266
v -0.0594603084 1.69684947 -0.0290330946
v -0.0600353442 1.70021152 -0.0313801393
v -0.0652511716 1.70745683 -0.0268136617
v 0.0100826388 1.82651782 0.0889476538
v 0.0100066392 1.83652818 0.0818906873
v 0.0131124333 1.8362323 0.0814200267
v 0.019227948 1.82576847 0.0874056444
v 0.0191270337 1.82109857 0.0900712311
v 0.0130622685 1.82154787 0.0911485255
v 0.0134053733 1.84111643 0.0769145563
v 0.0203128103 1.84031928 0.0756737366
v 0.0227164999 1.83523428 0.0796358138
v 0.0220831912 1.82553172 0.0868197456
v 0.0747359395 1.72342122 0.00982797239
v 0.0743293911 1.71847582 0.00970977265
v 0.0738548264 1.71664929 0.0123617137
v 0.0740768239 1.71874571 0.0193920527
v 0.0743743032 1.72139728 0.0194030851
v 0.0746647492 1.72423208 0.0122337043
v -9.36199555e-12 1.82319736 0.0918343887
v 1.63231009e-11 1.83331716 0.0857260525
v 0.00230171275 1.83535349 0.0841441825
v 0.00734618912 1.82656884 0.0893861279
v 0.00741505111 1.82174349 0.0920009464
v 0.00241541746 1.8203572 0.0931542292
v 0.00226801052 1.84043813 0.0799129456
v 0.00723337708 1.8416177 0.0779235512
v 0.0622404031 1.76400745 -0.076727137
v 0.0529876798 1.76266205 -0.085111104
v 0.0512537509 1.7575351 -0.084932439
v 0.0572157092 1.7469933 -0.0747902244
v 0.0628522336 1.74892867 -0.0696986541
v 0.0653462261 1.76021743 -0.0720458478
v 0.0459716581 1.75777912 -0.0886080191
v 0.0377007499 1.74633181 -0.0882981122
v 0.0397777744 1.73981047 -0.0839548633
v 0.053599976 1.74025214 -0.0742649287
v 0.033852078 1.73311365 -0.0830909833
v 0.0360204615 1.72006774 -0.0737364367
v 0.0437131077 1.72009706 -0.0687798932
v 0.0553629026 1.73359072 -0.0681747571
v 0.0304037966 1.74643183 -0.0913108364
v 0.027270101 1.75923562 -0.0968168974
v 0.0203423798 1.75951016 -0.0986444056
v 0.0073190704 1.74885893 -0.0973151997
v 0.00783722848 1.74230742 -0.0943994001
v 0.0242142752 1.74005592 -0.0902423039
v 0.0196640417 1.76584268 -0.10005077
v 0.00645894324 1.76795208 -0.1024637
v 0.00308359624 1.81963289 -0.0942181498
v 0.014166831 1.81878829 -0.0926168561
v 0.0165682938 1.82420564 -0.0892948285
v 0.00600605831 1.83372891 -0.0854739547
v 0.0228552707 1.82368338 -0.0875479653
v 0.0243983865 1.83362651 -0.0801803917
v 0.018210195 1.83899212 -0.0777532384
v 0.00609526923 1.83854806 -0.0814006925
v 0.0540501587 1.81373477 -0.0744718239
v 0.062962845 1.81300449 -0.0643414855
v 0.0619720891 1.81858385 -0.0618426949
v 0.0517886467 1.82968533 -0.0652741119
v 0.0471414067 1.83038402 -0.0691847652
v 0.0482557043 1.82006717 -0.0759161189
v 0.0653910413 1.81788993 -0.0568949059
v 0.0628175959 1.82743037 -0.0520261601
v 0.0581913143 1.83249617 -0.0536819585
v 0.0507164076 1.83412564 -0.061817605
v 0.0353072472 1.85783446 0.0186247658
v 0.0339463092 1.85446441 0.0384753235
v 0.0282591432 1.85648417 0.0402082019
v 0.0189435873 1.8631326 0.0217819586
v 0.0194305163 1.86430144 0.0118813822
v 0.0302410703 1.86112487 0.010444154
v 0.026719084 1.85429096 0.0494834892
v 0.0170299169 1.85679996 0.0503544919
v 0.0134601844 1.86022091 0.0419955961
v 0.0142412754 1.8641094 0.0222816728
v -3.08011863e-12 1.85952806 0.050124988
v -4.36666935e-12 1.86446655 0.0306844003
v 0.00311661209 1.86509192 0.026489187
v 0.00953647681 1.86075807 0.0427455306
v 0.00904621836 1.85794234 0.0517761931
v 0.00271909451 1.85752857 0.0551418625
v 0.00316388579 1.86657166 0.0161523949
v 0.0103154806 1.86606598 0.012772603
v 0.0579748824 1.84503853 -0.00426731165
v 0.0583923571 1.8451345 -0.0168276019
v 0.0620430186 1.84109437 -0.0181132574
v 0.0696133748 1.8307513 -0.0102174981
v 0.0698282048 1.82978189 -0.00372577831
v 0.0623033121 1.83968127 0.000992470887
v 0.0613275282 1.84139276 -0.023339428
v 0.0672688782 1.83279216 -0.0279795583
v 0.0710008368 1.82752597 -0.024545949
v 0.0724540725 1.82582128 -0.0125620523
v 0.0366625376 1.85936582 0.000416335795
v 0.0384302698 1.85890841 -0.0164571404
v 0.0440819412 1.85601199 -0.0164857842
v 0.0531363785 1.84928513 -0.00286223274
v 0.0527533442 1.84867167 0.00487290276
v 0.0417052731 1.85595512 0.00801639538
v 0.0459581949 1.85457408 -0.0229600258
v 0.0552624129 1.8478328 -0.0215524901
v 0.015135658 1.86605871 0.002560728
v 0.0166890323 1.86588824 -0.0157773923
v 0.0218254067 1.86471677 -0.0157655403
v 0.0309733711 1.86170948 0.00124159816
v 0.0228362847 1.86369228 -0.0241800323
v 0.0338294394 1.86021876 -0.0242692977
v 0.003585567 1.86804986 -0.0130098192
v 0.0106805144 1.86685622 0.00293483445
v 0.00384785072 1.86740696 -0.0219916869
v 0.0126599157 1.86588907 -0.0243681949
v 1.83945719e-12 1.84344375 0.0771275461
v -1.87853314e-12 1.85239637 0.06560947
v 0.00252092932 1.85391128 0.0627760589
v 0.00745405117 1.84632611 0.0727623552
v 0.012002103 1.85421717 0.0590941384
v 0.010549902 1.8461163 0.0721988007
v 0.0258254185 1.77190149 -0.0991756022
v 0.0256088991 1.78487122 -0.0989406779
v 0.0192024764 1.78528559 -0.100642435
v 0.00640832633 1.77439642 -0.103076562
v 0.0191435236 1.79201162 -0.0997323692
v 0.00633411808 1.79456627 -0.101677969
v 0.0650060028 1.78707612 -0.0730768591
v 0.0554042831 1.7865566 -0.0833721384
v 0.0550355427 1.78016138 -0.0845090598
v 0.0631509051 1.76917768 -0.0765314028
v 0.066956751 1.76868367 -0.0717873424
v 0.0687191859 1.78006196 -0.069121927
v 0.0495540649 1.77833772 -0.088835597
v 0.0489596352 1.76646864 -0.0888173655
v 0.0809065476 1.7801224 -0.0184495263
v 0.0806793943 1.77804995 -0.00925582554
v 0.0804674551 1.78330028 -0.00716124661
v 0.080009304 1.79730392 -0.0126003791
v 0.0798855945 1.79850292 -0.0179466717
v 0.0806223229 1.78658688 -0.021736173
v 0.080106549 1.78191018 -0.00253135478
v 0.0793317482 1.79320145 0.00296551082
v 0.0790342391 1.8002485 0.000670891139
v 0.0793488473 1.80300069 -0.0102806548
v 0.0788610801 1.80544829 -0.0214370433
v 0.0773518011 1.80772448 -0.0327609144
v 0.0781143978 1.80182207 -0.0346621647
v 0.0803261101 1.78747904 -0.0270502884
v 0.0768292248 1.80284405 -0.0402302891
v 0.0777968615 1.79005015 -0.0438463427
v 0.0791681036 1.78297377 -0.0397977494
v 0.0804639161 1.78158116 -0.0286788698
v 0.054642193 1.80700254 -0.0773242041
v 0.0648913383 1.79371667 -0.0713109002
v 0.0686197206 1.79313576 -0.0659095421
v 0.0673469901 1.80625975 -0.0615622513
v 0.0493482202 1.80509019 -0.0825783387
v 0.05005702 1.79123986 -0.08662723
v 0.0061499686 1.80155504 -0.100071758
v 0.0167087 1.81244504 -0.0945867375
v 0.0253333505 1.79829693 -0.0965534523
v 0.0230849609 1.81177163 -0.0929464549
v 0.0795462579 1.76075554 -0.0343266465
v 0.0779640898 1.75957561 -0.0444976725
v 0.0769923553 1.75342834 -0.0449476093
v 0.0762347952 1.74340284 -0.0368745141
v 0.077048555 1.74553657 -0.0334227979
v 0.0793945566 1.7568984 -0.0312948227
v 0.0753101036 1.75153375 -0.0496856198
v 0.0733218193 1.74106443 -0.0479429588
v 0.0732303783 1.73779237 -0.0449935049
v 0.0744560733 1.73706222 -0.0374568477
v 0.0760279745 1.73265386 0.00824732706
v 0.0751234442 1.72722006 0.00947294291
v 0.0748773292 1.72653377 0.0120254373
v 0.0749287754 1.72943473 0.0187839158
v 0.0751510859 1.73241234 0.0184346773
v 0.0759891346 1.73503709 0.0106929569
v 0.0746200755 1.7278949 0.0237784535
v 0.0766140372 1.78684855 0.0225554258
v 0.0776300132 1.77581179 0.015824277
v 0.0771957412 1.76883864 0.0173832197
v 0.0755476579 1.76555419 0.026491927
v 0.0751463026 1.77069747 0.0293367449
v 0.0757795945 1.78496921 0.0270843655
v 0.0765556693 1.79394019 0.021458121
v 0.0780122951 1.79723608 0.0113717644
v 0.0787911937 1.7917031 0.00803025905
v 0.0783546045 1.77736616 0.0112433173
v 0.079844825 1.77515042 -0.000458100607
v 0.0786203071 1.77197695 0.008376332
v 0.0778696463 1.81087446 -0.0193381589
v 0.0731929317 1.82286155 -0.0266788825
v 0.0719253048 1.82377553 -0.0322676823
v 0.0749844164 1.81422532 -0.036347352
v 0.0782423541 1.8096776 -0.0135729713
v 0.0751011595 1.81981027 -0.00877323654
v 0.0180075876 1.84361386 -0.0728100911
v 0.00636844942 1.85282218 -0.0634544641
v 0.0238941684 1.84287679 -0.0711469054
v 0.0243263729 1.85104012 -0.0596352965
v 0.0200841483 1.85535824 -0.0542029962
v 0.00815724675 1.85694766 -0.0558017306
v 0.0566745363 1.8364805 -0.050612323
v 0.0476994179 1.84532487 -0.0500257015
v 0.0442617573 1.84629226 -0.0524914004
v 0.0453419201 1.83918524 -0.061383415
v 0.0595451631 1.83556414 -0.0466935001
v 0.0557384305 1.84266746 -0.0409219526
v 0.0518383235 1.84650779 -0.0404014029
v 0.0464223288 1.84833598 -0.0460135117
v 0.0309638195 1.83365905 0.0782162398
v 0.0302472133 1.82476842 0.0846876428
v 0.0285727736 1.82496381 0.0851866081
v 0.0253687929 1.83493352 0.0790383965
v 0.0262907911 1.83947444 0.0744777247
v 0.0302611291 1.83798945 0.0746323913
v 0.028356621 1.82040071 0.0878485814
v 0.0243974663 1.82071018 0.0889225155
v 0.0714959279 1.73507893 -0.04662662
v 0.0662135854 1.72320199 -0.044285275
v 0.0669888929 1.72011924 -0.0388068594
v 0.0727244243 1.73064482 -0.0347105153
v 0.0644401386 1.71377313 -0.0368602611
v 0.0668473765 1.71218717 -0.0284339413
v 0.00546006905 1.86080611 -0.0479434952
v 0.0135569731 1.8642987 -0.0327128507
v 0.0224334095 1.8579613 -0.0470098369
v 0.018703239 1.86326611 -0.0324970409
v 0.0159740821 1.85364521 0.0584333166
v 0.0213851947 1.84474826 0.0702948496
v 0.0289765112 1.8502301 0.0576042347
v 0.0248108301 1.84417033 0.0696760118
v 0.027845012 1.85671496 -0.046136789
v 0.0348237567 1.85856557 -0.0321485214
v 0.0310160462 1.85305202 -0.0518181212
v 0.0406612903 1.85007739 -0.0495324396
v 0.0423308052 1.85126376 -0.0451707952
v 0.0397419706 1.85620737 -0.0336624011
v 0.0301103517 1.83746636 -0.0739568174
v 0.0412358902 1.83574021 -0.0687699914
v 0.0405081622 1.84011126 -0.064403601
v 0.0298571177 1.84996545 -0.0580947287
v 0.026825441 1.81756437 -0.0891662464
v 0.0400408544 1.81549549 -0.0839419514
v 0.0421257988 1.82085991 -0.0798374787
v 0.0304693561 1.83279455 -0.0780809075
v 0.0317651853 1.79770875 -0.0944351181
v 0.0428054184 1.80847847 -0.0854953602
v 0.0319471061 1.79099405 -0.0959248468
v 0.0442162156 1.78793752 -0.0909934565
v 0.0440515243 1.78146088 -0.0919739977
v 0.032206893 1.77151823 -0.0972165912
v 0.032821618 1.76522005 -0.0963269323
v 0.044500418 1.76326489 -0.0909671783
v 0.063989304 1.83071649 -0.045017805
v 0.0682747588 1.82902801 -0.0354482457
v 0.0658926144 1.83334064 -0.0332484394
v 0.0575289689 1.8421545 -0.0374047011
v 0.057282418 1.84541488 -0.0254398789
v 0.054782521 1.84572625 -0.0347591974
v 0.0715080202 1.73842669 -0.0497521684
v 0.0656043291 1.73963213 -0.0600543916
v 0.0610820204 1.73355067 -0.0615891814
v 0.0617741048 1.72115564 -0.0497320183
v 0.0438882336 1.71424544 -0.0639271438
v 0.0564710982 1.71471643 -0.0508814231
v 0.0362898894 1.70910311 -0.0651831254
v 0.0366060585 1.70070124 -0.0582944714
v 0.043337997 1.70066094 -0.0529472269
v 0.0556719787 1.70938218 -0.0467465632
v 0.0441940278 1.69709718 -0.0496556312
v 0.0538824499 1.69701195 -0.0387678258
v 0.0574925803 1.70040894 -0.0361857116
v 0.059840925 1.70909703 -0.0403810628
v 0.0512108207 1.84840333 -0.0363753252
v 0.0441172682 1.85475194 -0.0298494119
v 0.00923385471 1.7222265 -0.0830983594
v 0.0255826339 1.73330724 -0.086258322
v 0.00951216742 1.71616709 -0.0791679025
v 0.0279950574 1.71439099 -0.0734542534
v 0.0280942172 1.70926428 -0.0696096346
v 0.0103377858 1.70169508 -0.0688504353
v 0.0132025797 1.69771242 -0.0657238364
v 0.0307957958 1.69725692 -0.0594535954
v 0.0736724287 1.75430167 -0.0553187951
v 0.0663290396 1.74608636 -0.0633469447
v 0.0739194378 1.76048803 -0.0576579124
v 0.0683478564 1.76315498 -0.0688255951
v 0.0765456483 1.78439796 -0.0510476865
v 0.0720339268 1.78580582 -0.0621781945
v 0.0720168725 1.77937365 -0.0636265129
v 0.0756175965 1.765921 -0.0551654063
v 0.077454567 1.76549256 -0.0491872877
v 0.0781562775 1.77754569 -0.0468037687
v 0.074283123 1.80980825 -0.0437023863
v 0.0694684163 1.81158507 -0.0541011989
v 0.0703703761 1.80551541 -0.0562911443
v 0.0762164667 1.79086912 -0.0494213626
v 0.0732225105 1.81525958 -0.0417023972
v 0.0656808242 1.82655144 -0.0473877229
v 0.0792235285 1.777004 -0.0411919579
v 0.0800640136 1.7658354 -0.0330227129
v 0.0804991424 1.76620626 -0.0281597227
v 0.0808075219 1.77560818 -0.0249989033
v 0.0652511716 1.70745683 -0.0268127844
v 0.0600353442 1.70021152 -0.0313793086
v 0.0594603084 1.69684958 -0.0290324129
v 0.0727650821 1.82357752 0.000219934911
v 0.072006233 1.82075727 0.0133786034
v 0.0688888133 1.82583976 0.0167149603
v 0.0620431527 1.83864975 0.00832163915
v 0.0682484061 1.82416785 0.0233456101
v 0.0605475605 1.83371627 0.0314613804
v 0.0562364608 1.84043074 0.0275092833
v 0.0573869571 1.84337008 0.0107707428
v 0.041066967 1.85502303 0.0169642325
v 0.050838355 1.84493864 0.030764373
v 0.0492891558 1.84382963 0.0397831388
v 0.0386997052 1.84998035 0.0453466773
v 0.0475898422 1.83643866 0.0602756329
v 0.0517334975 1.83930433 0.0465097427
v 0.0552070588 1.83520019 0.0472997166
v 0.0547199287 1.82948649 0.0586280115
v 0.0531789958 1.82831216 0.0625857934
v 0.0488990545 1.83183956 0.0645773932
v 0.0584579781 1.83199644 0.0440653376
v 0.0606996864 1.82355607 0.0519291013
v 0.0596417375 1.82251024 0.0559742153
v 0.0560250729 1.82606542 0.0600816198
v 0.0753574371 1.79899347 0.0251613315
v 0.0732358024 1.81244755 0.0221074205
v 0.0739409104 1.81416333 0.0162345674
v 0.0775045976 1.804088 0.00935327448
v 0.074532859 1.7969439 0.0298861619
v 0.0710543543 1.80585253 0.0374069251
v 0.0694237202 1.81277537 0.0364485942
v 0.0706704333 1.81733334 0.0257919449
v 0.0779972672 1.80559909 0.00368159451
v 0.0751766488 1.81857443 -0.00254359469
v 0.0322026312 1.84770858 0.060281869
v 0.0315002054 1.8404355 0.0715864897
v 0.0354425535 1.84671104 0.0590869673
v 0.0369937345 1.83907688 0.0696102902
v 0.0359336846 1.83677661 0.0728471428
v 0.0326917171 1.8375293 0.0740124956
v 0.0668951645 1.81691635 0.0402029492
v 0.0608602799 1.83052385 0.0382848233
v 0.0666425303 1.8137188 0.0448029451
v 0.0626052544 1.8189311 0.0518679246
v 0.0595528185 1.81106603 0.0651799366
v 0.0607261695 1.81766689 0.0580305941
v 0.0624872819 1.81549025 0.0555648841
v 0.0652313158 1.80361438 0.0566834509
v 0.0645729378 1.80048048 0.0598607995
v 0.0608766191 1.80561233 0.0656057
v 0.0683634356 1.806903 0.0455042124
v 0.0670596659 1.80051041 0.0533387102
v 0.0576602519 1.81295133 0.0674697161
v 0.0553966686 1.82289445 0.064192079
v 0.0570570603 1.80955338 0.0703817308
v 0.0532215834 1.81252575 0.0742009953
v 0.0519894063 1.81731558 0.0729844347
v 0.0537189171 1.82416999 0.0657411367
v 0.0441665612 1.82136929 0.0784865096
v 0.0453310832 1.82966805 0.0710995868
v 0.0476909429 1.82843769 0.0696265176
v 0.0500769392 1.81848967 0.0745039433
v 0.049422618 1.81478608 0.0773456842
v 0.0456435084 1.81656337 0.0799956769
v 0.0421732776 1.82211292 0.0796242878
v 0.0388283506 1.83183765 0.0752328485
v 0.0389056765 1.83587098 0.0714375451
v 0.0435506962 1.83472407 0.0678334385
v 0.0418420359 1.81794798 0.0822392404
v 0.0381970443 1.81895173 0.0840724632
v 0.0366476029 1.82373261 0.0822820738
v 0.0370965078 1.83238006 0.0760087743
v 0.0323743373 1.83344388 0.0777772591
v 0.0349972807 1.8240757 0.0829660445
v 0.0348404236 1.81961584 0.0855401903
v 0.0316442698 1.82006216 0.0867672339
v 0.0444162749 1.83820844 0.0621660128
v 0.038439244 1.84705698 0.054105483
v -0.0130622685 1.82154775 0.0911485255
v -0.0191270337 1.82109857 0.0900712311
v -0.019227948 1.82576847 0.0874056444
v -0.0131124323 1.8362323 0.0814200267
v -0.0100066392 1.83652818 0.0818906873
v -0.0100826388 1.82651782 0.0889476538
v -0.0220831931 1.82553172 0.0868197456
v -0.0227164999 1.83523428 0.0796358138
v -0.0203128122 1.84031928 0.0756737366
v -0.0134053733 1.84111643 0.0769145563
v -0.00241541746 1.8203572 0.0931542292
v -0.00741505111 1.82174337 0.0920009464
v -0.00734618912 1.82656884 0.0893861279
v -0.00230171252 1.83535349 0.0841441825
v -0.00723337708 1.8416177 0.0779235512
v -0.00226801052 1.84043813 0.0799129456
v -0.00311661209 1.86509192 0.026489187
v -0.00953647681 1.86075807 0.0427455343
v -0.0134601844 1.86022091 0.0419955999
v -0.0142412754 1.8641094 0.0222816411
v -0.00271909451 1.85752869 0.0551418625
v -0.00904621836 1.85794234 0.0517761968
v -0.00745405117 1.84632611 0.0727623552
v -0.00252092932 1.85391128 0.0627760589
v -0.010549902 1.8461163 0.0721988007
v -0.012002103 1.85421729 0.0590941384
v -0.0243974663 1.82071018 0.0889225155
v -0.028356621 1.82040071 0.0878485814
v -0.0285727736 1.82496381 0.0851866081
v -0.0253687948 1.83493352 0.0790383965
v -0.0302472133 1.82476842 0.0846876428
v -0.0309638195 1.83365905 0.0782162398
v -0.0302611291 1.83798945 0.0746323839
v -0.0262907911 1.83947444 0.0744777247
v -0.0359336883 1.83677661 0.0728471428
v -0.0326917171 1.8375293 0.0740124881
v -0.0323743373 1.83344388 0.0777772591
v -0.0349972807 1.8240757 0.0829660445
v -0.0366476029 1.82373261 0.0822820738
v -0.0370965078 1.83238006 0.0760087743
v -0.0316442698 1.82006216 0.0867672339
v -0.0348404273 1.81961584 0.0855401903
v -0.0605475605 1.83371615 0.0314613841
v -0.0682484061 1.82416785 0.0233456139
v -0.0688888133 1.82583976 0.0167149622
v -0.0620431527 1.83864975 0.00832164381
v -0.0573869571 1.84337008 0.0107707474
v -0.0562364608 1.84043062 0.027509287
v -0.0170299169 1.85679996 0.0503544956
v -0.026719084 1.85429096 0.049483493
v -0.0282591432 1.85648417 0.0402081981
v -0.0189435873 1.8631326 0.0217819065
v -0.0339463092 1.85446441 0.0384753235
v -0.0353072472 1.85783446 0.0186247136
v -0.041066967 1.85502303 0.0169642027
v -0.050838355 1.84493852 0.0307643767
v -0.0386997014 1.84998035 0.0453466773
v -0.0492891558 1.84382951 0.0397831388
v -0.0213851947 1.84474826 0.0702948496
v -0.0159740821 1.85364521 0.0584333166
v -0.0248108301 1.84417033 0.0696760118
v -0.0289765112 1.8502301 0.0576042384
v -0.0488990508 1.83183956 0.0645773932
v -0.0531789958 1.82831216 0.0625857934
v -0.0547199287 1.82948649 0.0586280115
v -0.0552070588 1.83520007 0.0472997166
v -0.0517334975 1.83930421 0.0465097465
v -0.0475898422 1.83643854 0.0602756329
v -0.0560250729 1.82606542 0.0600816198
v -0.0596417375 1.82251012 0.0559742153
v -0.0606996864 1.82355595 0.0519291013
v -0.0584579781 1.83199632 0.0440653376
v -0.0608602799 1.83052373 0.0382848233
v -0.0668951645 1.81691635 0.0402029492
v -0.0626052544 1.8189311 0.0518679246
v -0.0666425228 1.8137188 0.0448029451
v -0.0608766191 1.80561233 0.0656057
v -0.0645729378 1.80048048 0.0598607995
v -0.0652313158 1.80361438 0.0566834509
v -0.0624872819 1.81549025 0.0555648841
v -0.0607261695 1.81766689 0.0580305941
v -0.0595528185 1.81106603 0.0651799366
v -0.0670596585 1.80051053 0.0533387102
v -0.0683634356 1.806903 0.0455042161
v -0.0553966686 1.82289445 0.064192079
v -0.0576602519 1.81295133 0.0674697161
v -0.0537189171 1.82416999 0.0657411292
v -0.0519894063 1.81731558 0.0729844347
v -0.0532215834 1.81252575 0.0742009953
v -0.0570570603 1.80955338 0.0703817308
v -0.0456435084 1.81656337 0.0799956769
v -0.049422618 1.81478596 0.0773456842
v -0.0500769392 1.81848967 0.0745039433
v -0.0476909429 1.82843769 0.0696265176
v -0.0453310832 1.82966805 0.0710995868
v -0.0441665612 1.82136929 0.0784865096
v -0.0381970443 1.81895173 0.0840724632
v -0.0418420359 1.81794798 0.0822392404
v -0.0421732776 1.82211292 0.0796242952
v -0.0388283543 1.83183765 0.0752328411
v -0.0435506962 1.83472407 0.0678334385
v -0.0389056765 1.83587098 0.0714375377
v -0.0315002054 1.8404355 0.0715864822
v -0.0322026312 1.84770858 0.060281869
v -0.0369937383 1.83907688 0.0696102902
v -0.0354425535 1.84671104 0.0590869673
v -0.038439244 1.84705698 0.0541054867
v -0.0444162749 1.83820844 0.0621660165
v 0.0779784471 1.75208616 0.00706311828
v 0.0767166987 1.74822521 0.0155604128
v 0.0765255019 1.7518127 0.0184376333
v 0.0774722025 1.76378226 0.0146391122
v 0.0781662762 1.76539111 0.0101782335
v 0.0785392001 1.75728202 0.00520574767
v 0.0757470652 1.75022316 0.0231367983
v 0.0749978274 1.75895536 0.0284819417
v 0.0780380145 1.74964404 0.00500317616
v 0.0771337822 1.7413609 0.00720819412
v 0.0764565617 1.7388407 0.0102838036
v 0.0762376711 1.74352288 0.0167801455
v 0.0749501586 1.73422027 0.0227742437
v 0.0756042674 1.74196184 0.0212999303
v 0.0800455362 1.77049327 -0.00270878966
v 0.0792477727 1.75960338 0.00094591704
v 0.0805207491 1.77208149 -0.00690701744
v 0.080869779 1.76536727 -0.0109981243
v 0.0806998312 1.76202619 -0.00957962684
v 0.0795723051 1.75789845 -0.00189352501
v 0.0809871778 1.77510476 -0.0201051421
v 0.0810614973 1.76629114 -0.0150161628
v 0.0805406496 1.76267552 -0.0254546851
v 0.0810568854 1.76364827 -0.0173239224
v -0.0778178647 1.74100757 0.00501152081
v -0.0769923553 1.75342834 -0.0449485928
v -0.0762347952 1.74340284 -0.0368755199
v -0.0779640898 1.75957561 -0.0444986299
v -0.0795462579 1.76075554 -0.0343276002
v -0.0793945566 1.7568984 -0.0312958024
v -0.077048555 1.74553657 -0.0334238037
v -0.0792477727 1.75960338 0.000945752603
v -0.0800455362 1.77049327 -0.00270894566
v -0.0795723051 1.75789833 -0.00189384003
v -0.0806998312 1.76202619 -0.00958025549
v -0.080869779 1.76536727 -0.0109986793
v -0.0805207491 1.77208149 -0.00690726517
v -0.0810614973 1.76629114 -0.0150167989
v -0.0809871778 1.77510476 -0.0201055668
v -0.0810568854 1.76364827 -0.0173247233
v -0.0805406496 1.76267552 -0.0254555624
v -0.0804991424 1.76620626 -0.0281605311
v -0.0808075219 1.77560818 -0.0249993894
v -0.0800640136 1.7658354 -0.0330235884
v -0.0792235285 1.77700388 -0.0411927029
v -0.0786899775 1.751706 0.00148780632
v -0.0793445781 1.75497139 -0.00150968204
v -0.0808981434 1.76083362 -0.0124563472
v -0.0800203606 1.75865018 -0.0273877271
v -0.0810409337 1.76147044 -0.0161749143
v -0.0734357387 1.71391165 0.0124396812
v -0.0726507455 1.71046209 0.0191541351
v -0.072130695 1.70773363 0.0190349575
v -0.0720193014 1.70565546 0.0126473187
v -0.0727452636 1.70733774 0.0101094805
v -0.0736222342 1.71302068 0.00989021081
v 0.0727625489 1.7073369 0.0101144798
v 0.0736292452 1.7130208 0.00989237241
v 0.0734402984 1.71391177 0.0124410978
v 0.0726552904 1.71046221 0.0191555526
v 0.0720372051 1.70565438 0.0126522211
v 0.0721378028 1.70773363 0.0190371033
v -0.0571853183 1.69362521 -0.0304840915
v -0.0457893871 1.67204797 -0.0345071405
v -0.0517704822 1.68402541 -0.0316586941
v -0.0501257256 1.68729937 -0.0365255848
v -0.0543896556 1.69365656 -0.0353567675
v -0.0504254401 1.68084192 -0.0316651687
v -0.0447463021 1.67519832 -0.0371479429
v -0.0473592244 1.68106544 -0.0363597721
v -0.0291461814 1.68775737 -0.0547170974
v -0.0337140746 1.6938895 -0.0556294918
v -0.0402082056 1.69379723 -0.0509624183
v -0.0461028665 1.68741548 -0.0414873213
v -0.0446782224 1.68433809 -0.0412498489
v -0.0343263671 1.68458533 -0.0501321964
v -0.0258729998 1.67537487 -0.0517523512
v -0.0273199826 1.68163693 -0.0530250371
v -0.0333868749 1.68153453 -0.0494801663
v -0.0412131846 1.67540669 -0.0410882235
v -0.0403210931 1.67245698 -0.040973641
v -0.0308614597 1.67201269 -0.0481060408
v -2.43603786e-08 1.68593836 -0.0613887832
v -2.47953214e-09 1.69286871 -0.0643899068
v -0.00901550613 1.69411564 -0.0643523633
v -0.0221718661 1.68787396 -0.0579069071
v -0.0213631205 1.68477821 -0.0568670034
v -0.00712822983 1.68401694 -0.0602165423
v 5.17005674e-07 1.67356992 -0.0579507165
v 2.26805081e-08 1.67976487 -0.0593591034
v -0.00693017617 1.68093967 -0.0592323504
v -0.0196279995 1.67546308 -0.0544965304
v -0.0190712269 1.67223358 -0.053981781
v -0.00634736288 1.67154634 -0.0571681596
v 0.0457893535 1.67204797 -0.03450647
v 0.0517704822 1.68402541 -0.0316580124
v 0.0571853183 1.69362521 -0.0304834172
v 0.0543896556 1.69365656 -0.0353559405
v 0.0501257293 1.68729937 -0.0365247577
v 0.0504254363 1.68084192 -0.031664487
v 0.0473592207 1.68106544 -0.0363589413
v 0.0447462685 1.67519832 -0.0371471271
v 0.0343263559 1.68458533 -0.0501312651
v 0.0446782187 1.68433809 -0.0412489176
v 0.0461028703 1.68741548 -0.0414863899
v 0.0402082056 1.69379735 -0.0509614572
v 0.0337140784 1.6938895 -0.0556286052
v 0.0291461758 1.68775749 -0.0547162555
v 0.03086197 1.67201269 -0.0481052883
v 0.0403211154 1.67245698 -0.0409728289
v 0.0412131511 1.67540669 -0.0410873294
v 0.0333868526 1.68153453 -0.049479235
v 0.0273199584 1.68163693 -0.0530242026
v 0.025873296 1.67537487 -0.0517515987
v 0.00712817721 1.68401694 -0.0602162927
v 0.0213630926 1.68477821 -0.056866318
v 0.022171855 1.68787408 -0.0579062179
v 0.0090155052 1.69411564 -0.0643520877
v 0.00634896848 1.67154634 -0.0571680106
v 0.0190724991 1.67223358 -0.0539812818
v 0.0196284913 1.67546308 -0.0544959344
v 0.00693017058 1.68093967 -0.0592321046
v -0.0714978725 1.70319057 0.0128576132
v -0.0707725435 1.70040858 0.0186841432
v -0.0702653006 1.69862473 0.0112401303
v -0.0714020133 1.7020402 0.010943193
v -0.075269565 1.74504149 0.0248646103
v -0.074004665 1.75734782 0.0331465676
v 0.0707831457 1.70040727 0.0186858382
v 0.071518898 1.70318806 0.0128625166
v 0.0714282542 1.70203459 0.0109488238
v 0.0702892542 1.69861615 0.0112421028
v 0.075269565 1.74504149 0.0248646103
v 0.074004665 1.75734782 0.0331465676
v 0.0736037791 1.76213396 0.03548944
v 0.0730355754 1.78528965 0.0390302017
v 0.0748861283 1.78999567 0.0306674764
v 0.0741909519 1.76883006 0.0336977392
v 0.0729557797 1.77840912 0.0396675654
v 0.0718706921 1.77613556 0.0435883179
v 0.0709297135 1.78031564 0.0467022844
v 0.0679517686 1.79414999 0.0533355996
v 0.0708454102 1.78682613 0.0463778153
v 0.0670885667 1.7914232 0.0564589575
v 0.0718450844 1.78952706 0.0425766818
v 0.0703483224 1.80309224 0.0418188348
v 0.065559499 1.79468226 0.0595801882
v 0.058388669 1.80471706 0.0705648363
v 0.0602887645 1.80266142 0.0681096986
v 0.0526386164 1.80927312 0.0765144452
v 0.0507433303 1.81035554 0.0781343132
v 0.0451875702 1.81286168 0.0821897164
v 0.0217468999 1.81655097 0.0916400328
v 0.0130416984 1.81708848 0.0932745337
v 0.024185285 1.81639493 0.0910726562
v 0.0298149884 1.81599212 0.0894474685
v 0.0433499925 1.81349981 0.0833226964
v 0.0362855718 1.81519234 0.0869329646
v 0.0379780196 1.81488287 0.0861615315
v 0.0314298011 1.81583905 0.0888825729
v -0.0729557797 1.77840912 0.0396675654
v -0.0741909519 1.76883006 0.0336977392
v -0.0748861283 1.78999567 0.0306674764
v -0.0730355754 1.78528965 0.0390302017
v -0.0703483224 1.80309224 0.0418188348
v -0.0718450844 1.78952706 0.0425766818
v -0.0679517686 1.79414999 0.0533355996
v -0.0708454102 1.78682613 0.0463778153
v 0.0101616792 1.81722724 0.0936992913
v 0.00243406557 1.81590807 0.0950531289
v -2.07656271e-11 1.81422615 0.0957421064
v -0.00243406557 1.81590807 0.0950531289
v -0.0101616792 1.81722713 0.0936992913
v -0.0736037791 1.76213396 0.0354894437
v -0.0718706921 1.77613556 0.0435883179
v -0.0709297135 1.78031564 0.0467022844
v -0.0670885667 1.7914232 0.0564589575
v -0.065559499 1.79468226 0.0595801882
v -0.0602887645 1.80266142 0.0681096986
v -0.058388669 1.80471706 0.0705648363
v -0.0526386164 1.80927312 0.0765144452
v -0.0507433303 1.81035542 0.0781343132
v -0.0451875702 1.81286168 0.0821897164
v -0.0241852868 1.81639493 0.0910726562
v -0.0217469018 1.81655097 0.0916400328
v -0.0130416984 1.81708848 0.0932745337
v -0.0298149884 1.81599212 0.0894474685
v -0.0314298011 1.81583905 0.0888825729
v -0.0362855755 1.81519234 0.0869329646
v -0.0433499925 1.81349981 0.0833226964
v -0.0379780196 1.81488287 0.0861615315
vt 0.331454992 0.494217455 0
vt 0.343561918 0.49671182 0
vt 0.330375195 0.507893443 0
vt 0.343427122 0.510034621 0
vt 0.330130905 0.522447288 0
vt 0.355854064 0.497523695 0
vt 0.34422186 0.524173558 0
vt 0.331832618 0.537884653 0
vt 0.347081751 0.53912878 0
vt 0.33671841 0.554340363 0
vt 0.358514875 0.524461269 0
vt 0.368299246 0.496955931 0
vt 0.356674165 0.51061666 0
vt 0.370091021 0.509861112 0
vt 0.380860925 0.495246857 0
vt 0.365646899 0.315909982 0
vt 0.366594046 0.309510916 0
vt 0.37035948 0.315077722 0
vt 0.371476233 0.309368432 0
vt 0.375638366 0.315187693 0
vt 0.367671549 0.303838104 0
vt 0.377028525 0.309742063 0
vt 0.381549597 0.31579408 0
vt 0.383095324 0.310499936 0
vt 0.387955725 0.316594064 0
vt 0.378708899 0.304307729 0
vt 0.369159877 0.298291534 0
vt 0.372936487 0.303816289 0
vt 0.374745846 0.298261344 0
vt 0.371094018 0.292672157 0
vt 0.389547735 0.31142047 0
vt 0.384845793 0.30518055 0
vt 0.391256124 0.306235671 0
vt 0.386772931 0.299813509 0
vt 0.393062621 0.3010481 0
vt 0.388871133 0.294421256 0
vt 0.394965887 0.295871764 0
vt 0.382833779 0.293231547 0
vt 0.380647242 0.298811674 0
vt 0.376890332 0.292594284 0
vt 0.358420879 0.276587039 0
vt 0.361279368 0.279917419 0
vt 0.355859905 0.282796711 0
vt 0.358862847 0.28586486 0
vt 0.353864074 0.288071156 0
vt 0.364359379 0.283584267 0
vt 0.357021272 0.29117021 0
vt 0.352364689 0.292821348 0
vt 0.355884939 0.296240091 0
vt 0.351311058 0.298017412 0
vt 0.360471398 0.294712335 0
vt 0.367641211 0.287778348 0
vt 0.362112522 0.289348066 0
vt 0.365562618 0.29344824 0
vt 0.356066614 0.301335365 0
vt 0.359622538 0.299936503 0
vt 0.359607875 0.305113077 0
vt 0.363142699 0.304317087 0
vt 0.362687767 0.309774011 0
vt 0.364047706 0.298902243 0
vt 0.341832876 0.285792708 0
vt 0.33953774 0.284669369 0
vt 0.342269301 0.282664686 0
vt 0.339655995 0.28076452 0
vt 0.343328416 0.278136015 0
vt 0.336799622 0.283015966 0
vt 0.340531498 0.275930136 0
vt 0.345059305 0.272485703 0
vt 0.337527037 0.273644388 0
vt 0.342096925 0.270177513 0
vt 0.333856851 0.281044245 0
vt 0.336805761 0.278701693 0
vt 0.333750844 0.276471972 0
vt 0.330730408 0.27888605 0
vt 0.341483444 0.418367445 0
vt 0.339127153 0.424957067 0
vt 0.335301846 0.416109353 0
vt 0.331362367 0.42394945 0
vt 0.327656418 0.41394639 0
vt 0.336613536 0.433675081 0
vt 0.3227157 0.422966957 0
vt 0.318603277 0.411685109 0
vt 0.312456608 0.422099203 0
vt 0.306361943 0.40792045 0
vt 0.318878293 0.433552384 0
vt 0.333966672 0.44282493 0
vt 0.32816869 0.43336001 0
vt 0.325553983 0.443278193 0
vt 0.331245691 0.45045203 0
vt 0.300057769 0.422235161 0
vt 0.308003455 0.434369922 0
vt 0.295054823 0.435930371 0
vt 0.304254115 0.447176367 0
vt 0.29019627 0.449964851 0
vt 0.300520122 0.460535198 0
vt 0.285044581 0.464790106 0
vt 0.313490063 0.456919253 0
vt 0.315946549 0.444967985 0
vt 0.323937535 0.453521818 0
vt 0.291349381 0.40955627 0
vt 0.285685986 0.423767388 0
vt 0.276147544 0.411239833 0
vt 0.269590914 0.426283658 0
vt 0.259598136 0.414227128 0
vt 0.251691133 0.430395275 0
vt 0.241577655 0.419325888 0
vt 0.262455136 0.442070514 0
vt 0.279862702 0.438379407 0
vt 0.273650944 0.453728974 0
vt 0.296473354 0.474768877 0
vt 0.279683828 0.480849236 0
vt 0.292286247 0.490211159 0
vt 0.274799585 0.498433858 0
vt 0.307958424 0.483205289 0
vt 0.288689256 0.507005155 0
vt 0.271479934 0.517631114 0
vt 0.28676343 0.525125742 0
vt 0.270913839 0.538368165 0
vt 0.302459925 0.513938844 0
vt 0.319590926 0.489743322 0
vt 0.304870635 0.497991532 0
vt 0.317533761 0.503915548 0
vt 0.287679523 0.544477761 0
vt 0.301811516 0.530965924 0
vt 0.304083586 0.549095452 0
vt 0.316775739 0.535193682 0
vt 0.320351869 0.55236429 0
vt 0.316232204 0.519080579 0
vt 0.458746195 0.521767139 0
vt 0.454070896 0.515706599 0
vt 0.4652161 0.516751111 0
vt 0.460699886 0.505362689 0
vt 0.474869251 0.507879734 0
vt 0.446795076 0.506163061 0
vt 0.468651056 0.494671136 0
vt 0.484626442 0.496697664 0
vt 0.476397634 0.483528107 0
vt 0.493262172 0.483580589 0
vt 0.460794985 0.483680516 0
vt 0.43922776 0.495677173 0
vt 0.453661203 0.494391739 0
vt 0.446106464 0.48412466 0
vt 0.432225466 0.485180169 0
vt 0.483179629 0.471608192 0
vt 0.467616022 0.47350204 0
vt 0.473724842 0.463141173 0
vt 0.459211379 0.465298742 0
vt 0.465172768 0.45634836 0
vt 0.451493651 0.457914323 0
vt 0.45743528 0.450178176 0
vt 0.445263177 0.465737283 0
vt 0.452790052 0.474271417 0
vt 0.438886762 0.474516571 0
vt 0.427009612 0.402637571 0
vt 0.428542852 0.408004999 0
vt 0.421947777 0.404518574 0
vt 0.423337966 0.41040197 0
vt 0.416510195 0.406301439 0
vt 0.430458903 0.413608074 0
vt 0.417725056 0.412633479 0
vt 0.410537004 0.407983243 0
vt 0.411552757 0.414727479 0
vt 0.403860003 0.40958643 0
vt 0.419280648 0.419313282 0
vt 0.432885259 0.419463545 0
vt 0.425089896 0.416579872 0
vt 0.427338094 0.423046649 0
vt 0.43598178 0.425518215 0
vt 0.404662549 0.416740119 0
vt 0.412886709 0.421900839 0
vt 0.405717462 0.424465805 0
vt 0.414641231 0.429635048 0
vt 0.406976908 0.433153421 0
vt 0.417030811 0.438179791 0
vt 0.408290774 0.444286287 0
vt 0.42400822 0.433789194 0
vt 0.421312839 0.426354945 0
vt 0.430246681 0.429760307 0
vt 0.450007975 0.358409435 0
vt 0.448619217 0.364354163 0
vt 0.444333643 0.358476043 0
vt 0.443069667 0.364263803 0
vt 0.438621461 0.358649254 0
vt 0.447224855 0.36987555 0
vt 0.437469661 0.36436969 0
vt 0.43292889 0.358948648 0
vt 0.431872427 0.364652246 0
vt 0.427323222 0.359337747 0
vt 0.436462283 0.369832188 0
vt 0.445695966 0.374695778 0
vt 0.441877246 0.369673014 0
vt 0.440785855 0.374585837 0
vt 0.444143444 0.378265381 0
vt 0.42634806 0.365038604 0
vt 0.430988431 0.370218486 0
vt 0.425546795 0.370663762 0
vt 0.430306375 0.375650227 0
vt 0.424943238 0.376204789 0
vt 0.429859847 0.380955696 0
vt 0.424599051 0.381653339 0
vt 0.435175329 0.380185187 0
vt 0.435668081 0.375075966 0
vt 0.440204799 0.379260391 0
vt 0.448230416 0.379578233 0
vt 0.450659335 0.375473112 0
vt 0.452970773 0.381087452 0
vt 0.455730647 0.376536548 0
vt 0.457847059 0.382936031 0
vt 0.460919678 0.377813041 0
vt 0.463271469 0.385878295 0
vt 0.457821846 0.371001303 0
vt 0.452527553 0.3703641 0
vt 0.454104215 0.364587605 0
vt 0.46627003 0.37876153 0
vt 0.463113308 0.371599227 0
vt 0.468343139 0.372026086 0
vt 0.464875132 0.365085214 0
vt 0.47006011 0.365237296 0
vt 0.46646592 0.358394533 0
vt 0.47159484 0.358330667 0
vt 0.461115479 0.35841915 0
vt 0.459533155 0.364860237 0
vt 0.455612212 0.35841009 0
vt 0.48888284 0.358228952 0
vt 0.488040656 0.365713298 0
vt 0.485127985 0.358217299 0
vt 0.484053075 0.365603477 0
vt 0.480958104 0.358208388 0
vt 0.486979783 0.373158336 0
vt 0.479692549 0.365471125 0
vt 0.476434916 0.358255535 0
vt 0.475015134 0.365355611 0
vt 0.478213906 0.372632951 0
vt 0.485697389 0.380566925 0
vt 0.482756674 0.372922331 0
vt 0.481230319 0.380173832 0
vt 0.484168231 0.387975484 0
vt 0.473399103 0.372340709 0
vt 0.471522242 0.379244477 0
vt 0.469266832 0.386145383 0
vt 0.474485397 0.386718035 0
vt 0.476499677 0.379707783 0
vt 0.479431987 0.387380451 0
vt 0.488657713 0.388278872 0
vt 0.489841998 0.380707651 0
vt 0.492833257 0.387912065 0
vt 0.493616521 0.380242586 0
vt 0.496619105 0.386415005 0
vt 0.496992975 0.378714681 0
vt 0.499992937 0.383392453 0
vt 0.494251192 0.372637659 0
vt 0.49082154 0.373178452 0
vt 0.491602033 0.365640849 0
vt 0.499993831 0.375717342 0
vt 0.497285545 0.371076047 0
vt 0.499991953 0.368064672 0
vt 0.497493953 0.363420606 0
vt 0.499992847 0.360381126 0
vt 0.497640699 0.355739892 0
vt 0.499993771 0.352683574 0
vt 0.495077431 0.357399642 0
vt 0.494731605 0.365032703 0
vt 0.492186189 0.358075082 0
vt 0.35332489 0.554998517 0
vt 0.362576455 0.539015651 0
vt 0.370252579 0.554237783 0
vt 0.378354549 0.537511647 0
vt 0.387547851 0.551901162 0
vt 0.39442727 0.534552276 0
vt 0.405139178 0.547789395 0
vt 0.387764633 0.521108091 0
vt 0.37303102 0.523428261 0
vt 0.383667827 0.507913768 0
vt 0.371337563 0.414383441 0
vt 0.371194959 0.422936231 0
vt 0.362892628 0.414948851 0
vt 0.362563491 0.423751235 0
vt 0.354747713 0.415620923 0
vt 0.370746583 0.432119966 0
vt 0.354278356 0.424490601 0
vt 0.347279966 0.416761309 0
vt 0.346561074 0.425148636 0
vt 0.353238285 0.433775187 0
vt 0.369406402 0.44194296 0
vt 0.36186412 0.433111638 0
vt 0.360187471 0.442959815 0
vt 0.366486013 0.452326655 0
vt 0.344864905 0.433978915 0
vt 0.342372239 0.443277389 0
vt 0.338600934 0.452062517 0
vt 0.347470552 0.453033864 0
vt 0.351148009 0.443421453 0
vt 0.356868863 0.453096658 0
vt 0.409232885 0.338531137 0
vt 0.408002615 0.343915105 0
vt 0.402829468 0.338589281 0
vt 0.401665092 0.343917161 0
vt 0.39620173 0.338380963 0
vt 0.406877458 0.349380344 0
vt 0.39509064 0.343655586 0
vt 0.389554381 0.337939918 0
vt 0.388496578 0.343166828 0
vt 0.383184701 0.337378323 0
vt 0.394028604 0.348983437 0
vt 0.405856073 0.354910165 0
vt 0.400582016 0.349312305 0
vt 0.399569035 0.35478884 0
vt 0.404932827 0.360532492 0
vt 0.382174551 0.342565984 0
vt 0.387427539 0.348435849 0
vt 0.381049454 0.347781688 0
vt 0.386295438 0.353822589 0
vt 0.379757494 0.353140384 0
vt 0.385104358 0.359447718 0
vt 0.378339291 0.358796328 0
vt 0.391945183 0.360017776 0
vt 0.392980605 0.354409486 0
vt 0.398617744 0.3603971 0
vt 0.373392403 0.384698242 0
vt 0.374374658 0.377884179 0
vt 0.381106764 0.384833783 0
vt 0.3818703 0.378182292 0
vt 0.388744026 0.384786993 0
vt 0.37555182 0.371238291 0
vt 0.389308453 0.378342986 0
vt 0.396030813 0.384574741 0
vt 0.396419942 0.378341019 0
vt 0.402738541 0.384196967 0
vt 0.39005512 0.372016817 0
vt 0.376899987 0.364842027 0
vt 0.382818878 0.371679425 0
vt 0.383917481 0.365403712 0
vt 0.402987421 0.378159553 0
vt 0.396999717 0.372197092 0
vt 0.403460622 0.372172594 0
vt 0.397746354 0.366198957 0
vt 0.404121727 0.366283804 0
vt 0.390948981 0.365886867 0
vt 0.376223832 0.450852752 0
vt 0.378771245 0.440432608 0
vt 0.386131346 0.448851734 0
vt 0.38830021 0.438512862 0
vt 0.396434277 0.446584404 0
vt 0.397965193 0.436239809 0
vt 0.388874799 0.429057151 0
vt 0.379794538 0.430775046 0
vt 0.379966676 0.421854854 0
vt 0.397656441 0.426935405 0
vt 0.396990001 0.418679684 0
vt 0.396416068 0.41111666 0
vt 0.388338327 0.412492543 0
vt 0.388666898 0.420425743 0
vt 0.379889101 0.413596481 0
vt 0.451601863 0.526791394 0
vt 0.441381365 0.519420743 0
vt 0.438666523 0.534389317 0
vt 0.432490408 0.509318888 0
vt 0.425098419 0.498252571 0
vt 0.417680889 0.513478577 0
vt 0.422577888 0.5418185 0
vt 0.426627785 0.524842322 0
vt 0.410671145 0.530190825 0
vt 0.419010401 0.487099499 0
vt 0.411168098 0.501559913 0
vt 0.406179398 0.489750773 0
vt 0.397369564 0.504984975 0
vt 0.393495589 0.492671251 0
vt 0.402687639 0.517641068 0
vt 0.34805873 0.293462992 0
vt 0.349405199 0.289705515 0
vt 0.345494598 0.290481806 0
vt 0.351032168 0.285289049 0
vt 0.353093863 0.27996552 0
vt 0.348444164 0.282741129 0
vt 0.343356729 0.287952155 0
vt 0.346855074 0.287060827 0
vt 0.344585329 0.284700811 0
vt 0.355737627 0.273489505 0
vt 0.350463837 0.277301192 0
vt 0.353093565 0.270665348 0
vt 0.347825378 0.274823338 0
vt 0.345938891 0.280362874 0
vt 0.399414033 0.30226028 0
vt 0.397815049 0.307274044 0
vt 0.404319316 0.308135688 0
vt 0.396234244 0.312304586 0
vt 0.394691348 0.317360431 0
vt 0.4015055 0.317958534 0
vt 0.409420937 0.313495159 0
vt 0.402933449 0.313023269 0
vt 0.40815568 0.318318248 0
vt 0.414467931 0.318411529 0
vt 0.384180814 0.332176626 0
vt 0.390659869 0.33273825 0
vt 0.385270864 0.326966554 0
vt 0.397389919 0.333162457 0
vt 0.40408498 0.333353937 0
vt 0.39868328 0.328016907 0
vt 0.386522144 0.321770459 0
vt 0.391874701 0.32757023 0
vt 0.393222749 0.32244429 0
vt 0.410552889 0.333273411 0
vt 0.405427396 0.328225225 0
vt 0.411912143 0.328172714 0
vt 0.40680626 0.323222667 0
vt 0.413241923 0.323226243 0
vt 0.400071949 0.322952658 0
vt 0.41533491 0.338214964 0
vt 0.416701168 0.332946032 0
vt 0.421192974 0.337713718 0
vt 0.422581643 0.332441956 0
vt 0.426933229 0.337122709 0
vt 0.42832616 0.33185938 0
vt 0.432691783 0.336517692 0
vt 0.423890442 0.327405751 0
vt 0.418047786 0.32787618 0
vt 0.419297636 0.32298857 0
vt 0.434048235 0.331265569 0
vt 0.429569006 0.326859623 0
vt 0.435149461 0.326296628 0
vt 0.430577695 0.322081357 0
vt 0.435931027 0.321552008 0
vt 0.43133539 0.317446083 0
vt 0.43642652 0.316939116 0
vt 0.425987691 0.317896932 0
vt 0.425042123 0.322577029 0
vt 0.420389056 0.318246782 0
vt 0.410825908 0.360426605 0
vt 0.411765963 0.354781866 0
vt 0.416397899 0.360141248 0
vt 0.417394072 0.354462832 0
vt 0.421842337 0.359757751 0
vt 0.422911406 0.354034424 0
vt 0.418536037 0.348804086 0
vt 0.412835032 0.349190384 0
vt 0.414028913 0.343652219 0
vt 0.428472221 0.353566796 0
vt 0.424138933 0.348302782 0
vt 0.429786682 0.347773433 0
vt 0.425502449 0.34263283 0
vt 0.431223124 0.342050254 0
vt 0.419815421 0.343195796 0
vt 0.408771843 0.38367328 0
vt 0.408950627 0.377801269 0
vt 0.414266795 0.38304022 0
vt 0.414438516 0.377314001 0
vt 0.419458866 0.382350951 0
vt 0.419693679 0.376762241 0
vt 0.414883673 0.371568233 0
vt 0.409378946 0.371943325 0
vt 0.410016209 0.366144329 0
vt 0.4202061 0.371122986 0
vt 0.420935899 0.365452945 0
vt 0.415554553 0.365842134 0
vt 0.499988496 0.468099326 0
vt 0.487928689 0.458689779 0
vt 0.499990404 0.451975107 0
vt 0.490364283 0.445639253 0
vt 0.499989241 0.438184023 0
vt 0.49142015 0.433084905 0
vt 0.499991089 0.42251128 0
vt 0.481823206 0.441030949 0
vt 0.478588641 0.45220533 0
vt 0.470238298 0.446946442 0
vt 0.490283012 0.421848297 0
vt 0.483277053 0.430321783 0
vt 0.48302865 0.420462161 0
vt 0.475978017 0.427724242 0
vt 0.476525933 0.418568581 0
vt 0.469321132 0.424807072 0
vt 0.47045508 0.416265547 0
vt 0.466717809 0.433471769 0
vt 0.473915756 0.437263936 0
vt 0.462667525 0.442018569 0
vt 0.444036365 0.394448489 0
vt 0.445963949 0.397090286 0
vt 0.440700501 0.396492362 0
vt 0.44231531 0.400079101 0
vt 0.436442047 0.398637027 0
vt 0.44808495 0.400304139 0
vt 0.438038558 0.402843565 0
vt 0.431831688 0.40068078 0
vt 0.43343094 0.405476183 0
vt 0.439988375 0.407128662 0
vt 0.449956328 0.403843284 0
vt 0.444210529 0.403789341 0
vt 0.446266949 0.407564014 0
vt 0.451269716 0.407146782 0
vt 0.435429722 0.41042304 0
vt 0.437958509 0.415563464 0
vt 0.441179961 0.420872241 0
vt 0.445628017 0.415940106 0
vt 0.442428917 0.411509097 0
vt 0.449083358 0.411103278 0
vt 0.313355684 0.372189969 0
vt 0.308766782 0.370274156 0
vt 0.313870639 0.368690342 0
vt 0.307264537 0.363658816 0
vt 0.314706951 0.363286763 0
vt 0.300430268 0.36684081 0
vt 0.30704236 0.356979162 0
vt 0.316091478 0.357689708 0
vt 0.307760954 0.351081967 0
vt 0.318757504 0.352611572 0
vt 0.298055649 0.350567639 0
vt 0.289554626 0.362686485 0
vt 0.298360378 0.358211994 0
vt 0.288009346 0.352394789 0
vt 0.275382638 0.358430803 0
vt 0.298684508 0.344507843 0
vt 0.29014644 0.337902904 0
vt 0.280385017 0.337584853 0
vt 0.282469273 0.331469119 0
vt 0.288848788 0.34404397 0
vt 0.277975231 0.345960766 0
vt 0.475859553 0.409822136 0
vt 0.481647283 0.411353916 0
vt 0.479643255 0.402739137 0
vt 0.487693012 0.412372589 0
vt 0.494083852 0.412238717 0
vt 0.490355223 0.4039855 0
vt 0.482260495 0.395392448 0
vt 0.485007614 0.403707206 0
vt 0.487162173 0.395953834 0
vt 0.499989897 0.408913612 0
vt 0.495473027 0.402783096 0
vt 0.49999103 0.399480224 0
vt 0.496152669 0.394328445 0
vt 0.499992013 0.391216248 0
vt 0.491839617 0.395780534 0
vt 0.455040365 0.403989732 0
vt 0.454938829 0.408885837 0
vt 0.459873319 0.404856771 0
vt 0.459575325 0.411166251 0
vt 0.458750874 0.399388433 0
vt 0.464931935 0.406273514 0
vt 0.464782447 0.413713098 0
vt 0.470273793 0.408032387 0
vt 0.469007194 0.400275767 0
vt 0.461565614 0.393572867 0
vt 0.463827908 0.399481565 0
vt 0.466778696 0.393054694 0
vt 0.474301398 0.401496232 0
vt 0.477218598 0.394528121 0
vt 0.472064555 0.39363578 0
vt 0.450597942 0.444080979 0
vt 0.455945015 0.436956167 0
vt 0.444749087 0.437911034 0
vt 0.460260183 0.429362863 0
vt 0.463239223 0.421516985 0
vt 0.454569578 0.424967945 0
vt 0.439898551 0.431696355 0
vt 0.450125515 0.431680739 0
vt 0.44521457 0.426279217 0
vt 0.457779795 0.417997062 0
vt 0.453013092 0.414482832 0
vt 0.449682385 0.420438588 0
vt 0.425945252 0.474969298 0
vt 0.432295114 0.465317935 0
vt 0.420213223 0.465038896 0
vt 0.438476533 0.457565039 0
vt 0.444642395 0.450776756 0
vt 0.432540953 0.449521869 0
vt 0.414633989 0.455178648 0
vt 0.426317602 0.456304461 0
vt 0.42094022 0.447271496 0
vt 0.438792259 0.443692625 0
vt 0.434013307 0.436667532 0
vt 0.427675217 0.441568524 0
vt 0.371580094 0.461976528 0
vt 0.381899834 0.460121393 0
vt 0.375437498 0.472232014 0
vt 0.386419058 0.470107704 0
vt 0.378362358 0.483311832 0
vt 0.390098274 0.480977297 0
vt 0.397501588 0.467674971 0
vt 0.392403305 0.457814783 0
vt 0.4032965 0.455690473 0
vt 0.401860863 0.478393197 0
vt 0.413722932 0.476240933 0
vt 0.408713043 0.465766639 0
vt 0.332322866 0.459103197 0
vt 0.34150213 0.461953372 0
vt 0.332830578 0.469756424 0
vt 0.343135715 0.472676873 0
vt 0.33247304 0.481494814 0
vt 0.343690991 0.48424989 0
vt 0.353757948 0.473816603 0
vt 0.351285905 0.463140696 0
vt 0.361362815 0.463063389 0
vt 0.355119437 0.485246748 0
vt 0.366691053 0.484841496 0
vt 0.364547163 0.473565519 0
vt 0.310926884 0.469574362 0
vt 0.321549803 0.476631016 0
vt 0.322957575 0.464567512 0
vt 0.444724828 0.382323146 0
vt 0.440087855 0.383971423 0
vt 0.444912165 0.386894047 0
vt 0.434923768 0.385151446 0
vt 0.429695219 0.386109829 0
vt 0.434906393 0.389893353 0
vt 0.444608808 0.391161978 0
vt 0.439962536 0.388556331 0
vt 0.43994382 0.392743051 0
vt 0.424592853 0.386995405 0
vt 0.429920346 0.391095757 0
vt 0.424991816 0.3922337 0
vt 0.430634856 0.395924687 0
vt 0.425812811 0.397418797 0
vt 0.435354531 0.394368947 0
vt 0.312372327 0.37605688 0
vt 0.304509372 0.375548393 0
vt 0.310457587 0.383378416 0
vt 0.294024676 0.373626262 0
vt 0.281218052 0.371650547 0
vt 0.2880238 0.383984268 0
vt 0.308184981 0.393613547 0
vt 0.300337076 0.384226918 0
vt 0.2961981 0.395962059 0
vt 0.266373873 0.372316152 0
vt 0.273893356 0.384330332 0
vt 0.258272141 0.387057006 0
vt 0.266872674 0.398799241 0
vt 0.25016892 0.402821302 0
vt 0.282218963 0.396930635 0
vt 0.247909084 0.328820676 0
vt 0.252036005 0.336285949 0
vt 0.24117355 0.339004755 0
vt 0.245317221 0.347117811 0
vt 0.233208165 0.350966573 0
vt 0.257753015 0.342868119 0
vt 0.237252191 0.359915316 0
vt 0.22413072 0.364658475 0
vt 0.228100315 0.374504566 0
vt 0.214252472 0.379769236 0
vt 0.243138656 0.368070632 0
vt 0.265239447 0.349666417 0
vt 0.251223445 0.354423493 0
vt 0.25871256 0.362301409 0
vt 0.218220577 0.390436888 0
vt 0.234052584 0.38341707 0
vt 0.224392936 0.399899065 0
vt 0.241555586 0.392582089 0
vt 0.232345983 0.409246415 0
vt 0.250341654 0.376789808 0
vt 0.44935292 0.384510964 0
vt 0.449386001 0.389286548 0
vt 0.448359162 0.393551648 0
vt 0.45328775 0.391788363 0
vt 0.453884304 0.386609048 0
vt 0.458122551 0.389295995 0
vt 0.451261163 0.396375835 0
vt 0.453571469 0.399839312 0
vt 0.45646596 0.395024806 0
vt 0.253726333 0.53063494 0
vt 0.25595969 0.508613706 0
vt 0.236408621 0.521320105 0
vt 0.260825992 0.488510907 0
vt 0.267088562 0.470292658 0
vt 0.24708803 0.477631688 0
vt 0.219602808 0.510791123 0
vt 0.240541935 0.49834007 0
vt 0.225832343 0.487342983 0
vt 0.204112232 0.4997603 0
vt 0.254761159 0.459012687 0
vt 0.243039504 0.4475981 0
vt 0.232181475 0.436719298 0
vt 0.222197652 0.455545604 0
vt 0.23408483 0.466404885 0
vt 0.212444931 0.476390988 0
vt 0.190534115 0.489043802 0
vt 0.200648829 0.466128945 0
vt 0.178801075 0.479017347 0
vt 0.211587697 0.445533335 0
vt 0.222363696 0.426754743 0
vt 0.202400818 0.436009109 0
vt 0.168069109 0.469279826 0
vt 0.190295413 0.456509262 0
vt 0.18150121 0.446270019 0
vt 0.155879155 0.457744658 0
vt 0.213947982 0.417303592 0
vt 0.20757097 0.407378703 0
vt 0.203689903 0.39592585 0
vt 0.191941008 0.413192779 0
vt 0.195524707 0.425652325 0
vt 0.177597985 0.432433605 0
vt 0.340637445 0.410986662 0
vt 0.333630204 0.407068372 0
vt 0.340470195 0.402461886 0
vt 0.33325693 0.397904158 0
vt 0.340788126 0.393608987 0
vt 0.333154261 0.388742775 0
vt 0.340880454 0.383592337 0
vt 0.32559067 0.394041866 0
vt 0.325890958 0.403859437 0
vt 0.317142248 0.400097936 0
vt 0.331580728 0.379878491 0
vt 0.325389832 0.384947777 0
vt 0.323891938 0.376879841 0
vt 0.318235368 0.380880803 0
vt 0.317383707 0.374072045 0
vt 0.317745 0.389556974 0
vt 0.372596562 0.391666621 0
vt 0.365777582 0.384363621 0
vt 0.36474058 0.391486228 0
vt 0.358181 0.383900046 0
vt 0.37197879 0.398862153 0
vt 0.356874794 0.391266555 0
vt 0.350240916 0.383509338 0
vt 0.348777592 0.39154321 0
vt 0.355882585 0.399031281 0
vt 0.371555865 0.406394243 0
vt 0.363902628 0.398897678 0
vt 0.363290399 0.406687707 0
vt 0.347983003 0.39995575 0
vt 0.347485662 0.408368349 0
vt 0.355194569 0.407152236 0
vt 0.379909664 0.405890495 0
vt 0.388163984 0.405083865 0
vt 0.396041125 0.404041588 0
vt 0.388178796 0.398070484 0
vt 0.380126476 0.398602366 0
vt 0.380529702 0.391619921 0
vt 0.403278947 0.402861893 0
vt 0.395852625 0.397336692 0
vt 0.402896911 0.396462619 0
vt 0.395847797 0.390881389 0
vt 0.402712554 0.390276492 0
vt 0.388373107 0.391343236 0
vt 0.419563383 0.387875319 0
vt 0.414404929 0.388738364 0
vt 0.408862323 0.389553726 0
vt 0.414844483 0.394450635 0
vt 0.420031041 0.393354803 0
vt 0.420842201 0.398867965 0
vt 0.409199506 0.39549315 0
vt 0.409762442 0.40160355 0
vt 0.415557474 0.400269419 0
vt 0.253627867 0.320279717 0
vt 0.257505298 0.327287883 0
vt 0.262081206 0.319916159 0
vt 0.266902357 0.325822413 0
vt 0.270269513 0.31979093 0
vt 0.275797367 0.325475752 0
vt 0.262832552 0.333415747 0
vt 0.269623637 0.339411944 0
vt 0.273033112 0.331532508 0
vt 0.507056117 0.293742627 0
vt 0.509111643 0.293869048 0
vt 0.506873429 0.297500253 0
vt 0.508920491 0.297609866 0
vt 0.506704748 0.301499039 0
vt 0.511265278 0.294017941 0
vt 0.50875181 0.301597416 0
vt 0.506592035 0.30568853 0
vt 0.508669913 0.305789739 0
vt 0.50661397 0.310040653 0
vt 0.510916591 0.301726699 0
vt 0.513404846 0.294211686 0
vt 0.511074126 0.297744721 0
vt 0.513213694 0.29792726 0
vt 0.515398622 0.294436276 0
vt 0.508761942 0.310150266 0
vt 0.510876894 0.305910558 0
vt 0.51106143 0.31028235 0
vt 0.513086557 0.306081891 0
vt 0.513372064 0.310459286 0
vt 0.515147626 0.30628404 0
vt 0.515531301 0.310650229 0
vt 0.51508081 0.302100122 0
vt 0.513073027 0.301895201 0
vt 0.515207469 0.298135012 0
vt 0.658150911 0.28581059 0
vt 0.657716572 0.282683849 0
vt 0.660447657 0.284689188 0
vt 0.660327554 0.280784309 0
vt 0.663184762 0.28303504 0
vt 0.656657159 0.27815491 0
vt 0.663176894 0.278722137 0
vt 0.666123807 0.281064034 0
vt 0.666233718 0.276494563 0
vt 0.669250786 0.278906524 0
vt 0.662456751 0.273664653 0
vt 0.654927611 0.272508442 0
vt 0.659453213 0.275952548 0
vt 0.657889187 0.270199507 0
vt 0.500001073 0.290842235 0
vt 0.501683414 0.292264163 0
vt 0.500000656 0.294423223 0
vt 0.501626968 0.295960128 0
vt 0.500000238 0.298287421 0
vt 0.503379941 0.293125272 0
vt 0.501570404 0.299922466 0
vt 0.49999693 0.302390009 0
vt 0.501508176 0.304089516 0
vt 0.499999225 0.306649595 0
vt 0.503154635 0.300878912 0
vt 0.505152106 0.293554515 0
vt 0.50327009 0.296877295 0
vt 0.504997432 0.297320575 0
vt 0.501465678 0.308396786 0
vt 0.503053188 0.305065572 0
vt 0.502999365 0.309395254 0
vt 0.504724443 0.305517256 0
vt 0.504693091 0.309860975 0
vt 0.504842699 0.301324964 0
vt 0.658496916 0.418379813 0
vt 0.664680481 0.41612035 0
vt 0.660851657 0.4249672 0
vt 0.668616652 0.42395857 0
vt 0.66336602 0.43368575 0
vt 0.672325015 0.413959175 0
vt 0.671809554 0.433372676 0
vt 0.666012108 0.442836255 0
vt 0.674424708 0.443288684 0
vt 0.668734074 0.450461239 0
vt 0.681099892 0.433564514 0
vt 0.681377292 0.411697298 0
vt 0.677264988 0.422978133 0
vt 0.68752569 0.422110051 0
vt 0.693618119 0.407932669 0
vt 0.676041543 0.453532696 0
vt 0.684031725 0.444977999 0
vt 0.686489642 0.456932664 0
vt 0.695725024 0.447191894 0
vt 0.699458659 0.460548818 0
vt 0.709784985 0.449978113 0
vt 0.714934587 0.464804649 0
vt 0.704926968 0.435945272 0
vt 0.691974521 0.434384584 0
vt 0.699923098 0.4222489 0
vt 0.708631694 0.409566522 0
vt 0.714294493 0.423778892 0
vt 0.723830342 0.411253631 0
vt 0.720119894 0.438395172 0
vt 0.726329446 0.453740537 0
vt 0.737525225 0.442084759 0
vt 0.740380406 0.414242119 0
vt 0.730387628 0.426298976 0
vt 0.748289227 0.430409312 0
vt 0.758402526 0.419339448 0
vt 0.720294356 0.480865002 0
vt 0.70350343 0.47478345 0
vt 0.707691133 0.490224004 0
vt 0.692022026 0.48321718 0
vt 0.725177228 0.498447984 0
vt 0.695107698 0.498004168 0
vt 0.680386543 0.489755213 0
vt 0.682443202 0.503927946 0
vt 0.668521404 0.494232148 0
vt 0.697517455 0.513954818 0
vt 0.728497922 0.517648876 0
vt 0.711286902 0.507021666 0
vt 0.713211238 0.525139868 0
vt 0.729061961 0.538383245 0
vt 0.669599414 0.507905662 0
vt 0.683745325 0.519096076 0
vt 0.669844449 0.522462308 0
vt 0.683199406 0.53520906 0
vt 0.668143272 0.537896454 0
vt 0.679619193 0.552378833 0
vt 0.663256347 0.554353893 0
vt 0.695892453 0.54911381 0
vt 0.698163152 0.530984879 0
vt 0.712294817 0.54449445 0
vt 0.541229308 0.521771312 0
vt 0.534757793 0.516753733 0
vt 0.545901835 0.515709102 0
vt 0.539273918 0.505366385 0
vt 0.55317992 0.506170034 0
vt 0.525106728 0.507880092 0
vt 0.546313763 0.494394332 0
vt 0.560746908 0.495683134 0
vt 0.553869545 0.484131843 0
vt 0.567750275 0.485185027 0
vt 0.539181173 0.483684182 0
vt 0.515349388 0.496698499 0
vt 0.53132242 0.494672954 0
vt 0.523578525 0.483530939 0
vt 0.506716728 0.483579397 0
vt 0.561091542 0.47452265 0
vt 0.547185421 0.47427702 0
vt 0.554715812 0.465741843 0
vt 0.540767729 0.465302795 0
vt 0.548485816 0.457923025 0
vt 0.534804225 0.456351012 0
vt 0.542544544 0.450182647 0
vt 0.526253343 0.4631446 0
vt 0.532359719 0.473504126 0
vt 0.516796529 0.471609384 0
vt 0.591686308 0.444294006 0
vt 0.582949102 0.438185424 0
vt 0.593002796 0.433161438 0
vt 0.585339248 0.429644048 0
vt 0.594262898 0.424476951 0
vt 0.575972736 0.433795989 0
vt 0.587092817 0.421907485 0
vt 0.595321 0.416748703 0
vt 0.588428497 0.414734453 0
vt 0.596123874 0.409595191 0
vt 0.580702305 0.419318408 0
vt 0.569733858 0.429765612 0
vt 0.578668416 0.426359564 0
vt 0.572642565 0.423052639 0
vt 0.564002514 0.42552495 0
vt 0.5894472 0.407990396 0
vt 0.582256675 0.412638932 0
vt 0.583471656 0.406309992 0
vt 0.576642871 0.410408914 0
vt 0.578037322 0.404525846 0
vt 0.571438551 0.408013523 0
vt 0.572973132 0.402643651 0
vt 0.569522619 0.413616151 0
vt 0.574892342 0.416583598 0
vt 0.567096293 0.419468224 0
vt 0.528394163 0.358334601 0
vt 0.523551285 0.358255535 0
vt 0.52697885 0.351309866 0
vt 0.522287488 0.351045728 0
vt 0.52560848 0.34418422 0
vt 0.519030929 0.358210087 0
vt 0.521093726 0.343754619 0
vt 0.524207234 0.336856633 0
vt 0.519827068 0.336466312 0
vt 0.522601426 0.328340054 0
vt 0.51693511 0.343597084 0
vt 0.514861047 0.358218014 0
vt 0.517940938 0.350879788 0
vt 0.513975799 0.350817591 0
vt 0.511106193 0.358228803 0
vt 0.518167734 0.330052912 0
vt 0.515850663 0.336693019 0
vt 0.514625967 0.330459088 0
vt 0.512336969 0.336737454 0
vt 0.511426389 0.330447495 0
vt 0.509224355 0.336622119 0
vt 0.50854367 0.33029291 0
vt 0.509848893 0.343500912 0
vt 0.513174653 0.343577027 0
vt 0.510442495 0.350766718 0
vt 0.49999699 0.325606078 0
vt 0.501771808 0.327894539 0
vt 0.499996275 0.331444412 0
vt 0.501939297 0.334013343 0
vt 0.4999955 0.337975442 0
vt 0.503757 0.329294056 0
vt 0.50209552 0.34079954 0
vt 0.499994665 0.345129013 0
vt 0.502226472 0.348126978 0
vt 0.504389226 0.342459917 0
vt 0.505997479 0.329992563 0
vt 0.504089952 0.335564315 0
vt 0.506493092 0.336324543 0
vt 0.502346158 0.355737627 0
vt 0.504649103 0.349815369 0
vt 0.50491178 0.357400805 0
vt 0.507355034 0.350550413 0
vt 0.507800043 0.35807693 0
vt 0.506943703 0.34323135 0
vt 0.549980998 0.358418465 0
vt 0.55565393 0.358480871 0
vt 0.551368356 0.36436075 0
vt 0.556915104 0.364271671 0
vt 0.552764177 0.369882435 0
vt 0.56136322 0.358658195 0
vt 0.558109105 0.36968118 0
vt 0.554291904 0.374700248 0
vt 0.559199333 0.37459144 0
vt 0.555842221 0.378270209 0
vt 0.563524008 0.369838834 0
vt 0.567058563 0.358956128 0
vt 0.56251514 0.364373296 0
vt 0.568115115 0.364659965 0
vt 0.572664201 0.359343737 0
vt 0.559779227 0.379266143 0
vt 0.564316928 0.375079989 0
vt 0.564809859 0.380189329 0
vt 0.569678545 0.375655532 0
vt 0.570123792 0.380963922 0
vt 0.575040102 0.376214176 0
vt 0.575384438 0.381662786 0
vt 0.574440658 0.37067017 0
vt 0.568994939 0.370223641 0
vt 0.573639333 0.365044862 0
vt 0.533520281 0.358399689 0
vt 0.529927254 0.365241587 0
vt 0.535112262 0.365087926 0
vt 0.531642616 0.372030795 0
vt 0.538870692 0.358419955 0
vt 0.536875367 0.371605158 0
vt 0.533714175 0.378763914 0
vt 0.539064705 0.377816707 0
vt 0.536713779 0.385881394 0
vt 0.542164147 0.371002883 0
vt 0.54437536 0.358415008 0
vt 0.540454328 0.3648642 0
vt 0.545883298 0.36459285 0
vt 0.542137504 0.382940412 0
vt 0.544255495 0.376538634 0
vt 0.547014236 0.381092995 0
vt 0.549325585 0.375479251 0
vt 0.551753521 0.379584879 0
vt 0.547458589 0.370369732 0
vt 0.511946619 0.36571613 0
vt 0.515931427 0.365607232 0
vt 0.513005674 0.373158634 0
vt 0.517228901 0.372923613 0
vt 0.514289141 0.380570322 0
vt 0.51875633 0.380178273 0
vt 0.515816569 0.387976438 0
vt 0.521771729 0.372635335 0
vt 0.520294726 0.365473151 0
vt 0.5249722 0.365355968 0
vt 0.520552933 0.387385339 0
vt 0.52348429 0.379710555 0
vt 0.525499642 0.386721283 0
vt 0.528461814 0.379245609 0
vt 0.530718327 0.386147052 0
vt 0.526586592 0.372344196 0
vt 0.502491057 0.363421202 0
vt 0.502700448 0.371079504 0
vt 0.50299114 0.378718197 0
vt 0.505734444 0.372641832 0
vt 0.505255818 0.365033954 0
vt 0.508385241 0.365642816 0
vt 0.503363252 0.386413008 0
vt 0.506367266 0.380244076 0
vt 0.507151544 0.387913734 0
vt 0.51014173 0.380710065 0
vt 0.511326969 0.388278753 0
vt 0.509163916 0.373180628 0
vt 0.499995887 0.311032563 0
vt 0.50146234 0.312833041 0
vt 0.499998152 0.315569788 0
vt 0.501512229 0.317465633 0
vt 0.499997586 0.320370585 0
vt 0.501618207 0.322426289 0
vt 0.503183424 0.318587512 0
vt 0.503035307 0.31387642 0
vt 0.504807591 0.314375758 0
vt 0.503435194 0.323674381 0
vt 0.505501807 0.32429716 0
vt 0.507857263 0.324569434 0
vt 0.507257819 0.319375962 0
vt 0.505081773 0.319140166 0
vt 0.506829381 0.314577907 0
vt 0.656415343 0.496723652 0
vt 0.656548381 0.510049343 0
vt 0.644121528 0.497532606 0
vt 0.643301129 0.510628223 0
vt 0.631679296 0.496967494 0
vt 0.629885912 0.509872258 0
vt 0.619113863 0.495258272 0
vt 0.6414572 0.524472356 0
vt 0.655753076 0.524188042 0
vt 0.65289104 0.539142549 0
vt 0.616308153 0.507921755 0
vt 0.626942694 0.523438692 0
vt 0.612209618 0.521115065 0
vt 0.621618629 0.537520826 0
vt 0.605548024 0.534560442 0
vt 0.612424731 0.551910996 0
vt 0.594831526 0.54780066 0
vt 0.629718006 0.554248929 0
vt 0.637397766 0.539028585 0
vt 0.646646917 0.555010855 0
vt 0.628643692 0.414391488 0
vt 0.637087166 0.414958894 0
vt 0.628788531 0.422944307 0
vt 0.637417018 0.423761368 0
vt 0.62923336 0.432131022 0
vt 0.645230472 0.415632933 0
vt 0.638116956 0.433121949 0
vt 0.630572557 0.441954345 0
vt 0.639792681 0.442970574 0
vt 0.633493304 0.452335864 0
vt 0.646742642 0.433784723 0
vt 0.65269804 0.416772276 0
vt 0.645700574 0.424499869 0
vt 0.653420508 0.425157011 0
vt 0.643108845 0.453108132 0
vt 0.648833454 0.443428695 0
vt 0.652505875 0.453047574 0
vt 0.657605052 0.443289489 0
vt 0.661381304 0.452072799 0
vt 0.655116022 0.43399325 0
vt 0.621645451 0.358805507 0
vt 0.614878774 0.359458119 0
vt 0.620227158 0.353152066 0
vt 0.613690436 0.353832752 0
vt 0.61893779 0.347793072 0
vt 0.608042002 0.36002934 0
vt 0.612558126 0.348445714 0
vt 0.617811203 0.34257713 0
vt 0.611487567 0.343179286 0
vt 0.616802275 0.337389201 0
vt 0.605959833 0.348994523 0
vt 0.60136795 0.360407174 0
vt 0.607005119 0.354418039 0
vt 0.600417972 0.354798615 0
vt 0.595052898 0.360540986 0
vt 0.610431075 0.337952077 0
vt 0.604894817 0.343666404 0
vt 0.603784978 0.338391542 0
vt 0.598321736 0.343929231 0
vt 0.597158611 0.338601083 0
vt 0.591984212 0.343922883 0
vt 0.590753794 0.338541418 0
vt 0.593108058 0.349388391 0
vt 0.59940356 0.349324673 0
vt 0.594130933 0.35491845 0
vt 0.595862567 0.366292506 0
vt 0.60223937 0.366209149 0
vt 0.596523702 0.372181445 0
vt 0.602984607 0.372204661 0
vt 0.596994042 0.378168523 0
vt 0.603564322 0.378351569 0
vt 0.597245753 0.384205997 0
vt 0.609930634 0.372028828 0
vt 0.609036803 0.365898699 0
vt 0.616067052 0.365414411 0
vt 0.60395062 0.384582609 0
vt 0.610675812 0.378352404 0
vt 0.611238658 0.38479653 0
vt 0.618112624 0.378193468 0
vt 0.618877351 0.384845138 0
vt 0.625608265 0.377894312 0
vt 0.626589 0.384705812 0
vt 0.624431312 0.371250957 0
vt 0.617165565 0.371690363 0
vt 0.623086035 0.364851624 0
vt 0.603566051 0.41112718 0
vt 0.60299027 0.418690085 0
vt 0.611644804 0.412502259 0
vt 0.602324724 0.426945627 0
vt 0.602015197 0.436249971 0
vt 0.61110729 0.429066658 0
vt 0.620093822 0.413608104 0
vt 0.611315787 0.420435309 0
vt 0.620011508 0.421866477 0
vt 0.60354501 0.446592093 0
vt 0.611680984 0.438522488 0
vt 0.613847435 0.448859096 0
vt 0.621206701 0.440441757 0
vt 0.623754501 0.450862527 0
vt 0.620184302 0.430783898 0
vt 0.548368275 0.526797235 0
vt 0.558593273 0.519426227 0
vt 0.561306 0.534395397 0
vt 0.573345602 0.524848461 0
vt 0.577395678 0.541828454 0
vt 0.589300931 0.530197978 0
vt 0.582295179 0.513486862 0
vt 0.567483842 0.509323657 0
vt 0.574877083 0.498259127 0
vt 0.597285986 0.517652869 0
vt 0.602607131 0.504992485 0
vt 0.606478333 0.492679656 0
vt 0.593798101 0.489758968 0
vt 0.588805199 0.501566887 0
vt 0.580966353 0.487107456 0
vt 0.6469087 0.357510179 0
vt 0.653770626 0.357365191 0
vt 0.650090873 0.362883419 0
vt 0.657505274 0.362214118 0
vt 0.652925193 0.368834287 0
vt 0.661400974 0.356858552 0
vt 0.660726666 0.367786467 0
vt 0.65563333 0.375497401 0
vt 0.663939595 0.373992532 0
vt 0.659101129 0.383601993 0
vt 0.668915093 0.366247922 0
vt 0.670133412 0.355533183 0
vt 0.665601194 0.361093402 0
vt 0.67452997 0.359386683 0
vt 0.681227267 0.352623731 0
vt 0.668403149 0.379890352 0
vt 0.672066391 0.371792227 0
vt 0.676089883 0.376890779 0
vt 0.679593205 0.369774073 0
vt 0.68259877 0.374084473 0
vt 0.68611306 0.368700862 0
vt 0.68662864 0.37220335 0
vt 0.685275316 0.363299817 0
vt 0.677235425 0.364513099 0
vt 0.683890641 0.357702434 0
vt 0.648676813 0.298033029 0
vt 0.647620261 0.292839527 0
vt 0.651927412 0.293479383 0
vt 0.650581896 0.289721549 0
vt 0.654490829 0.290501624 0
vt 0.64612335 0.288089007 0
vt 0.653128445 0.287077516 0
vt 0.656627953 0.287966847 0
vt 0.655400097 0.284720838 0
vt 0.65154171 0.282761633 0
vt 0.644124627 0.282815427 0
vt 0.64895314 0.285310358 0
vt 0.646895468 0.279983521 0
vt 0.641567886 0.276606619 0
vt 0.654046178 0.280383945 0
vt 0.652159572 0.274844021 0
vt 0.649523318 0.277324051 0
vt 0.644251823 0.273508281 0
vt 0.64689374 0.27068755 0
vt 0.585520744 0.318420589 0
vt 0.5905689 0.313508213 0
vt 0.591832995 0.318328798 0
vt 0.597055078 0.313035071 0
vt 0.598481894 0.317970663 0
vt 0.595670342 0.308144361 0
vt 0.603754461 0.312317997 0
vt 0.605296135 0.317371368 0
vt 0.610439777 0.311435431 0
vt 0.612029195 0.316606611 0
vt 0.608732581 0.306250274 0
vt 0.600575626 0.302272916 0
vt 0.602176249 0.307284236 0
vt 0.606927335 0.301056623 0
vt 0.605023861 0.295885473 0
vt 0.586748421 0.323235571 0
vt 0.593181252 0.323233545 0
vt 0.588076949 0.328182369 0
vt 0.594557524 0.328239202 0
vt 0.589436412 0.333283365 0
vt 0.595900118 0.333362669 0
vt 0.601304531 0.328029692 0
vt 0.599916995 0.322962314 0
vt 0.606764972 0.322455555 0
vt 0.602596641 0.33317557 0
vt 0.60932678 0.33274734 0
vt 0.615807354 0.332187265 0
vt 0.614717185 0.326976895 0
vt 0.60811317 0.327579021 0
vt 0.613464355 0.321783364 0
vt 0.59121114 0.38368088 0
vt 0.591032386 0.377808899 0
vt 0.585714996 0.383046508 0
vt 0.590606809 0.371953607 0
vt 0.589968145 0.366151631 0
vt 0.585099399 0.371577203 0
vt 0.580527246 0.382358879 0
vt 0.585547388 0.37732026 0
vt 0.580292344 0.376770049 0
vt 0.589161217 0.360433728 0
vt 0.584432662 0.365848124 0
vt 0.583586454 0.36014986 0
vt 0.579048634 0.365460515 0
vt 0.578143537 0.359762251 0
vt 0.579779804 0.371130735 0
vt 0.512047768 0.45869264 0
vt 0.521389306 0.452207595 0
vt 0.529738128 0.446950674 0
vt 0.518154562 0.441032439 0
vt 0.509615242 0.445641547 0
vt 0.508559525 0.433086962 0
vt 0.537312865 0.442021787 0
vt 0.526062906 0.437267333 0
vt 0.533261776 0.433474034 0
vt 0.524002969 0.427727133 0
vt 0.53066051 0.424811542 0
vt 0.523454428 0.418571323 0
vt 0.529525816 0.416269749 0
vt 0.516951203 0.420463383 0
vt 0.516703308 0.430322945 0
vt 0.509699345 0.42184779 0
vt 0.558801293 0.420877784 0
vt 0.562023938 0.415569752 0
vt 0.55435437 0.415944636 0
vt 0.564553916 0.410429925 0
vt 0.566551089 0.405480742 0
vt 0.559994698 0.407134473 0
vt 0.550900161 0.411109716 0
vt 0.557551682 0.411514312 0
vt 0.553716004 0.407571137 0
vt 0.548713267 0.407149911 0
vt 0.568152845 0.400685698 0
vt 0.561944127 0.402849853 0
vt 0.56354022 0.398640931 0
vt 0.55766803 0.400087178 0
vt 0.559283674 0.396497995 0
vt 0.554017246 0.397094667 0
vt 0.555946887 0.394456118 0
vt 0.551899731 0.400310844 0
vt 0.555771947 0.40379414 0
vt 0.550028861 0.403846711 0
vt 0.520982862 0.309332907 0
vt 0.520110607 0.310087144 0
vt 0.52080369 0.306410879 0
vt 0.519732475 0.306553751 0
vt 0.520795763 0.302748591 0
vt 0.518921614 0.310594559 0
vt 0.519643247 0.302658707 0
vt 0.520958841 0.298968524 0
vt 0.519767046 0.298783302 0
vt 0.521214426 0.295345515 0
vt 0.518350482 0.302509934 0
vt 0.517401695 0.310748607 0
vt 0.518470585 0.306595713 0
vt 0.516953468 0.306477726 0
vt 0.519994617 0.295126617 0
vt 0.518457532 0.29857564 0
vt 0.518668294 0.294902146 0
vt 0.516954482 0.298359513 0
vt 0.517156839 0.294672012 0
vt 0.51684469 0.302313447 0
vt 0.691216588 0.37028864 0
vt 0.692717612 0.363673657 0
vt 0.699551105 0.366854459 0
vt 0.701624453 0.358223319 0
vt 0.710429132 0.362699896 0
vt 0.711975455 0.352411449 0
vt 0.724599302 0.358441979 0
vt 0.701928198 0.350579083 0
vt 0.692939937 0.356994033 0
vt 0.692222774 0.351093918 0
vt 0.722006917 0.345976919 0
vt 0.711132407 0.344060361 0
vt 0.719599128 0.337597668 0
vt 0.709837556 0.337916195 0
vt 0.717513442 0.331484228 0
vt 0.701297939 0.344524711 0
vt 0.503833413 0.394326538 0
vt 0.504510999 0.402781367 0
vt 0.505897999 0.412237316 0
vt 0.509628594 0.403987795 0
vt 0.508146107 0.395782471 0
vt 0.512823522 0.395954072 0
vt 0.512288749 0.41237548 0
vt 0.518334806 0.411358267 0
vt 0.524122894 0.409822255 0
vt 0.5203408 0.402743965 0
vt 0.514976263 0.403710753 0
vt 0.517725348 0.395393819 0
vt 0.509106338 0.314701557 0
vt 0.509708703 0.319524884 0
vt 0.510512888 0.324735194 0
vt 0.512353063 0.319679439 0
vt 0.511551619 0.31485045 0
vt 0.514019251 0.315024614 0
vt 0.513406873 0.324853331 0
vt 0.516418576 0.324741513 0
vt 0.519365907 0.323917419 0
vt 0.517554879 0.319587499 0
vt 0.515039444 0.31978631 0
vt 0.516324341 0.315123051 0
vt 0.522764623 0.394530714 0
vt 0.525682986 0.40149951 0
vt 0.529709041 0.408036649 0
vt 0.530977488 0.400277495 0
vt 0.527921677 0.393636763 0
vt 0.533207715 0.39305976 0
vt 0.535199046 0.413718641 0
vt 0.535051346 0.406278998 0
vt 0.540406764 0.411170214 0
vt 0.54011029 0.404860675 0
vt 0.545045197 0.408888102 0
vt 0.544942021 0.403994769 0
vt 0.541232586 0.399392605 0
vt 0.536157012 0.399484515 0
vt 0.538420677 0.393576354 0
vt 0.549381971 0.444084287 0
vt 0.544032395 0.436960995 0
vt 0.555229485 0.437915713 0
vt 0.549854517 0.431686938 0
vt 0.560081482 0.431702197 0
vt 0.554768145 0.426283777 0
vt 0.545410633 0.424970299 0
vt 0.539723158 0.429363847 0
vt 0.536740422 0.421520084 0
vt 0.550298929 0.420442104 0
vt 0.546968222 0.414488375 0
vt 0.542203486 0.418001473 0
vt 0.574030101 0.474972814 0
vt 0.567682564 0.465322822 0
vt 0.579765916 0.465046585 0
vt 0.573662221 0.456310779 0
vt 0.585344672 0.455187649 0
vt 0.579038918 0.447279036 0
vt 0.567437589 0.449526638 0
vt 0.561500132 0.457565576 0
vt 0.55533731 0.450781465 0
vt 0.572303891 0.441571623 0
vt 0.565966964 0.436671942 0
vt 0.561184943 0.443701506 0
vt 0.586253524 0.476250231 0
vt 0.598117888 0.478402406 0
vt 0.60987848 0.480986536 0
vt 0.602476954 0.467682421 0
vt 0.591265917 0.465774238 0
vt 0.596682012 0.455696583 0
vt 0.62161386 0.483321011 0
vt 0.613558888 0.470117807 0
vt 0.624539912 0.472241908 0
vt 0.618080497 0.460132569 0
vt 0.62839973 0.461990178 0
vt 0.607576191 0.457823455 0
vt 0.667656302 0.459114879 0
vt 0.658474982 0.46196571 0
vt 0.667147458 0.469770849 0
vt 0.648693681 0.463153511 0
vt 0.63861537 0.46307382 0
vt 0.646219134 0.473828882 0
vt 0.667504966 0.481503725 0
vt 0.656841636 0.472688824 0
vt 0.656284988 0.484261692 0
vt 0.635428488 0.473578006 0
vt 0.633284748 0.484850705 0
vt 0.644854903 0.485258698 0
vt 0.689051151 0.469585568 0
vt 0.677021682 0.4645814 0
vt 0.678427935 0.476645321 0
vt 0.574171126 0.397425175 0
vt 0.569350898 0.395935506 0
vt 0.574993372 0.392243057 0
vt 0.570063651 0.391101152 0
vt 0.575392187 0.387002051 0
vt 0.570288599 0.386118084 0
vt 0.56507796 0.389897555 0
vt 0.56462872 0.394373029 0
vt 0.560038447 0.392748863 0
vt 0.565061688 0.385155648 0
vt 0.559896469 0.383977264 0
vt 0.555258512 0.382327825 0
vt 0.555072904 0.386898696 0
vt 0.560022116 0.388562143 0
vt 0.555372417 0.391169488 0
vt 0.687609673 0.376070499 0
vt 0.695472717 0.375561059 0
vt 0.689526916 0.383389682 0
vt 0.699644387 0.384240568 0
vt 0.691797078 0.393625349 0
vt 0.703784823 0.395973891 0
vt 0.711957693 0.383998036 0
vt 0.705955088 0.373641431 0
vt 0.71876502 0.371665925 0
vt 0.717763722 0.396943033 0
vt 0.733108163 0.398815244 0
vt 0.749812365 0.402835637 0
vt 0.741710067 0.387069404 0
vt 0.726085246 0.384344667 0
vt 0.733610392 0.372329533 0
vt 0.767635167 0.409259439 0
vt 0.758425295 0.392595708 0
vt 0.775589049 0.399913907 0
vt 0.765927672 0.383432418 0
vt 0.781759381 0.390450448 0
vt 0.771879256 0.374518514 0
vt 0.785728633 0.379786462 0
vt 0.756841004 0.368086696 0
vt 0.749641597 0.376804143 0
vt 0.741269886 0.362316579 0
vt 0.775848389 0.364673436 0
vt 0.762728035 0.359929889 0
vt 0.766769946 0.350982159 0
vt 0.75466466 0.34713617 0
vt 0.758807421 0.339024067 0
vt 0.747946978 0.336302698 0
vt 0.75207293 0.328838348 0
vt 0.742228448 0.342883497 0
vt 0.748758078 0.354440451 0
vt 0.734743237 0.349682838 0
vt 0.546411932 0.399844706 0
vt 0.548722982 0.396381766 0
vt 0.551622927 0.393558264 0
vt 0.546696067 0.391791016 0
vt 0.543518543 0.395026684 0
vt 0.541861951 0.389300317 0
vt 0.550597072 0.389290124 0
vt 0.550631285 0.38451454 0
vt 0.546099424 0.386614352 0
vt 0.746249855 0.530654073 0
vt 0.744017541 0.50862956 0
vt 0.763569832 0.521337688 0
vt 0.759433508 0.498353899 0
vt 0.780373931 0.510807097 0
vt 0.774145663 0.487360328 0
vt 0.795868456 0.499777138 0
vt 0.752890885 0.477649629 0
vt 0.739151776 0.48852551 0
vt 0.732892156 0.470308602 0
vt 0.787534297 0.476405829 0
vt 0.765892565 0.466420293 0
vt 0.77778089 0.455560982 0
vt 0.756938159 0.447614193 0
vt 0.767800152 0.436735094 0
vt 0.745217979 0.459025949 0
vt 0.796290159 0.395940036 0
vt 0.792410612 0.407394737 0
vt 0.808037758 0.413206935 0
vt 0.786032677 0.417318076 0
vt 0.777616084 0.426770121 0
vt 0.797581017 0.436026365 0
vt 0.822384655 0.432448357 0
vt 0.80445534 0.425665647 0
vt 0.818479538 0.446283877 0
vt 0.844103098 0.457758963 0
vt 0.788393259 0.445551187 0
vt 0.799330056 0.466146648 0
vt 0.809444904 0.489061058 0
vt 0.821178913 0.479034573 0
vt 0.809684336 0.456526637 0
vt 0.831911802 0.469296843 0
vt 0.681748331 0.380893022 0
vt 0.674594223 0.384961098 0
vt 0.66682893 0.388751447 0
vt 0.67439127 0.394055128 0
vt 0.682238042 0.389566511 0
vt 0.682839692 0.400110424 0
vt 0.659195244 0.393624276 0
vt 0.666726887 0.397915632 0
vt 0.659511089 0.402471632 0
vt 0.666350067 0.407076925 0
vt 0.659344673 0.410996437 0
vt 0.674090028 0.403872669 0
vt 0.634205222 0.384373069 0
vt 0.627387345 0.391677231 0
vt 0.635241926 0.391498655 0
vt 0.628003418 0.398872852 0
vt 0.641801894 0.383908421 0
vt 0.636082351 0.398907483 0
vt 0.628423154 0.406405061 0
vt 0.636692762 0.406697661 0
vt 0.644099593 0.399040252 0
vt 0.649740696 0.38351959 0
vt 0.643107772 0.391275227 0
vt 0.651206315 0.391553849 0
vt 0.644785643 0.407164097 0
vt 0.652494311 0.408376426 0
vt 0.651998937 0.399966598 0
vt 0.597273111 0.390285552 0
vt 0.604134917 0.390889257 0
vt 0.597084403 0.39647162 0
vt 0.604131341 0.39734453 0
vt 0.596702337 0.402870804 0
vt 0.603942692 0.404052228 0
vt 0.611803591 0.398082972 0
vt 0.611610889 0.391352862 0
vt 0.619451404 0.391628593 0
vt 0.611819565 0.405090719 0
vt 0.620072246 0.405899316 0
vt 0.619854391 0.398611128 0
vt 0.590221941 0.401610911 0
vt 0.590783536 0.395503432 0
vt 0.59112072 0.389561325 0
vt 0.585135937 0.394459575 0
vt 0.584425747 0.400278211 0
vt 0.579142809 0.398875505 0
vt 0.585579693 0.388744622 0
vt 0.580420017 0.387880355 0
vt 0.579951108 0.393365353 0
vt 0.628156841 0.35822022 0
vt 0.6299088 0.364302784 0
vt 0.634401917 0.35781154 0
vt 0.631537259 0.37074703 0
vt 0.632975042 0.377457708 0
vt 0.638514221 0.370195448 0
vt 0.64055717 0.357599139 0
vt 0.636540771 0.363812834 0
vt 0.643175602 0.363367736 0
vt 0.640263259 0.376897752 0
vt 0.647711277 0.376248032 0
vt 0.645564079 0.369573742 0
vt 0.729716003 0.31980896 0
vt 0.733080328 0.325835615 0
vt 0.724185407 0.32548964 0
vt 0.73790431 0.319933295 0
vt 0.742477059 0.327306122 0
vt 0.746353328 0.320296049 0
vt 0.726949632 0.331547052 0
vt 0.730361402 0.339430094 0
vt 0.737148345 0.333432704 0
vt 0.571515083 0.353572547 0
vt 0.565831006 0.353134394 0
vt 0.570200622 0.347778857 0
vt 0.564438045 0.347279042 0
vt 0.568765521 0.342058122 0
vt 0.562938452 0.341505021 0
vt 0.567296803 0.336528033 0
vt 0.558585703 0.346829712 0
vt 0.56005156 0.352769196 0
vt 0.554249704 0.352479666 0
vt 0.561469674 0.335932851 0
vt 0.557044029 0.340946287 0
vt 0.555620193 0.335208684 0
vt 0.551132917 0.340219259 0
vt 0.5497455 0.333960116 0
vt 0.545196474 0.339186609 0
vt 0.543223262 0.331085026 0
vt 0.546886623 0.345874846 0
vt 0.552710891 0.346383125 0
vt 0.548487067 0.352234989 0
vt 0.52731216 0.33098498 0
vt 0.52886492 0.337816209 0
vt 0.531849265 0.332051098 0
vt 0.530462503 0.344686747 0
vt 0.531995595 0.351574093 0
vt 0.53566432 0.345057487 0
vt 0.536809862 0.332236797 0
vt 0.533839524 0.338391662 0
vt 0.539324522 0.33857739 0
vt 0.537298322 0.35179624 0
vt 0.542819798 0.35200718 0
vt 0.541174471 0.345400304 0
vt 0.532426476 0.312629193 0
vt 0.534781933 0.312817365 0
vt 0.533612072 0.317104876 0
vt 0.536267698 0.317054719 0
vt 0.535495937 0.321706802 0
vt 0.536972046 0.312767178 0
vt 0.538485348 0.321025729 0
vt 0.538308024 0.326300442 0
vt 0.541639686 0.324189276 0
vt 0.54079622 0.31932947 0
vt 0.538887382 0.312386006 0
vt 0.538553178 0.316449285 0
vt 0.540412545 0.315123111 0
vt 0.54040736 0.311741233 0
vt 0.542016864 0.312792987 0
vt 0.542571604 0.316730171 0
vt 0.544226468 0.313494295 0
vt 0.543687165 0.320810437 0
vt 0.545705736 0.324932873 0
vt 0.547094345 0.320477128 0
vt 0.54675585 0.313550681 0
vt 0.54522711 0.317201585 0
vt 0.548208117 0.316450417 0
vt 0.549170315 0.313099504 0
vt 0.584651828 0.338223845 0
vt 0.583286822 0.332957387 0
vt 0.578796744 0.337724 0
vt 0.581941426 0.327884376 0
vt 0.580691278 0.322996497 0
vt 0.576097488 0.327412575 0
vt 0.573053777 0.337131619 0
vt 0.577406466 0.33245191 0
vt 0.571663499 0.331867963 0
vt 0.579601049 0.318257242 0
vt 0.574948311 0.322583616 0
vt 0.574003875 0.317906052 0
vt 0.569412887 0.322089374 0
vt 0.568653464 0.317453951 0
vt 0.564059734 0.321558774 0
vt 0.563563943 0.316948593 0
vt 0.564841509 0.326303571 0
vt 0.570421815 0.326867908 0
vt 0.565940142 0.331275582 0
vt 0.588219643 0.35478875 0
vt 0.587151945 0.349199802 0
vt 0.585957944 0.343658566 0
vt 0.581450999 0.348812163 0
vt 0.582591653 0.354471207 0
vt 0.577075779 0.354041487 0
vt 0.580170155 0.343203604 0
vt 0.574486077 0.342642069 0
vt 0.57584542 0.348312348 0
vt 0.518270493 0.314910144 0
vt 0.519599259 0.318662345 0
vt 0.521494567 0.321478009 0
vt 0.52100718 0.316761285 0
vt 0.519762456 0.31414476 0
vt 0.520864666 0.312667102 0
vt 0.521781921 0.310230345 0
vt 0.521974981 0.314018875 0
vt 0.522867084 0.310712785 0
vt 0.522583008 0.31787473 0
vt 0.52386409 0.321753114 0
vt 0.524355352 0.31715706 0
vt 0.524086952 0.310530663 0
vt 0.523309767 0.314181685 0
vt 0.524768054 0.313149869 0
vt 0.525242388 0.309888661 0
vt 0.560236514 0.330649555 0
vt 0.559407055 0.325672001 0
vt 0.558998168 0.320930004 0
vt 0.55434835 0.324709564 0
vt 0.554653406 0.329759985 0
vt 0.549446166 0.328102082 0
vt 0.558855712 0.316342324 0
vt 0.554486334 0.3199929 0
vt 0.554736435 0.315497756 0
vt 0.550821364 0.318528652 0
vt 0.551413536 0.314350426 0
vt 0.550119817 0.323037744 0
vt 0.548468173 0.299011052 0
vt 0.551463008 0.299249768 0
vt 0.548467755 0.302510679 0
vt 0.551476598 0.302794278 0
vt 0.548554182 0.306288004 0
vt 0.554783225 0.299474478 0
vt 0.551551938 0.306591213 0
vt 0.548789322 0.310034454 0
vt 0.551641166 0.310430169 0
vt 0.554914057 0.307026237 0
vt 0.558448255 0.299662828 0
vt 0.554838836 0.303100348 0
vt 0.558585227 0.303434491 0
vt 0.562466681 0.299820334 0
vt 0.554907978 0.311173677 0
vt 0.558800161 0.311863989 0
vt 0.563241959 0.312425345 0
vt 0.562978923 0.308003068 0
vt 0.558716536 0.307534248 0
vt 0.562721372 0.303763092 0
vt 0.546142161 0.309910744 0
vt 0.545876265 0.306012869 0
vt 0.545781374 0.302227169 0
vt 0.543489873 0.305656433 0
vt 0.543744624 0.309562743 0
vt 0.541655481 0.309026897 0
vt 0.54577899 0.298775166 0
vt 0.543366909 0.301946461 0
vt 0.543344915 0.298542142 0
vt 0.541154444 0.3016994 0
vt 0.541118383 0.298311919 0
vt 0.539093375 0.301480442 0
vt 0.539060116 0.298078924 0
vt 0.539322853 0.305131584 0
vt 0.541330695 0.305330902 0
vt 0.539787948 0.308763087 0
vt 0.531901121 0.297147065 0
vt 0.533577979 0.297374427 0
vt 0.531698763 0.300607473 0
vt 0.533451319 0.300823599 0
vt 0.531630993 0.304356694 0
vt 0.535316586 0.297604561 0
vt 0.533512652 0.304581225 0
vt 0.531815648 0.308366746 0
vt 0.53390193 0.30859974 0
vt 0.535436273 0.304791778 0
vt 0.537133634 0.297840357 0
vt 0.535262883 0.301045328 0
vt 0.537138879 0.301264286 0
vt 0.535968661 0.308765441 0
vt 0.537934363 0.308810532 0
vt 0.53737402 0.30497992 0
vt 0.530087769 0.312283993 0
vt 0.529810607 0.308072031 0
vt 0.527993083 0.311725706 0
vt 0.529833555 0.30410409 0
vt 0.530024648 0.300377339 0
vt 0.528187513 0.303815067 0
vt 0.526321888 0.310881466 0
vt 0.52801317 0.307662427 0
vt 0.526507378 0.307188332 0
vt 0.530297101 0.296911329 0
vt 0.528451562 0.300147176 0
vt 0.528780043 0.296678424 0
vt 0.526996195 0.299947917 0
vt 0.527355552 0.296453893 0
vt 0.525655746 0.299768299 0
vt 0.526026368 0.296229422 0
vt 0.525352478 0.3034558 0
vt 0.526701272 0.303576529 0
vt 0.525195062 0.307022721 0
vt 0.522392213 0.29555878 0
vt 0.522102952 0.299148142 0
vt 0.52356714 0.295777619 0
vt 0.521883786 0.302874893 0
vt 0.521788001 0.306556821 0
vt 0.522971749 0.303104997 0
vt 0.524772882 0.29600212 0
vt 0.523244202 0.299350172 0
vt 0.524416387 0.299569041 0
vt 0.522814274 0.306943923 0
vt 0.523958325 0.307101101 0
vt 0.52411586 0.303332239 0
vt 0.534138143 0.326720595 0
vt 0.532147765 0.321588635 0
vt 0.530827522 0.316773623 0
vt 0.528908968 0.320864767 0
vt 0.530091763 0.32618168 0
vt 0.526421189 0.324703455 0
vt 0.528256178 0.316083491 0
vt 0.526181161 0.3149167 0
vt 0.526214302 0.319431484 0
vt 0.492942572 0.293740958 0
vt 0.493124366 0.297498614 0
vt 0.490887046 0.293864101 0
vt 0.491077304 0.297610551 0
vt 0.488733411 0.294015259 0
vt 0.493294984 0.301494628 0
vt 0.488923639 0.2977449 0
vt 0.486593753 0.294208497 0
vt 0.486783981 0.2979213 0
vt 0.484599948 0.29443261 0
vt 0.489083022 0.301721305 0
vt 0.493401051 0.305689752 0
vt 0.491247863 0.301598161 0
vt 0.491325915 0.305787683 0
vt 0.493380874 0.310041875 0
vt 0.484790206 0.298131406 0
vt 0.486923754 0.301894873 0
vt 0.484915882 0.302093774 0
vt 0.486912042 0.306081593 0
vt 0.484848112 0.306283265 0
vt 0.486622691 0.310458928 0
vt 0.484463394 0.310643762 0
vt 0.488933384 0.310279727 0
vt 0.489118963 0.305910796 0
vt 0.491232842 0.310148209 0
vt 0.498315573 0.292263776 0
vt 0.498371243 0.295959741 0
vt 0.496618956 0.293121666 0
vt 0.496727884 0.29687652 0
vt 0.494846642 0.293553293 0
vt 0.495000422 0.297319382 0
vt 0.496842384 0.300880969 0
vt 0.498429656 0.299922079 0
vt 0.498488069 0.304089159 0
vt 0.495151371 0.301326632 0
vt 0.495271474 0.305516124 0
vt 0.495301783 0.309859842 0
vt 0.496995598 0.30939734 0
vt 0.496942848 0.305067658 0
vt 0.498529613 0.308396429 0
vt 0.489545524 0.350767046 0
vt 0.492635787 0.350548685 0
vt 0.490140855 0.343498588 0
vt 0.495341927 0.349817097 0
vt 0.497762144 0.348126441 0
vt 0.49560079 0.342461675 0
vt 0.490767032 0.336622715 0
vt 0.493046075 0.343229711 0
vt 0.493495554 0.336320192 0
vt 0.491449177 0.330293685 0
vt 0.497894824 0.340801835 0
vt 0.498052686 0.334012866 0
vt 0.498218834 0.327894092 0
vt 0.496233314 0.329293162 0
vt 0.495901644 0.335563332 0
vt 0.493992656 0.329993933 0
vt 0.498531878 0.312832683 0
vt 0.496961415 0.313875705 0
vt 0.495189071 0.314371824 0
vt 0.496812224 0.318586767 0
vt 0.498480856 0.317468077 0
vt 0.498373717 0.322428703 0
vt 0.49316442 0.314576298 0
vt 0.494910926 0.319138974 0
vt 0.49273482 0.319374233 0
vt 0.494492471 0.324293047 0
vt 0.492136896 0.324567556 0
vt 0.496556431 0.323670745 0
vt 0.482844472 0.294665128 0
vt 0.483043134 0.29835552 0
vt 0.481330156 0.294897735 0
vt 0.481540054 0.298571259 0
vt 0.480003744 0.295121878 0
vt 0.480230451 0.298778623 0
vt 0.478783906 0.295340478 0
vt 0.48164615 0.302505583 0
vt 0.483152032 0.302309453 0
vt 0.483042151 0.306476533 0
vt 0.479038656 0.298960745 0
vt 0.480350584 0.302654058 0
vt 0.479198039 0.302743673 0
vt 0.480260372 0.306551903 0
vt 0.479191989 0.306405962 0
vt 0.479887009 0.310085177 0
vt 0.479012191 0.30932793 0
vt 0.481073111 0.31059289 0
vt 0.481525064 0.306588531 0
vt 0.482593 0.310744494 0
vt 0.474752516 0.309882671 0
vt 0.474800527 0.30701676 0
vt 0.475907773 0.31052497 0
vt 0.476037174 0.307095438 0
vt 0.477127582 0.310707361 0
vt 0.474643916 0.30344978 0
vt 0.477181315 0.306938529 0
vt 0.478210062 0.31022799 0
vt 0.478207707 0.306548834 0
vt 0.477024734 0.303099543 0
vt 0.474341482 0.299762219 0
vt 0.475880593 0.303326547 0
vt 0.475578189 0.299563259 0
vt 0.473968953 0.296220452 0
vt 0.478112787 0.302866906 0
vt 0.477894515 0.299142897 0
vt 0.477606118 0.295553476 0
vt 0.4764283 0.295769274 0
vt 0.476753175 0.299344659 0
vt 0.47522527 0.295996249 0
vt 0.456766605 0.331077576 0
vt 0.454791456 0.339178681 0
vt 0.450243652 0.333953917 0
vt 0.448856205 0.340215564 0
vt 0.444370091 0.335198283 0
vt 0.453102529 0.345869362 0
vt 0.442944854 0.340938359 0
vt 0.438518971 0.33592391 0
vt 0.437048912 0.341498464 0
vt 0.441401839 0.346821427 0
vt 0.451499164 0.352229118 0
vt 0.447278112 0.34637624 0
vt 0.445737898 0.352475226 0
vt 0.435550779 0.347274989 0
vt 0.434157819 0.353127211 0
vt 0.439934522 0.352763355 0
vt 0.488563627 0.330444783 0
vt 0.487654328 0.336734533 0
vt 0.48536402 0.330458432 0
vt 0.484137863 0.336692065 0
vt 0.481822342 0.330051392 0
vt 0.480161488 0.336464435 0
vt 0.477391899 0.328337491 0
vt 0.483054608 0.343595892 0
vt 0.486815065 0.343576729 0
vt 0.486012191 0.350814283 0
vt 0.475784093 0.336856484 0
vt 0.478893131 0.343752444 0
vt 0.474381089 0.344180942 0
vt 0.477700472 0.351046056 0
vt 0.473011822 0.35130626 0
vt 0.482047021 0.350878328 0
vt 0.457167923 0.352002621 0
vt 0.462689459 0.351793021 0
vt 0.467992246 0.351569295 0
vt 0.46432507 0.345051855 0
vt 0.45881477 0.34539333 0
vt 0.460666358 0.338573694 0
vt 0.469526947 0.344685137 0
vt 0.471123368 0.337809354 0
vt 0.472680509 0.330981284 0
vt 0.468140364 0.33204636 0
vt 0.466148615 0.338386446 0
vt 0.463182479 0.332230866 0
vt 0.490887374 0.314699382 0
vt 0.488442093 0.314847738 0
vt 0.485974342 0.315024108 0
vt 0.487642318 0.319676489 0
vt 0.490283906 0.319522589 0
vt 0.489478469 0.324732721 0
vt 0.483672112 0.315119177 0
vt 0.484955847 0.319782734 0
vt 0.4824377 0.319583356 0
vt 0.483572811 0.32474044 0
vt 0.48062849 0.323912829 0
vt 0.486587316 0.324850142 0
vt 0.467567801 0.312624305 0
vt 0.466378301 0.31709972 0
vt 0.465209424 0.312809139 0
vt 0.463725507 0.317046106 0
vt 0.463022143 0.312764019 0
vt 0.464498907 0.321701199 0
vt 0.461440116 0.316440135 0
vt 0.461104125 0.312379599 0
vt 0.459581107 0.315116316 0
vt 0.459584296 0.311731637 0
vt 0.459196448 0.319322586 0
vt 0.461680144 0.326294154 0
vt 0.461506903 0.32101661 0
vt 0.45835036 0.324185014 0
vt 0.45428279 0.324924827 0
vt 0.456305116 0.320802897 0
vt 0.452896625 0.320468754 0
vt 0.45742026 0.316725671 0
vt 0.457975984 0.312783033 0
vt 0.455766171 0.313486606 0
vt 0.451782435 0.316441804 0
vt 0.454764605 0.317196488 0
vt 0.453235358 0.313542396 0
vt 0.450823784 0.313093454 0
vt 0.439754874 0.330643713 0
vt 0.445336789 0.329752624 0
vt 0.450544387 0.328093171 0
vt 0.445641637 0.324702293 0
vt 0.440582722 0.325663537 0
vt 0.440994114 0.32092163 0
vt 0.449871987 0.323031485 0
vt 0.449170053 0.318522215 0
vt 0.448577464 0.314341038 0
vt 0.445255727 0.315487593 0
vt 0.445506185 0.319982767 0
vt 0.44113484 0.316333979 0
vt 0.451523691 0.298999578 0
vt 0.451524675 0.302502006 0
vt 0.448530197 0.299240381 0
vt 0.448517144 0.302787691 0
vt 0.445208549 0.299464285 0
vt 0.451437324 0.306279302 0
vt 0.445150644 0.303092957 0
vt 0.441542029 0.299654573 0
vt 0.441408366 0.303423405 0
vt 0.437526375 0.299808323 0
vt 0.44507727 0.307021648 0
vt 0.451204121 0.310028493 0
vt 0.448439568 0.306581795 0
vt 0.448352188 0.310423553 0
vt 0.43726933 0.303751022 0
vt 0.441274703 0.307523131 0
vt 0.437012225 0.30799377 0
vt 0.441190064 0.311855644 0
vt 0.436750919 0.312413156 0
vt 0.445082396 0.311166257 0
vt 0.453849912 0.309899807 0
vt 0.456247538 0.309557974 0
vt 0.458336771 0.309017032 0
vt 0.456503212 0.305651724 0
vt 0.454116762 0.306004792 0
vt 0.454211146 0.302219123 0
vt 0.460204393 0.308759242 0
vt 0.458661079 0.305323929 0
vt 0.460670322 0.305122256 0
vt 0.458840996 0.301689655 0
vt 0.460900694 0.301474005 0
vt 0.45887363 0.298304975 0
vt 0.460934728 0.298069686 0
vt 0.45664987 0.298534662 0
vt 0.456627041 0.301938981 0
vt 0.454215765 0.29876712 0
vt 0.468094021 0.297136694 0
vt 0.468295515 0.300597131 0
vt 0.466419876 0.29736647 0
vt 0.466545641 0.300818473 0
vt 0.464681238 0.297596186 0
vt 0.468367964 0.304349184 0
vt 0.464731306 0.301036984 0
vt 0.462858468 0.297831565 0
vt 0.46285525 0.301258296 0
vt 0.464559823 0.304786175 0
vt 0.468179613 0.308364809 0
vt 0.466483533 0.304573298 0
vt 0.466090441 0.308594495 0
vt 0.462619275 0.304971039 0
vt 0.462060779 0.308801532 0
vt 0.464026541 0.308759719 0
vt 0.47263974 0.296444625 0
vt 0.473001063 0.29994151 0
vt 0.47121796 0.296671599 0
vt 0.471545666 0.30014044 0
vt 0.469698042 0.296904147 0
vt 0.469972461 0.300370216 0
vt 0.471808791 0.303811193 0
vt 0.473292261 0.303572983 0
vt 0.473485321 0.307182044 0
vt 0.470159888 0.304099828 0
vt 0.470184684 0.308067769 0
vt 0.469903737 0.312279671 0
vt 0.471998572 0.311721891 0
vt 0.471979409 0.307655782 0
vt 0.473669976 0.310875207 0
vt 0.481725991 0.314908624 0
vt 0.480231434 0.314140081 0
vt 0.479129583 0.312664956 0
vt 0.478986084 0.316756308 0
vt 0.480393559 0.318657696 0
vt 0.478497565 0.321472913 0
vt 0.478018939 0.314016461 0
vt 0.476684123 0.314176142 0
vt 0.475223243 0.31314683 0
vt 0.475637794 0.31715408 0
vt 0.47741279 0.317872196 0
vt 0.476127982 0.321750253 0
vt 0.465855569 0.326715291 0
vt 0.469899297 0.326177359 0
vt 0.473570198 0.324699998 0
vt 0.471083313 0.320860744 0
vt 0.467847168 0.321583807 0
vt 0.469165713 0.316769123 0
vt 0.473778307 0.319425285 0
vt 0.473812521 0.314910501 0
vt 0.471737266 0.316079617 0
vt 0.634342372 0.315925002 0
vt 0.629628599 0.315088809 0
vt 0.633392513 0.309522897 0
vt 0.628513157 0.309384912 0
vt 0.632316351 0.303852648 0
vt 0.624348223 0.315197557 0
vt 0.627050042 0.303832412 0
vt 0.630830765 0.298308551 0
vt 0.625241995 0.298274219 0
vt 0.628896534 0.292685866 0
vt 0.621278882 0.304322451 0
vt 0.618439674 0.315808177 0
vt 0.622958004 0.309760004 0
vt 0.616892397 0.310513616 0
vt 0.623100221 0.292609453 0
vt 0.61934185 0.298825949 0
vt 0.617157996 0.293248117 0
vt 0.613214493 0.299829155 0
vt 0.611120403 0.294433564 0
vt 0.61514318 0.305193841 0
vt 0.637298703 0.309786946 0
vt 0.636845112 0.304329902 0
vt 0.640378356 0.305126727 0
vt 0.640367746 0.299952924 0
vt 0.643920481 0.30135268 0
vt 0.644100547 0.296257436 0
vt 0.639515817 0.294731379 0
vt 0.635939956 0.298917681 0
vt 0.634426296 0.29346326 0
vt 0.642965436 0.291187286 0
vt 0.641126513 0.285884291 0
vt 0.638709962 0.279934883 0
vt 0.635630548 0.283600986 0
vt 0.637875974 0.289366722 0
vt 0.632349074 0.287795752 0
vt 0.619751394 0.321099877 0
vt 0.620827615 0.326399952 0
vt 0.621732771 0.331677586 0
vt 0.62620616 0.326159418 0
vt 0.625421584 0.320682704 0
vt 0.630275607 0.320969313 0
vt 0.622607052 0.336893529 0
vt 0.626886904 0.33153519 0
vt 0.627699554 0.336751133 0
vt 0.631202519 0.33210215 0
vt 0.632104874 0.337250799 0
vt 0.634814203 0.333594412 0
vt 0.636011004 0.338563621 0
vt 0.634150207 0.328353286 0
vt 0.63065356 0.326706767 0
vt 0.633937716 0.322699964 0
vt 0.623618722 0.342047811 0
vt 0.624885678 0.347216129 0
vt 0.626427293 0.352552712 0
vt 0.630353928 0.346950382 0
vt 0.6288234 0.341849327 0
vt 0.633503556 0.342234045 0
vt 0.632265747 0.352219731 0
vt 0.637888193 0.3522484 0
vt 0.643572271 0.352591217 0
vt 0.64045459 0.347933054 0
vt 0.635463119 0.347180903 0
vt 0.637883604 0.343311369 0
vt 0.320388943 0.369762361 0
vt 0.327915192 0.371779472 0
vt 0.336044341 0.373981744 0
vt 0.331067771 0.366235942 0
vt 0.322746485 0.364501923 0
vt 0.325451732 0.359376103 0
vt 0.344350249 0.375485778 0
vt 0.339258701 0.367773563 0
vt 0.347057074 0.36882329 0
vt 0.342478603 0.362201959 0
vt 0.349891454 0.362873107 0
vt 0.346212983 0.357356727 0
vt 0.353074878 0.357500583 0
vt 0.338584185 0.356845468 0
vt 0.33438158 0.361082196 0
vt 0.329849243 0.355520904 0
vt 0.380236596 0.321085513 0
vt 0.374566525 0.3206698 0
vt 0.369711012 0.320958048 0
vt 0.373780698 0.326146334 0
vt 0.379157752 0.32638815 0
vt 0.378252774 0.331665576 0
vt 0.366048485 0.322685003 0
vt 0.369333148 0.326692641 0
vt 0.365837485 0.328341097 0
vt 0.368781477 0.332090676 0
vt 0.365172267 0.333582103 0
vt 0.367880732 0.337236315 0
vt 0.363975704 0.338551015 0
vt 0.372289002 0.336737663 0
vt 0.373100042 0.331521958 0
vt 0.377381444 0.336884111 0
vt 0.376367092 0.342035323 0
vt 0.371162504 0.341838419 0
vt 0.366479397 0.342222035 0
vt 0.369630784 0.346939057 0
vt 0.375100374 0.347203344 0
vt 0.373558819 0.352542371 0
vt 0.362103313 0.343301147 0
vt 0.364524305 0.347168416 0
vt 0.359529912 0.347922176 0
vt 0.362096637 0.352235347 0
vt 0.35641247 0.352582425 0
vt 0.35942781 0.357588261 0
vt 0.365583032 0.357799321 0
vt 0.367719114 0.35221076 0
vt 0.37182799 0.358209491 0
vt 0.370076001 0.364291608 0
vt 0.363442689 0.363800108 0
vt 0.356806606 0.363353431 0
vt 0.361467779 0.370185077 0
vt 0.368444622 0.370735496 0
vt 0.36700806 0.377448618 0
vt 0.35441947 0.369561672 0
vt 0.352272034 0.376238257 0
vt 0.359721363 0.376884073 0
vt 0.35401088 0.303418666 0
vt 0.357262045 0.306268126 0
vt 0.360032141 0.310101807 0
vt 0.362195015 0.314835578 0
vt 0.363352507 0.320239455 0
vt 0.361973822 0.335962504 0
vt 0.362993717 0.330996364 0
vt 0.363473862 0.325752527 0
vt 0.350328684 0.353061199 0
vt 0.360271066 0.340625703 0
vt 0.35431394 0.349020809 0
vt 0.357714534 0.344949484 0
vt 0.327404886 0.276612848 0
vt 0.330496818 0.274134278 0
vt 0.327061951 0.271726429 0
vt 0.330933511 0.268797904 0
vt 0.323863447 0.274248481 0
vt 0.32742855 0.266304553 0
vt 0.332086772 0.26284048 0
vt 0.32388854 0.263802767 0
vt 0.328552336 0.26033172 0
vt 0.320080847 0.271809757 0
vt 0.32347706 0.269265324 0
vt 0.31981644 0.26674673 0
vt 0.315813124 0.269236386 0
vt 0.338924229 0.267804772 0
vt 0.335567892 0.265349299 0
vt 0.334319293 0.271256208 0
vt 0.669484079 0.274156213 0
vt 0.66566515 0.27128005 0
vt 0.669047236 0.268822581 0
vt 0.664417922 0.265372843 0
vt 0.667898297 0.262864858 0
vt 0.661060989 0.267827511 0
vt 0.672550082 0.266328633 0
vt 0.671429098 0.260358334 0
vt 0.676089287 0.263829082 0
vt 0.67291677 0.271750629 0
vt 0.672574043 0.276634097 0
vt 0.676113248 0.274271995 0
vt 0.680157781 0.266771197 0
vt 0.676500857 0.269291729 0
vt 0.679893613 0.271831363 0
vt 0.684161961 0.269259006 0
vt 0.245236292 0.31998986 0
vt 0.222649202 0.312948614 0
vt 0.22223258 0.32650131 0
vt 0.215086401 0.323415846 0
vt 0.229715437 0.316165894 0
vt 0.229999989 0.328650296 0
vt 0.23721081 0.318617642 0
vt 0.238603219 0.329436481 0
vt 0.215625063 0.309498608 0
vt 0.191514954 0.305129588 0
vt 0.193478107 0.315261453 0
vt 0.186802745 0.314736277 0
vt 0.200167388 0.304746419 0
vt 0.200900629 0.317143947 0
vt 0.2082223 0.306494415 0
vt 0.20809871 0.320061207 0
vt 0.177017242 0.375530481 0
vt 0.187592208 0.36128065 0
vt 0.184196964 0.379454404 0
vt 0.19476217 0.364826024 0
vt 0.192389175 0.382068872 0
vt 0.197523549 0.347720653 0
vt 0.202884302 0.367101252 0
vt 0.202289402 0.382384151 0
vt 0.212584063 0.367208958 0
vt 0.212741375 0.353053302 0
vt 0.206724256 0.335052341 0
vt 0.204683721 0.350991249 0
vt 0.213885859 0.338157445 0
vt 0.222219601 0.353127331 0
vt 0.230961844 0.340475768 0
vt 0.221848175 0.340155005 0
vt 0.148799151 0.357714772 0
vt 0.159209952 0.344516546 0
vt 0.156156868 0.362258464 0
vt 0.166644797 0.348917246 0
vt 0.163243994 0.366715193 0
vt 0.169425756 0.332353085 0
vt 0.173781022 0.353146851 0
vt 0.170151651 0.371157885 0
vt 0.180718169 0.357269853 0
vt 0.183716476 0.340394467 0
vt 0.179079071 0.322009474 0
vt 0.176664308 0.33660233 0
vt 0.185791939 0.32565856 0
vt 0.190643847 0.344046354 0
vt 0.199803874 0.331616342 0
vt 0.192802116 0.328458011 0
vt 0.125585899 0.428535223 0
vt 0.140289724 0.417306066 0
vt 0.131687164 0.434391111 0
vt 0.146874756 0.422890007 0
vt 0.138182387 0.440667719 0
vt 0.15360567 0.404284865 0
vt 0.154174849 0.428521752 0
vt 0.145534202 0.447780043 0
vt 0.163454831 0.433242321 0
vt 0.16846548 0.413700372 0
vt 0.165753797 0.390097022 0
vt 0.160534278 0.409364104 0
vt 0.172877371 0.394545346 0
vt 0.178675413 0.415493488 0
vt 0.191222072 0.398459375 0
vt 0.181080729 0.397748709 0
vt 0.10147512 0.406177163 0
vt 0.114783704 0.396142453 0
vt 0.10782598 0.411920935 0
vt 0.121388391 0.401518911 0
vt 0.113844566 0.417465568 0
vt 0.1268951 0.384293288 0
vt 0.127725303 0.406727076 0
vt 0.119699113 0.422945708 0
vt 0.133966848 0.41193527 0
vt 0.140420049 0.394238651 0
vt 0.138121918 0.371229768 0
vt 0.133773237 0.389327645 0
vt 0.145262286 0.375980943 0
vt 0.146985516 0.399194449 0
vt 0.158962548 0.385354251 0
vt 0.1521727 0.380647987 0
vt 0.784894049 0.323432922 0
vt 0.777748585 0.326516688 0
vt 0.777335167 0.312966704 0
vt 0.76998347 0.328663826 0
vt 0.770265341 0.316185117 0
vt 0.761377215 0.329450756 0
vt 0.762772202 0.318637908 0
vt 0.754746377 0.320008218 0
vt 0.813175619 0.314754426 0
vt 0.806501508 0.315278023 0
vt 0.808462799 0.305146635 0
vt 0.799081326 0.317158759 0
vt 0.7998119 0.30476144 0
vt 0.791879714 0.320077121 0
vt 0.791757941 0.306513131 0
vt 0.784354508 0.309515566 0
vt 0.822963476 0.375545323 0
vt 0.815784216 0.379470348 0
vt 0.812387645 0.361295849 0
vt 0.805216849 0.364845157 0
vt 0.802456796 0.347736299 0
vt 0.807590008 0.382085741 0
vt 0.795297205 0.351010799 0
vt 0.793254852 0.335068583 0
vt 0.78609252 0.338172019 0
vt 0.787237644 0.353068113 0
vt 0.797691107 0.382398605 0
vt 0.797095656 0.367115557 0
vt 0.787398636 0.367220968 0
vt 0.778133929 0.340173244 0
vt 0.7690202 0.340491861 0
vt 0.777762234 0.353142738 0
vt 0.851178765 0.357727885 0
vt 0.843822837 0.36227262 0
vt 0.840771139 0.344530016 0
vt 0.83333379 0.34893176 0
vt 0.830554008 0.332369745 0
vt 0.836736023 0.36672768 0
vt 0.823312998 0.336620092 0
vt 0.820900321 0.322023869 0
vt 0.814186633 0.325676948 0
vt 0.816262782 0.340407729 0
vt 0.829828739 0.371171534 0
vt 0.826199412 0.353162438 0
vt 0.819261253 0.35728386 0
vt 0.807178557 0.328471929 0
vt 0.800176024 0.331631422 0
vt 0.809335947 0.344060808 0
vt 0.874394834 0.42855382 0
vt 0.868292212 0.434408277 0
vt 0.859693706 0.417321205 0
vt 0.853105962 0.422906429 0
vt 0.846375227 0.404302508 0
vt 0.861799717 0.440683365 0
vt 0.839448273 0.409380108 0
vt 0.83422631 0.390111715 0
vt 0.827103078 0.394561172 0
vt 0.831514597 0.413714468 0
vt 0.854446232 0.447796792 0
vt 0.845803142 0.428539217 0
vt 0.836526215 0.433257639 0
vt 0.818897545 0.397765458 0
vt 0.808760226 0.39847371 0
vt 0.821304262 0.415507942 0
vt 0.89850533 0.406190276 0
vt 0.892153144 0.411935389 0
vt 0.885194957 0.396152467 0
vt 0.878593206 0.401532918 0
vt 0.873082101 0.384303242 0
vt 0.886137426 0.417478621 0
vt 0.866205573 0.389341563 0
vt 0.861858428 0.371239871 0
vt 0.854715526 0.37599498 0
vt 0.859559059 0.394250929 0
vt 0.880281568 0.422962964 0
vt 0.872255087 0.406739622 0
vt 0.866015017 0.4119519 0
vt 0.847805381 0.380660355 0
vt 0.841018617 0.385370612 0
vt 0.852993786 0.399210811 0
vt 0.312935024 0.265791059 0
vt 0.316471338 0.264093518 0
vt 0.313637972 0.26152733 0
vt 0.317344069 0.258853972 0
vt 0.310480237 0.263421237 0
vt 0.314472854 0.256510705 0
vt 0.318601042 0.253133506 0
vt 0.307817847 0.26155749 0
vt 0.310947597 0.259272456 0
vt 0.376208901 0.280761838 0
vt 0.379358739 0.286787063 0
vt 0.373447448 0.286836833 0
vt 0.387928963 0.28210783 0
vt 0.391140372 0.289068282 0
vt 0.385264307 0.287617803 0
vt 0.382142603 0.280930817 0
vt 0.37021479 0.281720161 0
vt 0.325066984 0.257866383 0
vt 0.321730256 0.255462795 0
vt 0.320473284 0.261309415 0
vt 0.68138206 0.253163904 0
vt 0.685509503 0.256540656 0
vt 0.68263489 0.258886039 0
vt 0.686341703 0.261554688 0
vt 0.683503509 0.264121622 0
vt 0.687042236 0.265815765 0
vt 0.689501822 0.263449311 0
vt 0.689034045 0.259304643 0
vt 0.692168891 0.261584848 0
vt 0.626541674 0.286852807 0
vt 0.620633245 0.286804438 0
vt 0.623783052 0.280777156 0
vt 0.614727437 0.287631005 0
vt 0.608849645 0.289085686 0
vt 0.612061262 0.282124609 0
vt 0.61784929 0.280948937 0
vt 0.629775524 0.281739712 0
vt 0.67825228 0.25549382 0
vt 0.674914956 0.25789386 0
vt 0.679502249 0.261335164 0
vt 0.606407762 0.283917218 0
vt 0.603002667 0.290792763 0
vt 0.60081315 0.285862714 0
vt 0.581714749 0.299831003 0
vt 0.587211132 0.299335301 0
vt 0.582586408 0.304404795 0
vt 0.588301361 0.304018497 0
vt 0.583471954 0.309029043 0
vt 0.592965424 0.298483521 0
vt 0.589400053 0.308743715 0
vt 0.584433258 0.313695341 0
vt 0.598935783 0.297300875 0
vt 0.594319344 0.3032929 0
vt 0.597203314 0.292410105 0
vt 0.591519058 0.293758273 0
vt 0.586025476 0.294750303 0
vt 0.589831412 0.289212406 0
vt 0.595263422 0.287670761 0
vt 0.584590256 0.290397972 0
vt 0.580756307 0.295397431 0
vt 0.579556584 0.291258276 0
vt 0.566398621 0.296189308 0
vt 0.566830039 0.299947023 0
vt 0.570916235 0.29602161 0
vt 0.571513057 0.300034493 0
vt 0.570131481 0.292454541 0
vt 0.575711489 0.295783818 0
vt 0.576482117 0.300029516 0
vt 0.574727595 0.291908294 0
vt 0.578678966 0.313610554 0
vt 0.577888727 0.309019983 0
vt 0.577176988 0.304479867 0
vt 0.572614074 0.308786571 0
vt 0.573241651 0.313318282 0
vt 0.568084776 0.312902629 0
vt 0.572056592 0.30433622 0
vt 0.567227781 0.304072082 0
vt 0.567633867 0.308427066 0
vt 0.56175524 0.293238759 0
vt 0.56580174 0.292908311 0
vt 0.56218946 0.296295375 0
vt 0.548359454 0.293284833 0
vt 0.551264584 0.293380529 0
vt 0.548471332 0.295931995 0
vt 0.551440954 0.296106219 0
vt 0.554483891 0.293439806 0
vt 0.554716229 0.296249628 0
vt 0.558297217 0.29632017 0
vt 0.557983518 0.293412149 0
vt 0.545796096 0.295741022 0
vt 0.543384492 0.295524836 0
vt 0.541186035 0.295277774 0
vt 0.543452144 0.292877644 0
vt 0.545771241 0.293127477 0
vt 0.541318178 0.292566121 0
vt 0.539153039 0.295013964 0
vt 0.539321601 0.292254597 0
vt 0.53378582 0.294239342 0
vt 0.535479546 0.294494718 0
vt 0.535698593 0.291668117 0
vt 0.537260234 0.294750124 0
vt 0.537454069 0.291954339 0
vt 0.509294331 0.290397465 0
vt 0.511445105 0.290565968 0
vt 0.511608124 0.287357986 0
vt 0.513581932 0.290776551 0
vt 0.51558131 0.29101795 0
vt 0.515735924 0.287852019 0
vt 0.513736486 0.287590981 0
vt 0.517519355 0.288121432 0
vt 0.517353535 0.291267753 0
vt 0.519075692 0.288382411 0
vt 0.518887401 0.291514695 0
vt 0.520238996 0.291756004 0
vt 0.521481276 0.291988879 0
vt 0.521728337 0.288893104 0
vt 0.520458102 0.288640559 0
vt 0.532445788 0.291095644 0
vt 0.534035802 0.291384667 0
vt 0.532162249 0.293986768 0
vt 0.526725352 0.289942443 0
vt 0.52806294 0.290225834 0
vt 0.526391268 0.292954117 0
vt 0.527720451 0.293209463 0
vt 0.529459417 0.290512055 0
vt 0.529125333 0.293467611 0
vt 0.530605972 0.29372859 0
vt 0.530920327 0.290806651 0
vt 0.52295655 0.289151192 0
vt 0.522687018 0.292224616 0
vt 0.524187624 0.289406538 0
vt 0.52389282 0.292463094 0
vt 0.525118232 0.292707205 0
vt 0.525438249 0.289670289 0
vt 0.418275476 0.299822837 0
vt 0.417404205 0.304393619 0
vt 0.412779242 0.299323052 0
vt 0.41168648 0.30400598 0
vt 0.407025129 0.298472703 0
vt 0.416517526 0.309017688 0
vt 0.405670106 0.303281754 0
vt 0.401056498 0.297288597 0
vt 0.41555652 0.31368655 0
vt 0.410589457 0.30873093 0
vt 0.421310812 0.313600332 0
vt 0.426749587 0.31330654 0
vt 0.43190378 0.312894911 0
vt 0.427376866 0.308777779 0
vt 0.422102123 0.30900991 0
vt 0.422812134 0.304469973 0
vt 0.432357192 0.308416635 0
vt 0.432764322 0.30406177 0
vt 0.433161587 0.299936801 0
vt 0.428478569 0.300023168 0
vt 0.427936852 0.304324746 0
vt 0.423510909 0.300016969 0
vt 0.507227659 0.290257037 0
vt 0.505295575 0.29006049 0
vt 0.507387877 0.287009776 0
vt 0.50348407 0.289648056 0
vt 0.501739979 0.288848639 0
vt 0.503579795 0.286423206 0
vt 0.505433321 0.286813229 0
vt 0.501787961 0.285677075 0
vt 0.50000149 0.287538856 0
vt 0.500001848 0.284436017 0
vt 0.509460151 0.287169844 0
vt 0.492774725 0.290252507 0
vt 0.494704038 0.290059209 0
vt 0.492615253 0.287010819 0
vt 0.496515602 0.289647251 0
vt 0.498262733 0.288851023 0
vt 0.496420652 0.28641957 0
vt 0.494569838 0.286811948 0
vt 0.498215407 0.285673857 0
vt 0.399179012 0.285849988 0
vt 0.40279007 0.292398274 0
vt 0.396988332 0.290779561 0
vt 0.410158515 0.289202332 0
vt 0.413964599 0.294741124 0
vt 0.408471227 0.293744951 0
vt 0.404726952 0.287659377 0
vt 0.393584847 0.283903211 0
vt 0.420437127 0.291245043 0
vt 0.419235021 0.295386702 0
vt 0.415400863 0.29038915 0
vt 0.424278349 0.29577148 0
vt 0.429076344 0.296010405 0
vt 0.4335953 0.296176374 0
vt 0.429859132 0.292443544 0
vt 0.425264508 0.291898996 0
vt 0.43780303 0.296283454 0
vt 0.434188783 0.292898327 0
vt 0.438236624 0.293229729 0
vt 0.451636553 0.29327336 0
vt 0.451522648 0.295920521 0
vt 0.448728591 0.293371171 0
vt 0.448552996 0.296096832 0
vt 0.445507914 0.293429673 0
vt 0.441695273 0.296309143 0
vt 0.445277661 0.296239465 0
vt 0.442006886 0.293401212 0
vt 0.454197913 0.295732945 0
vt 0.456610978 0.295517325 0
vt 0.458812296 0.295267999 0
vt 0.456542552 0.292867333 0
vt 0.454223454 0.293122262 0
vt 0.46084258 0.295004666 0
vt 0.458676606 0.292556316 0
vt 0.460674673 0.292245299 0
vt 0.462732643 0.294741303 0
vt 0.464516163 0.294483513 0
vt 0.466207117 0.294234127 0
vt 0.464297771 0.291656852 0
vt 0.462542295 0.291945457 0
vt 0.484264195 0.287848264 0
vt 0.484418064 0.291014254 0
vt 0.482480675 0.288114458 0
vt 0.48264578 0.29126364 0
vt 0.480924338 0.288377881 0
vt 0.486417502 0.290773332 0
vt 0.488554329 0.290560484 0
vt 0.490707994 0.290392458 0
vt 0.488392085 0.287358046 0
vt 0.486263663 0.287587702 0
vt 0.490540117 0.287167609 0
vt 0.478271484 0.288887948 0
vt 0.47976017 0.291751206 0
vt 0.478515089 0.291986614 0
vt 0.481109053 0.291510224 0
vt 0.47954464 0.2886329 0
vt 0.4736076 0.292947859 0
vt 0.474877954 0.292698443 0
vt 0.473274231 0.289936125 0
vt 0.476106197 0.292457432 0
vt 0.477312058 0.292219222 0
vt 0.475809306 0.289397985 0
vt 0.474561423 0.289664239 0
vt 0.47704041 0.289142996 0
vt 0.467833608 0.293979138 0
vt 0.465960711 0.291373789 0
vt 0.467550725 0.291085154 0
vt 0.471933812 0.290219188 0
vt 0.472275555 0.293205708 0
vt 0.470537275 0.290505052 0
vt 0.469387144 0.293721348 0
vt 0.470870614 0.293460727 0
vt 0.469076246 0.29079932 0
vn -0.262916893 -0.146692544 -0.953601599
vn -0.29328236 0.172737733 -0.940290928
vn 2.37767539e-09 -0.10312482 -0.994668424
vn -0.988486648 -0.0636281669 0.137278974
vn -0.989456475 -0.0544479899 0.134205952
vn -0.988849878 -0.0281016286 0.146240622
vn -0.979159355 -0.0262659397 0.201388225
vn -0.996514201 -0.0399165824 0.0732526854
vn -0.952353716 -0.0985178873 0.288646311
vn -0.99187243 -0.0909523964 0.0889762789
vn -0.977840006 -0.120633081 0.171103925
vn -0.776619494 -0.128102824 -0.616807759
vn -0.546738327 -0.20532468 -0.811738253
vn -0.69802177 -0.392472774 -0.598941326
vn -0.330569893 -0.433420897 -0.838373303
vn -0.424886376 -0.552301764 -0.717240751
vn 7.90574268e-06 -0.40631035 -0.913735151
vn -1.19189658e-09 0.409351826 -0.912376642
vn -0.276157796 0.400055021 -0.873895168
vn -1.19030419e-09 0.651519358 -0.758631945
vn -0.301297545 0.673942626 -0.67455256
vn -0.742125332 0.549784601 -0.383388668
vn -0.529654205 0.620447516 -0.578369617
vn -0.818152905 0.327319115 -0.47274518
vn -0.552752137 0.371977061 -0.74571979
vn -0.704376936 0.701967359 0.105332851
vn -0.718323171 0.692257404 -0.0692207143
vn -0.894595206 0.44337064 0.0558748394
vn -0.851070344 0.505236208 -0.142883062
vn -0.423409104 0.89976877 -0.105550297
vn -0.426577836 0.898087978 0.107094899
vn -0.197749406 0.974620223 0.104931012
vn -0.210945085 0.969149351 -0.127482235
vn 1.25913527e-06 0.997059524 -0.0766312182
vn -5.21065395e-08 0.990259409 0.139234647
vn 1.18909882e-09 0.217451483 -0.976071119
vn -0.840266585 0.135023013 -0.52509135
vn -0.567745924 0.116405502 -0.814932108
vn -0.988078415 0.094912909 0.121213108
vn -0.988549352 0.150525972 -0.0105879828
vn -0.995532811 -0.000230826845 0.0944152772
vn -0.998798907 0.0291227642 -0.0394028984
vn -0.972803116 0.0799015164 -0.21741648
vn -0.947473526 0.230221137 -0.222018212
vn -0.977882206 0.0569204167 0.20126231
vn -0.905939043 0.373103589 0.200170204
vn -0.924764276 0.261569977 0.276391625
vn 2.95627115e-06 0.889973879 -0.456011713
vn -0.275819719 0.857922137 -0.433466345
vn -0.660556376 0.708869457 -0.247324318
vn -0.485457659 0.774849176 -0.40489465
vn -0.871514976 -0.339054525 -0.354265004
vn -0.758610904 -0.474844366 -0.446130335
vn -0.958475411 -0.269384444 -0.0935769901
vn -0.790122032 -0.412202299 -0.453647882
vn -0.519672692 -0.475499094 -0.709817469
vn 1.27585035e-05 -0.543018281 -0.839720845
vn 1.23994087e-05 -0.516056001 -0.856554747
vn -0.942778111 -0.140618622 -0.30231753
vn 0.148410141 0.449956596 0.88063246
vn 0.222240299 0.453080595 0.863323331
vn 0.170516729 0.695029914 0.69846791
vn 0.234848008 0.697733939 0.676767111
vn 0.991871655 -0.0909631103 0.0889727697
vn 0.977925956 -0.119540378 0.171378776
vn -1.48384763e-10 0.396808803 0.917901278
vn -1.96977656e-09 0.644441247 0.764653802
vn 0.776617527 -0.128118604 -0.616806924
vn 0.69802177 -0.392472953 -0.598941267
vn 0.546744347 -0.205341116 -0.811730027
vn 0.330584943 -0.433422595 -0.838366449
vn 0.424895316 -0.55229938 -0.717237294
vn 0.262931943 -0.146708027 -0.953594983
vn 0.276159823 0.40005514 -0.873894513
vn 0.301297843 0.673942685 -0.674552441
vn 0.552752197 0.37197727 -0.74571979
vn 0.529654086 0.620447576 -0.578369558
vn 0.81815511 0.327315718 -0.472743601
vn 0.742124736 0.549787879 -0.383385301
vn 0.426578492 0.89808768 0.107095383
vn 0.197748587 0.974620283 0.104931816
vn 0.407140583 0.861805856 0.302534759
vn 0.191238046 0.920611322 0.340444744
vn 1.16973933e-05 0.905783653 0.423740417
vn 0.704376996 0.701967359 0.105332844
vn 0.894593596 0.443373144 0.055879768
vn 0.718323171 0.692257464 -0.0692205206
vn 0.85107255 0.505232096 -0.142884657
vn 0.423404813 0.899771094 -0.105547354
vn 0.210947111 0.969148457 -0.127485976
vn 0.293282241 0.17273806 -0.940290928
vn 0.840270519 0.135014877 -0.525087059
vn 0.567751527 0.116389051 -0.814930499
vn 0.998798907 0.0291222483 -0.0394033864
vn 0.988549292 0.150525942 -0.0105878124
vn 0.995532751 -0.000230725302 0.0944169983
vn 0.988078117 0.0949133113 0.121215299
vn 0.94747436 0.230219617 -0.222016543
vn 0.972803414 0.0798974037 -0.217416629
vn 0.991997898 -0.0836902484 -0.0945312083
vn 0.958475351 -0.269384563 -0.0935777202
vn 0.942778409 -0.140621081 -0.302315205
vn 0.871514738 -0.339054585 -0.354265481
vn 0.952353776 -0.0985190421 0.288645864
vn 0.996514142 -0.039918974 0.0732526928
vn 0.977882266 0.056920547 0.201261759
vn 0.979159355 -0.026265936 0.201388255
vn 0.988849819 -0.0281016454 0.146240726
vn 0.275811732 0.857925415 -0.433465064
vn 0.485457152 0.774849355 -0.404894799
vn 0.660556316 0.708869576 -0.247324407
vn 0.298911363 0.642686784 0.705411613
vn 0.32115376 0.438312858 0.839489281
vn 0.758610845 -0.474844515 -0.446130544
vn 0.519678712 -0.475502819 -0.709810674
vn 0.790121615 -0.412194371 -0.453655928
vn 0.905939102 0.37310335 0.200170472
vn 0.744675994 0.634748936 0.206280038
vn 0.627070546 0.594192624 0.503704131
vn 0.760880589 0.459378809 0.458292216
vn 0.877016723 0.345071644 0.334315926
vn 0.924764216 0.261569738 0.276392043
vn 0.475935191 0.603390276 0.639848351
vn 0.845106542 0.245672405 0.474805236
vn 0.927042544 0.134695604 0.349927425
vn 0.709839463 0.331461728 0.621499062
vn 0.568748057 0.385535777 0.726558924
vn 0.431519687 0.416431993 0.800234437
vn -0.148408845 0.449953496 0.880634248
vn -0.170516729 0.695029914 0.69846791
vn -0.222239166 0.453080148 0.863323987
vn -0.234848067 0.697733998 0.676767111
vn -0.191239551 0.920612335 0.340441525
vn -0.32115376 0.438312858 0.839489281
vn -0.298911452 0.64268738 0.705411077
vn -0.475936681 0.60338974 0.639847696
vn -0.431520104 0.416432083 0.800234258
vn -0.744675517 0.634749353 0.206280589
vn -0.407140613 0.861805856 0.302534729
vn -0.627071977 0.594193399 0.50370115
vn -0.760880411 0.459378749 0.458292603
vn -0.877013743 0.345078468 0.33431688
vn -0.845106542 0.245672405 0.474805236
vn -0.927042484 0.134695217 0.349928111
vn -0.709833741 0.331461757 0.621505558
vn -0.568748236 0.385535568 0.726558924
vn 0.988486052 -0.0636273399 0.137283474
vn 0.989456475 -0.054447975 0.134205893
vn 0.998978615 -0.0123328967 0.0434705541
vn -0.991998076 -0.0836887136 -0.0945307314
vn -0.998978674 -0.0123339044 0.0434688404
vn -0.943804979 -0.211157739 0.254252762
vn 0.944088161 -0.209136993 0.254871249
vn -0.731570482 -0.231605873 -0.641220212
vn -0.749821126 -0.348861545 -0.562195599
vn -0.425579309 -0.356656909 -0.831671894
vn -0.434997261 -0.193014577 -0.879501402
vn 1.63362183e-05 -0.3123312 -0.949973285
vn 9.65168965e-06 -0.143716708 -0.989618897
vn 0.731571436 -0.231578737 -0.641228855
vn 0.749814451 -0.348860085 -0.562205315
vn 0.425592422 -0.356652439 -0.831667066
vn 0.43504864 -0.192887321 -0.879503965
vn 0.960709631 0.0214949604 0.276721627
vn -0.960709631 0.0214949641 0.276721656
vn -0.156412676 -0.145540193 -0.976909935
vn -0.170484856 0.0140779987 -0.985259771
vn -0.273958921 0.0217938405 -0.961494446
vn -0.989933014 -0.0384734385 0.136207134
vn -0.988814175 -0.0327971168 0.145501673
vn -0.990905404 -0.0690031573 0.115521327
vn -0.985362411 -0.0266387202 0.168378294
vn -0.983545482 -0.0245736688 0.178981483
vn -0.992028594 -0.10353896 0.0718256086
vn -0.990886927 -0.0928242952 0.0976053253
vn -0.992204964 -0.0631200746 0.107447833
vn -0.985307395 -0.0626357794 0.158890039
vn -0.996065557 -0.0882538185 0.00803999137
vn -0.99004811 -0.140330091 0.0105973417
vn -0.987889886 -0.0822927952 0.131535009
vn -0.748955846 -0.286482602 -0.597488761
vn -0.617260218 -0.331380397 -0.713566303
vn -0.67544049 -0.164582342 -0.71881336
vn -0.527569234 -0.423821896 -0.736237526
vn -0.444521099 -0.338413805 -0.829383612
vn -0.589527428 -0.478735179 -0.650592148
vn -0.382403404 -0.497285813 -0.778764725
vn -0.164666057 -0.431988031 -0.886719465
vn -0.154858679 -0.307940513 -0.938718021
vn -0.283565253 -0.319028288 -0.9043293
vn 2.72677698e-06 -0.264625996 -0.964351118
vn 1.18899057e-09 0.520507634 -0.853856921
vn -0.187024385 0.538851976 -0.821377099
vn -0.156645581 0.404702544 -0.900931776
vn -0.187846631 0.685489297 -0.703433096
vn -0.309479982 0.535696447 -0.785653472
vn -0.783303022 0.437295854 -0.441824317
vn -0.694012225 0.469326824 -0.545966387
vn -0.654983938 0.579122603 -0.485399842
vn -0.715061903 0.360356808 -0.59902364
vn -0.561255395 0.495475173 -0.662945569
vn -0.813225687 0.575479507 0.0865286216
vn -0.806845069 0.590738237 -0.00542194955
vn -0.703173518 0.710458219 0.0282136314
vn -0.879903078 0.473520696 -0.0393549427
vn -0.787929416 0.605411828 -0.11244452
vn -0.593537986 0.801986992 -0.0673025921
vn -0.563214362 0.825669944 0.0325372778
vn -0.421745002 0.906504154 0.0195281263
vn -0.568559408 0.815224409 0.110224165
vn -0.291875601 0.950612485 0.105567768
vn -0.292382926 0.956234813 0.0112845423
vn -0.200893357 0.97958529 0.00738618057
vn -0.297226012 0.947288096 -0.119590178
vn -0.136204258 0.982978284 -0.123296365
vn -0.126267642 0.99191159 0.0129564367
vn -3.14776742e-07 0.998805165 0.0488704666
vn -0.120958515 0.986530185 0.110124379
vn -1.78427384e-09 0.0581326336 -0.998308897
vn -0.182735682 0.172161281 -0.967971206
vn -0.822301149 0.00453684293 -0.569034398
vn -0.704260111 0.00159591204 -0.709940255
vn -0.7215361 0.138275579 -0.67842871
vn -0.559859335 -0.0307286214 -0.828017592
vn -0.995111167 0.0209711865 0.0965091437
vn -0.998086512 0.0474940799 0.0395948552
vn -0.990908146 0.121045724 0.0587282516
vn -0.999332428 0.021543242 0.0295048747
vn -0.997241378 0.0699740499 -0.024766054
vn -0.963579893 0.138046667 -0.229034662
vn -0.989695013 0.0947073922 -0.107397661
vn -0.992890716 0.0433969796 -0.110836916
vn -0.978105605 0.186073646 -0.0931988657
vn -0.569339097 0.25587517 -0.781268775
vn -0.722022295 0.266927809 -0.638305008
vn -0.838321269 0.242911756 -0.488068908
vn -0.180576444 0.296827376 -0.937702298
vn 1.18811938e-09 0.31465438 -0.949206352
vn -0.301066786 0.292536736 -0.907623827
vn -0.995993495 -0.0847560987 0.0285161491
vn -0.979418397 -0.127147898 0.156758085
vn -0.998106122 -0.0410044417 0.0458554924
vn -0.986430347 -0.0088684652 0.163940504
vn -0.981245399 -0.013463065 0.192291692
vn -0.990511298 0.000489926431 0.137430474
vn -0.991348743 -0.022117503 0.129377678
vn -0.983404517 0.0733864158 0.165921345
vn -0.959829271 0.227826625 0.16377677
vn -0.956888795 0.198499694 0.21204181
vn -0.913314044 0.325376034 0.244924307
vn -0.954157829 0.162894353 0.251094133
vn -0.957310796 0.28849563 0.0180610251
vn -0.961300552 0.256755978 0.0998877138
vn -0.901302159 0.410046846 0.139699608
vn -0.910331845 0.370265245 -0.184931338
vn -0.94259578 0.326862723 -0.0683664382
vn 2.07020491e-07 0.785017729 -0.619473338
vn -0.167729273 0.799009264 -0.577452183
vn -0.179006934 0.877796292 -0.444331139
vn -0.281430155 0.777083576 -0.562972605
vn -0.702639818 0.636219919 -0.318624377
vn -0.622867227 0.664157569 -0.413438171
vn -0.579962313 0.750906467 -0.315884441
vn -0.495633245 0.707521021 -0.503747702
vn -0.93248409 -0.309623152 -0.186029598
vn -0.89066118 -0.387237459 -0.23826395
vn -0.818541229 -0.433388203 -0.377047569
vn -0.856411636 -0.408396959 -0.315865576
vn -0.139052197 0.94613868 -0.292379797
vn -0.228037924 0.931811392 -0.282358587
vn 4.84682869e-06 0.968198836 -0.250181973
vn -0.358172804 0.829739809 -0.428070068
vn -0.304457009 0.912495375 -0.273236364
vn -0.421419919 0.862304986 -0.280776203
vn -0.374052703 0.751758397 -0.543087423
vn -0.400742143 0.652808964 -0.642842174
vn -0.421147346 0.519571126 -0.743425071
vn -0.387900144 0.395865679 -0.832360446
vn -0.403074086 0.174762636 -0.898325861
vn -0.412951291 0.295526206 -0.861472905
vn -0.3901214 -0.160887569 -0.90659827
vn -0.39080748 0.0228008255 -0.920189977
vn -0.754576802 0.621856153 -0.209544122
vn -0.683498621 0.712133884 -0.160296649
vn -0.805176198 0.529537141 -0.26698634
vn -0.718127966 -0.46046862 -0.521786153
vn -0.792302907 -0.365591824 -0.488465756
vn -0.620405257 -0.527868748 -0.580044687
vn -0.676876128 -0.427553445 -0.599196672
vn -0.640896499 -0.493297935 -0.58814013
vn -0.761593938 -0.435187101 -0.48019442
vn -0.457458884 -0.552380323 -0.696855247
vn -0.550985634 0.811972499 -0.192653358
vn -0.180155993 -0.502823949 -0.845406353
vn 1.09323992e-05 -0.491172791 -0.871062219
vn -0.196777433 -0.553340495 -0.809378028
vn -0.212921113 -0.577865839 -0.787867844
vn 1.04443852e-05 -0.579197049 -0.815187633
vn -0.283845395 -0.518375218 -0.806671619
vn -0.866648257 -0.157325819 -0.473465264
vn -0.834553182 -0.277148604 -0.47614032
vn -0.911909044 -0.233911246 -0.33720547
vn -0.972847283 -0.00949733425 -0.231252909
vn -0.916545868 -0.0084190825 -0.399840921
vn -0.925404072 0.117888175 -0.360180229
vn -0.912657022 0.196187735 -0.358563185
vn -0.88880229 0.279791623 -0.362969726
vn -0.852913678 0.407164156 -0.326734602
vn -0.851755738 -0.404773474 -0.332671732
vn 0.163718894 0.568374932 0.806316435
vn 0.192925379 0.568542361 0.799712181
vn 0.188367501 0.453866273 0.870932281
vn 0.20398508 0.695443034 0.689020336
vn 0.224940792 0.568772376 0.791138232
vn 0.987900972 -0.0820693448 0.131591186
vn 0.990104198 -0.139922991 0.0107315565
vn 0.996066868 -0.0882380605 0.00804406311
vn -5.40607516e-06 0.514117241 0.857719898
vn 0.1038424 0.557301641 0.823791087
vn 0.0864835083 0.436906099 0.895339906
vn 0.123078503 0.689281344 0.713962913
vn 0.675439715 -0.164598688 -0.718810439
vn 0.617261529 -0.331384838 -0.713563085
vn 0.748953998 -0.286488742 -0.597488284
vn 0.444532335 -0.338421106 -0.829374552
vn 0.527573824 -0.42382136 -0.736234486
vn 0.382414281 -0.49728331 -0.77876097
vn 0.589530051 -0.478733808 -0.650590658
vn 0.283584952 -0.319041133 -0.90431875
vn 0.154872492 -0.30794996 -0.938712597
vn 0.164685443 -0.431993097 -0.886713386
vn 0.156417459 -0.145544574 -0.976908565
vn 0.156645581 0.404702544 -0.900931776
vn 0.187024057 0.538851976 -0.821377277
vn 0.309479088 0.535693944 -0.785655677
vn 0.187846228 0.685489357 -0.703433096
vn 0.715063572 0.360356003 -0.59902221
vn 0.694013 0.469326079 -0.545966148
vn 0.561255515 0.495474815 -0.662945688
vn 0.783303916 0.437294066 -0.441824466
vn 0.654983938 0.579122543 -0.485399842
vn 0.429920644 0.885191262 0.177777007
vn 0.292640597 0.937101245 0.19027023
vn 0.291875631 0.950612366 0.105568707
vn 0.261924028 0.909003437 0.324204564
vn 0.197360873 0.960388184 0.196731314
vn 6.42034692e-08 0.968598604 0.248629779
vn 0.12365339 0.970748603 0.205808297
vn 0.128435746 0.92522639 0.357016057
vn 0.120957889 0.986530125 0.110124677
vn 0.703173637 0.710458159 0.0282134749
vn 0.806845129 0.590738237 -0.00542197749
vn 0.813225687 0.575479686 0.0865287483
vn 0.787929714 0.60541141 -0.112444498
vn 0.879903197 0.473519951 -0.0393583179
vn 0.42174527 0.906504095 0.019528199
vn 0.56321454 0.825669885 0.0325372368
vn 0.568559825 0.81522423 0.110224329
vn 0.593537927 0.801987052 -0.0673025921
vn 0.20089148 0.979585648 0.00739025837
vn 0.292383015 0.956234694 0.0112847183
vn 0.297223687 0.94728893 -0.119589679
vn 0.126267418 0.99191159 0.0129564889
vn 0.136208087 0.982977748 -0.123296626
vn 0 0.785945117 0.618296206
vn 0.128579199 0.823819041 0.552077353
vn 0.180739507 0.826631367 0.53292948
vn 0.273964256 0.0217873119 -0.961493075
vn 0.170484349 0.0140775843 -0.985259771
vn 0.182735249 0.172161475 -0.967971265
vn 0.721538723 0.138263553 -0.678428411
vn 0.704260945 0.0015751929 -0.70993942
vn 0.822301805 0.00452185143 -0.569033682
vn 0.559866846 -0.0307526682 -0.828011692
vn 0.999332428 0.0215433706 0.0295051355
vn 0.998086393 0.0474940501 0.0395955704
vn 0.997241378 0.0699742064 -0.0247658994
vn 0.995110989 0.0209705997 0.0965107754
vn 0.990908206 0.121044472 0.0587290376
vn 0.978105783 0.186073527 -0.0931978673
vn 0.989695013 0.0947066993 -0.107397906
vn 0.96358031 0.13804242 -0.229035795
vn 0.992890656 0.0433947146 -0.11083848
vn 0.722024918 0.266924471 -0.638303518
vn 0.838325202 0.242908001 -0.4880642
vn 0.569340765 0.255871207 -0.781268895
vn 0.180576354 0.296827734 -0.937702298
vn 0.301065683 0.292538673 -0.907623589
vn 0.984682798 -0.105685979 -0.138672516
vn 0.968949318 -0.19612509 -0.15057309
vn 0.978521049 -0.18094027 -0.0987784266
vn 0.911908805 -0.233912185 -0.33720535
vn 0.932484269 -0.309623331 -0.18602863
vn 0.97941798 -0.127157137 0.156753346
vn 0.995992541 -0.0847687423 0.0285145156
vn 0.992028713 -0.103539817 0.0718245879
vn 0.998105705 -0.0410186239 0.0458519496
vn 0.986430407 -0.00886848569 0.163940489
vn 0.98536253 -0.0266387351 0.168378189
vn 0.981245518 -0.0134630725 0.192291662
vn 0.983404398 0.0733861774 0.165922254
vn 0.990511239 0.000489302911 0.137431249
vn 0.991348505 -0.0221175645 0.129379064
vn 0.942596078 0.326861888 -0.0683658496
vn 0.910332143 0.370266408 -0.184927493
vn 0.957311392 0.288493901 0.0180600118
vn 0.167729855 0.799010336 -0.577450693
vn 0.28142944 0.777085006 -0.562970996
vn 0.179007545 0.877798438 -0.444326639
vn 0.622870803 0.664157331 -0.413433135
vn 0.495633096 0.707521081 -0.503747702
vn 0.70263797 0.636216819 -0.31863457
vn 0.579962313 0.750906587 -0.315884322
vn 0.29802081 0.547272921 0.782097101
vn 0.260421276 0.565051913 0.782877386
vn 0.232648388 0.694667637 0.680670023
vn 0.267411143 0.447868019 0.853173792
vn 0.818541408 -0.433388084 -0.377047449
vn 0.890661359 -0.38723731 -0.23826398
vn 0.856411815 -0.408395439 -0.315867037
vn 0.139057606 0.94613874 -0.292377025
vn 0.228035077 0.931812942 -0.282355249
vn 0.223470896 0.824799538 0.519390583
vn 0.260593623 0.82524085 0.5010674
vn 0.304455161 0.91249758 -0.273231119
vn 0.358170658 0.829741001 -0.428069651
vn 0.421418458 0.86230582 -0.280775934
vn 0.400741369 0.652806401 -0.642845392
vn 0.374054432 0.751759946 -0.543084204
vn 0.387900025 0.395865947 -0.832360387
vn 0.421147108 0.519570947 -0.74342525
vn 0.412951589 0.295526117 -0.861472785
vn 0.403077751 0.174757451 -0.898325145
vn 0.390819997 0.0227827337 -0.920185089
vn 0.390139073 -0.160908639 -0.906587005
vn 0.805176795 0.529536664 -0.266985446
vn 0.7545771 0.621855855 -0.209543958
vn 0.683498681 0.712133825 -0.160296619
vn 0.792302668 -0.365592301 -0.488465667
vn 0.718128026 -0.46046859 -0.521786213
vn 0.620406985 -0.527870715 -0.580041111
vn 0.457467377 -0.552379549 -0.696850359
vn 0.640898407 -0.49329412 -0.588141263
vn 0.676876068 -0.427553207 -0.59919703
vn 0.761593819 -0.435183972 -0.480197579
vn 0.550988257 0.811969995 -0.192656964
vn 0.180174023 -0.502824008 -0.845402479
vn 0.196795821 -0.553338408 -0.809375048
vn 0.212938994 -0.577865303 -0.787863314
vn 0.283863336 -0.518379629 -0.806662321
vn 0.834552586 -0.277151346 -0.476139873
vn 0.866646886 -0.157334536 -0.473465025
vn 0.925406635 0.117882632 -0.360175371
vn 0.916547894 -0.00842636917 -0.399836391
vn 0.97284776 -0.00950050633 -0.231250599
vn 0.888803542 0.279787213 -0.362970144
vn 0.912659049 0.196182445 -0.358561099
vn 0.852914751 0.407162428 -0.326733947
vn 0.992991209 -0.0145706441 -0.117286354
vn 0.997913539 -0.0100116907 -0.0637830868
vn 0.851756096 -0.40476653 -0.332679391
vn 0.90130192 0.410047293 0.139700204
vn 0.823327482 0.544442713 0.16035603
vn 0.840232491 0.499433339 0.21112974
vn 0.716949284 0.676609397 0.16787906
vn 0.582084894 0.795649469 0.167687267
vn 0.574462533 0.783634782 0.236451879
vn 0.649759948 0.680922985 0.337869525
vn 0.751077473 0.573614895 0.326877028
vn 0.680012524 0.552971959 0.481461257
vn 0.851655185 0.457881033 0.255006939
vn 0.829787552 0.411328912 0.377175272
vn 0.956888795 0.198499694 0.212041855
vn 0.959829271 0.227826163 0.163777053
vn 0.95415771 0.162893713 0.251095027
vn 0.913315475 0.325373232 0.2449224
vn 0.961300194 0.256756604 0.0998892486
vn 0.30336538 0.784718215 0.540543079
vn 0.480453402 0.737494111 0.474622995
vn 0.38578552 0.65298152 0.651755095
vn 0.876124859 0.419208407 0.238053411
vn 0.904546142 0.319312334 0.28255254
vn 0.861569166 0.294732928 0.413316965
vn 0.904622793 0.244124144 0.349372208
vn 0.89425832 0.193421438 0.40359664
vn 0.930447996 0.192400545 0.311846912
vn 0.807035565 0.344054252 0.47991696
vn 0.778167307 0.293796957 0.555102706
vn 0.731965959 0.400140792 0.551464498
vn 0.597991228 0.482646018 0.639890134
vn 0.668140411 0.449280858 0.593072712
vn 0.642541528 0.360231757 0.67629379
vn 0.528269768 0.495370775 0.689593196
vn 0.574432731 0.608727098 0.547246099
vn 0.496630102 0.402806669 0.768833697
vn 0.435649186 0.514837801 0.738343954
vn 0.381446451 0.528905332 0.758127868
vn 0.375086069 0.426473379 0.823061883
vn 0.572873354 0.728860378 0.374938339
vn -0.188360453 0.453865647 0.870934248
vn -0.192925349 0.568542361 0.799712181
vn -0.163719833 0.568374097 0.806316674
vn -0.224940732 0.568772376 0.791138232
vn -0.20398505 0.695443034 0.689020336
vn -0.0864907429 0.436907351 0.895338655
vn -0.1038424 0.557301581 0.823791027
vn -0.123077326 0.68927896 0.713965237
vn -0.1236533 0.970748603 0.205808297
vn -0.197361171 0.960388184 0.196731016
vn -0.128446758 0.925228 0.357007533
vn -0.128578603 0.823818803 0.552077949
vn -0.180740103 0.826627731 0.532934904
vn -0.267411172 0.447867393 0.85317409
vn -0.260421365 0.565051854 0.782877386
vn -0.29802084 0.54727298 0.782097101
vn -0.23264949 0.694667399 0.680669844
vn -0.385788083 0.652977467 0.651757717
vn -0.381447792 0.528905213 0.758127272
vn -0.435647815 0.514838278 0.738344491
vn -0.375085741 0.42647329 0.823062122
vn -0.840232134 0.499433935 0.211129516
vn -0.823327184 0.544442356 0.160358965
vn -0.716948628 0.676609278 0.167882234
vn -0.261924028 0.909003437 0.324204564
vn -0.292640775 0.937101245 0.190269619
vn -0.429920375 0.885191441 0.17777656
vn -0.582086384 0.795648098 0.167688921
vn -0.574468791 0.783630013 0.236451879
vn -0.223470911 0.824799538 0.519390583
vn -0.260593563 0.825240791 0.50106746
vn -0.680012941 0.552975595 0.481456399
vn -0.751074672 0.573620141 0.326874197
vn -0.649759948 0.680923045 0.337869495
vn -0.829789877 0.411324918 0.377174407
vn -0.851656079 0.457880974 0.255003661
vn -0.876124263 0.419209868 0.23805362
vn -0.904545605 0.319313824 0.282552481
vn -0.89425832 0.193421438 0.40359664
vn -0.904622912 0.244124353 0.349371791
vn -0.861568987 0.294733107 0.413317233
vn -0.930448294 0.192400962 0.311846077
vn -0.807036579 0.344055235 0.479914576
vn -0.731966019 0.400140882 0.551464319
vn -0.778167903 0.293795317 0.555102766
vn -0.642546892 0.360230386 0.676289678
vn -0.668140411 0.449280888 0.593072593
vn -0.597991228 0.482646018 0.639890134
vn -0.496631622 0.402804226 0.768834054
vn -0.528269529 0.495371193 0.689593136
vn -0.574432135 0.608727396 0.547246456
vn -0.303358853 0.784722805 0.540540218
vn -0.480453461 0.737494051 0.474622935
vn -0.572878778 0.728857696 0.374935299
vn 0.990905285 -0.0690032169 0.115521848
vn 0.988814294 -0.0327970795 0.145501703
vn 0.989932835 -0.0384731218 0.136208415
vn 0.983545482 -0.0245736763 0.178981483
vn 0.985307097 -0.0626360923 0.158892199
vn 0.990886867 -0.0928242654 0.0976053104
vn 0.992205083 -0.0631190762 0.107448168
vn 0.990448534 -0.0271375533 0.135186166
vn 0.9960711 -0.00223015086 0.0885287821
vn 0.991467655 -0.0382873975 0.124603063
vn 0.999982774 0.00585820805 -0.000444093545
vn 0.997714102 -0.0284608752 -0.0612904616
vn -0.968949199 -0.196125641 -0.150573447
vn -0.984683156 -0.105684243 -0.138672411
vn -0.978521109 -0.180940077 -0.0987784192
vn -0.990449071 -0.0271392185 0.135182068
vn -0.99146843 -0.0382887498 0.124596909
vn -0.996071339 -0.00223255996 0.0885264724
vn -0.999982774 0.00585825462 -0.000444707344
vn -0.997714162 -0.0284573399 -0.0612908676
vn -0.997913599 -0.0100098038 -0.0637820438
vn -0.992991388 -0.0145683531 -0.117285252
vn -0.984092414 -0.175628901 0.0267704241
vn -0.982777834 -0.179685712 0.043137636
vn -0.966186345 -0.139151752 0.217073351
vn 0.966354847 -0.137327299 0.217484519
vn 0.984274209 -0.17451404 0.0273673199
vn 0.982941806 -0.178464592 0.0444502234
vn -0.746351838 -0.406903684 -0.526676655
vn -0.764727294 -0.259573758 -0.589757204
vn -0.432070643 -0.443262637 -0.785387337
vn -0.61815089 -0.4121553 -0.669341028
vn -0.607193053 -0.345616251 -0.715448022
vn -0.430442631 -0.27404654 -0.860010207
vn -0.605449855 -0.264176369 -0.750760615
vn -0.598087311 -0.215942502 -0.771790385
vn 1.5436186e-05 -0.396398127 -0.918078721
vn -0.219902262 -0.433175415 -0.874072015
vn -0.230809793 -0.345206827 -0.909702778
vn 1.44190781e-05 -0.22225669 -0.974988103
vn -0.239673361 -0.259015471 -0.935664296
vn -0.24654454 -0.172749668 -0.953610659
vn 0.746347547 -0.406896442 -0.526688397
vn 0.764719725 -0.259571165 -0.589768291
vn 0.607192576 -0.345617324 -0.715447962
vn 0.618148804 -0.412152082 -0.669345081
vn 0.432076961 -0.443266928 -0.785381377
vn 0.598117709 -0.215864345 -0.771788657
vn 0.605452836 -0.264167994 -0.750760972
vn 0.430464059 -0.274018973 -0.860008299
vn 0.230835646 -0.345206618 -0.909696281
vn 0.219927624 -0.433179408 -0.87406373
vn 0.246574372 -0.172659278 -0.953619421
vn 0.239703238 -0.258982927 -0.935665607
vn -0.979828358 -0.198477298 0.0233036466
vn -0.94839406 -0.314796835 0.0381005257
vn -0.98473227 -0.0248709023 0.172289744
vn -0.976480246 -0.0129086524 0.215219855
vn 0.9798522 -0.198110268 0.0253328141
vn 0.948242962 -0.314919472 0.0407561138
vn 0.984732211 -0.0248704813 0.172290102
vn 0.976480305 -0.0129086617 0.215219796
vn 0.969323099 -0.0222063642 0.244784907
vn 0.970699906 0.0405666493 0.236846104
vn 0.972979248 -0.0177379791 0.230210364
vn 0.959288776 -0.0206152201 0.2816737
vn 0.947900474 0.00230578752 0.318558276
vn 0.945785403 0.0747166052 0.316081434
vn 0.938565671 0.0406922102 0.342693061
vn 0.951622844 0.119324416 0.283153236
vn 0.919042051 0.0971009508 0.38201198
vn 0.824680805 0.205931455 0.526776731
vn 0.880209863 0.154118016 0.448863268
vn 0.751042008 0.246428207 0.612543166
vn 0.683240652 0.269396484 0.678680837
vn 0.618098021 0.287650824 0.731581748
vn 0.220651254 0.348846883 0.910834134
vn 0.179054216 0.347576082 0.920396924
vn 0.269819498 0.343722403 0.89947331
vn 0.323750407 0.33582589 0.884537578
vn 0.547695816 0.30464372 0.779244184
vn 0.420460284 0.323338479 0.847741365
vn 0.478657573 0.316414595 0.819004655
vn 0.372389674 0.329052508 0.867784858
vn -0.972979248 -0.0177379791 0.230210364
vn -0.970699906 0.0405666493 0.236846104
vn -0.951622486 0.119323678 0.283154696
vn -0.945785403 0.0747165829 0.316081464
vn 0.133384362 0.342347145 0.930057526
vn 0.0745383129 0.331080347 0.94065398
vn 0 0.304083943 0.952645242
vn -0.0745383129 0.331080347 0.94065398
vn -0.133384213 0.342351705 0.930055857
vn -0.96932292 -0.0222058855 0.244785324
vn -0.959288776 -0.0206152201 0.2816737
vn -0.947900474 0.00230578752 0.318558276
vn -0.938565731 0.0406922698 0.342693031
vn -0.91904211 0.0971008465 0.382011861
vn -0.880209804 0.15411818 0.448863298
vn -0.824680209 0.205933094 0.526777089
vn -0.751042187 0.246428594 0.612542748
vn -0.683241844 0.269398689 0.678678811
vn -0.618098021 0.287650824 0.731581748
vn -0.269819766 0.343721956 0.899473369
vn -0.220651239 0.348846853 0.910834193
vn -0.179054037 0.347575545 0.920397162
vn -0.323750168 0.335825413 0.884537816
vn -0.372391105 0.329052508 0.867784262
vn -0.420457274 0.323336005 0.84774375
vn -0.547694385 0.304646283 0.779244184
vn -0.478657961 0.316414565 0.819004416
vn -0.218056798 -0.0649144799 -0.973774672
vn -0.16225867 -0.0651415214 -0.984595776
vn -0.227054015 0.0151346885 -0.973764598
vn -0.99042666 -0.0516120009 0.128027871
vn -0.989856958 -0.036730051 0.137237608
vn -0.990387559 -0.0478171557 0.129792213
vn -0.986998498 -0.026931012 0.15845716
vn -0.984394968 -0.0250149127 0.174185827
vn -0.986583054 -0.0285602454 0.160742626
vn -0.993333697 -0.0834309906 0.0795449391
vn -0.990846932 -0.101067148 0.0894859731
vn -0.991811752 -0.084913969 0.0953890905
vn -0.989359021 -0.0850948393 0.118014999
vn -0.99006784 -0.0827302933 0.113672294
vn -0.99104327 -0.0837778598 0.103993036
vn -0.995014012 -0.0915897191 0.0394758545
vn -0.993725717 -0.111601263 0.00737686176
vn -0.992312729 -0.113226712 0.0499509126
vn -0.708421707 -0.238551632 -0.664252818
vn -0.68475455 -0.31473124 -0.657309234
vn -0.65213728 -0.255562484 -0.713725924
vn -0.57746464 -0.383551627 -0.72070992
vn -0.486059248 -0.389224321 -0.782464564
vn -0.534977674 -0.341303915 -0.77285856
vn -0.563278079 -0.450348318 -0.692751229
vn -0.492123336 -0.489875019 -0.719608963
vn -0.461867929 -0.461748272 -0.75727576
vn -0.229341149 -0.381772131 -0.895350575
vn -0.158504173 -0.377499819 -0.912343323
vn -0.218165189 -0.313286424 -0.924259484
vn -0.0828572586 -0.294828147 -0.951951206
vn -0.0832967237 -0.213788599 -0.973322213
vn -0.154106379 -0.228101432 -0.96136415
vn -0.100191377 0.474474669 -0.874548733
vn -0.101617076 0.535115957 -0.838644683
vn -0.177995592 0.46937418 -0.864873111
vn -0.190455273 0.613768578 -0.766168892
vn -0.257158071 0.613701642 -0.746485174
vn -0.254848748 0.538691461 -0.803033948
vn -0.722985029 0.510573924 -0.465410471
vn -0.743231595 0.452983648 -0.492354214
vn -0.674783885 0.527156711 -0.516500294
vn -0.708375394 0.411791593 -0.573264241
vn -0.641506016 0.42164737 -0.640846074
vn -0.632603168 0.484042704 -0.604579151
vn -0.760683715 0.646586955 0.0573187023
vn -0.809616148 0.585412443 0.0425911434
vn -0.760712385 0.648922741 0.0146915531
vn -0.844658315 0.534764409 -0.0240696352
vn -0.834170759 0.546394825 -0.0749126449
vn -0.801043153 0.595665991 -0.0592619255
vn -0.643520534 0.765345216 -0.0113108698
vn -0.569088519 0.822170198 -0.0132017657
vn -0.636182129 0.770796657 0.0338332839
vn -0.491233915 0.870646179 0.0257760789
vn -0.494050443 0.866484702 0.0715438873
vn -0.564760506 0.821918011 0.0741376206
vn -0.23890321 0.969113529 0.0611912422
vn -0.291500986 0.954501987 0.0628746897
vn -0.240804732 0.9705351 0.00865033083
vn -0.354155928 0.93506515 0.0150610693
vn -0.355148643 0.933711588 -0.0453026108
vn -0.294421047 0.954352617 -0.0502728634
vn -0.171916008 0.98356396 -0.0551969483
vn -0.131259546 0.990092158 -0.0498854518
vn -0.167079464 0.985911071 0.00798774138
vn -0.0685243532 0.997299254 0.0264318213
vn -0.0660285056 0.994833529 0.0771136358
vn -0.122576542 0.990305364 0.0653485581
vn -0.0944477394 0.0263689943 -0.995180547
vn -0.0980570018 0.10932418 -0.989157796
vn -0.178155452 0.0941709355 -0.97948581
vn -0.776957393 0.0712717175 -0.625505984
vn -0.765186965 0.00791774783 -0.643759429
vn -0.715171993 0.0700113177 -0.695433259
vn -0.690150023 -0.0759242848 -0.719672382
vn -0.631465137 -0.0883642659 -0.770352781
vn -0.638689041 -0.00985584594 -0.769401848
vn -0.995027363 0.0627707466 0.0773328766
vn -0.996995628 0.0342080668 0.0694952011
vn -0.996013463 0.0762889534 0.0462290905
vn -0.998896599 0.0307689328 0.0354785845
vn -0.999204099 0.0398276299 0.00217205961
vn -0.998198509 0.0594517067 0.00808104593
vn -0.983103454 0.0845027789 -0.162379161
vn -0.979895473 0.113493472 -0.164085418
vn -0.991708457 0.066423811 -0.110009566
vn -0.985805154 0.133512199 -0.101796865
vn -0.991541266 0.117316812 -0.055521559
vn -0.994813502 0.0808932781 -0.0616635419
vn -0.651797116 0.203088626 -0.730695188
vn -0.649575889 0.269182861 -0.711049616
vn -0.72388941 0.206262097 -0.658361554
vn -0.718199015 0.315556586 -0.620172799
vn -0.781547725 0.302496731 -0.545599461
vn -0.786078751 0.257179081 -0.562084675
vn -0.0974786878 0.346144497 -0.933103383
vn -0.17425552 0.346581519 -0.921692073
vn -0.0976247266 0.30347994 -0.947823524
vn -0.247025132 0.292814672 -0.923708856
vn -0.248609722 0.235479459 -0.939543903
vn -0.183404237 0.240790516 -0.953091204
vn -0.987995446 -0.122503079 0.0941175967
vn -0.994264245 -0.0951628238 0.0488125682
vn -0.991637647 -0.111248113 0.0654093698
vn -0.997791469 -0.0602728613 0.0279180035
vn -0.997430384 -0.0697123557 0.0165156983
vn -0.996706247 -0.0798202753 0.0143332239
vn -0.983654857 -0.0243259296 0.178413078
vn -0.986068249 -0.0235312618 0.164668381
vn -0.984141707 -0.0112524433 0.17702651
vn -0.993361413 -0.00663428614 0.114844188
vn -0.99281466 0.00935457554 0.119295657
vn -0.991257429 -0.0154902441 0.131029263
vn -0.988405526 0.0293771848 0.148967922
vn -0.986069322 0.0224328786 0.164815038
vn -0.988421857 -0.00537003111 0.151636228
vn -0.975596666 0.143456548 0.166226879
vn -0.958476007 0.213537872 0.189011112
vn -0.973321497 0.131660566 0.187912136
vn -0.935671031 0.265288353 0.232683852
vn -0.93693924 0.242208689 0.251952142
vn -0.955362678 0.181819752 0.232859969
vn -0.979535103 0.19730705 0.0397612117
vn -0.960409045 0.272055119 0.0600041859
vn -0.980129182 0.182606325 0.0774705112
vn -0.934235275 0.335212171 0.121808603
vn -0.934856176 0.31904909 0.155729428
vn -0.960859239 0.24210456 0.134666264
vn -0.951785743 0.274215341 -0.13751325
vn -0.929458141 0.348532617 -0.120964654
vn -0.964249074 0.252035528 -0.0818644017
vn -0.913527191 0.403198004 -0.0538456999
vn -0.922908962 0.384931177 -0.00818027463
vn -0.951513112 0.306680024 -0.0238789115
vn -0.098653622 0.744418561 -0.660385013
vn -0.0903452635 0.802027702 -0.590414405
vn -0.179539427 0.747382522 -0.639675617
vn -0.163269028 0.841338038 -0.515260696
vn -0.229223102 0.830229402 -0.508110225
vn -0.231552735 0.788009286 -0.5704602
vn -0.644551337 0.691057444 -0.327098042
vn -0.666599929 0.649935424 -0.365004838
vn -0.60560137 0.706876457 -0.365476131
vn -0.637604356 0.62338841 -0.452600896
vn -0.57823199 0.644210219 -0.500640452
vn -0.564426839 0.682446957 -0.464422733
vn -0.881745517 -0.385428756 -0.271973491
vn -0.9137187 -0.356482744 -0.195033863
vn -0.855353177 -0.42027548 -0.302884996
vn -0.916734219 -0.352396578 -0.188189313
vn -0.899393141 -0.371988475 -0.229600698
vn -0.869550049 -0.403133839 -0.285246819
vn -0.205513656 0.90826714 -0.364437759
vn -0.146589532 0.91650182 -0.372204244
vn -0.189261705 0.9391523 -0.286658227
vn -0.0747305378 0.955304801 -0.286021262
vn -0.0773282573 0.978476644 -0.191321254
vn -0.139282405 0.968599975 -0.205947623
vn -0.375512004 0.856915832 -0.353108853
vn -0.32232672 0.877586007 -0.354891926
vn -0.354215324 0.89475745 -0.271920413
vn -0.26387015 0.92350769 -0.278399438
vn -0.254455626 0.94614023 -0.200177252
vn -0.299361557 0.934257746 -0.193765908
vn -0.336414874 0.718798697 -0.608402371
vn -0.325837284 0.765831888 -0.554374933
vn -0.386961967 0.706195474 -0.592915058
vn -0.362896949 0.792538166 -0.490090847
vn -0.417021453 0.770864248 -0.481519878
vn -0.43044728 0.73249191 -0.527419031
vn -0.352413833 0.460390747 -0.814766705
vn -0.361844152 0.529779375 -0.767074108
vn -0.414590418 0.45304662 -0.789216995
vn -0.413628668 0.58954078 -0.693796039
vn -0.477548271 0.576985419 -0.662597597
vn -0.488420814 0.506803453 -0.710348725
vn -0.484091789 0.224682003 -0.845678985
vn -0.408836484 0.240311161 -0.880399585
vn -0.485853165 0.28642711 -0.8257761
vn -0.352948219 0.294617027 -0.888047457
vn -0.347127616 0.344320595 -0.872321963
vn -0.408766538 0.343810976 -0.845401645
vn -0.468870372 -0.0804153681 -0.879598677
vn -0.386978328 -0.0633836314 -0.919907749
vn -0.473159939 0.00457718968 -0.880964696
vn -0.324818283 0.0267146733 -0.945399165
vn -0.333209664 0.105150118 -0.936971068
vn -0.396880597 0.101370662 -0.912255287
vn -0.359007269 -0.328062773 -0.873778403
vn -0.333415657 -0.244937524 -0.910406291
vn -0.408981651 -0.260678083 -0.87451756
vn -0.738285422 0.658967018 -0.143864095
vn -0.771359921 0.615859389 -0.160378277
vn -0.72344625 0.66547507 -0.183761656
vn -0.780554056 0.578115106 -0.237736002
vn -0.754331708 0.585576177 -0.296790093
vn -0.732929111 0.626533628 -0.265085489
vn -0.791813731 -0.414114445 -0.448932201
vn -0.765148222 -0.452261329 -0.458266139
vn -0.751803935 -0.419833362 -0.50845921
vn -0.677217722 -0.496696085 -0.542834401
vn -0.607701004 -0.508720517 -0.609838545
vn -0.663752913 -0.467979729 -0.583461225
vn -0.716703475 -0.432246506 -0.547265112
vn -0.655328929 -0.45562163 -0.602455795
vn -0.704983652 -0.460550576 -0.539343417
vn -0.560408771 -0.526414335 -0.639398217
vn -0.545746267 -0.548736632 -0.63328433
vn -0.630455077 -0.522716999 -0.573840916
vn -0.636576712 0.761347115 -0.122965448
vn -0.621307552 0.764566183 -0.171509489
vn -0.563021719 0.816366017 -0.128659025
vn -0.556989491 0.789120138 -0.258944362
vn -0.504080594 0.811178207 -0.296466857
vn -0.481955349 0.846099734 -0.227671295
vn -0.0871855319 -0.468628436 -0.879082501
vn -0.172145069 -0.472173572 -0.864533424
vn -0.0899029523 -0.501027167 -0.860749185
vn -0.27613616 -0.501143038 -0.820124626
vn -0.292506665 -0.528364062 -0.797039092
vn -0.188496888 -0.528984606 -0.827432334
vn -0.0987965018 -0.57051152 -0.815325618
vn -0.204483479 -0.572850585 -0.793743372
vn -0.101851381 -0.581893861 -0.806861639
vn -0.33629632 -0.56864363 -0.750699043
vn -0.363921762 -0.541496217 -0.757854164
vn -0.234217212 -0.55860132 -0.795680165
vn -0.814197838 -0.232375354 -0.532056034
vn -0.856654346 -0.227464765 -0.463036746
vn -0.792864919 -0.296710014 -0.532285929
vn -0.87408042 -0.248253196 -0.417556882
vn -0.850952983 -0.293233842 -0.435766906
vn -0.810309589 -0.318567753 -0.491846502
vn -0.954660475 0.053527277 -0.292845041
vn -0.949903846 -0.0100731095 -0.312379926
vn -0.924551129 0.0606953651 -0.376193047
vn -0.898970187 -0.0815299749 -0.430354893
vn -0.855560482 -0.0720805526 -0.512660563
vn -0.873132467 -0.00328606414 -0.487471968
vn -0.886216521 0.181215778 -0.426357985
vn -0.87939024 0.222507671 -0.420907557
vn -0.920925915 0.16105105 -0.354905456
vn -0.901791513 0.232875675 -0.364061505
vn -0.931759357 0.204135388 -0.30025509
vn -0.940701544 0.166746199 -0.295425773
vn -0.858542562 0.458521217 -0.229483679
vn -0.884316146 0.390095204 -0.256535649
vn -0.829645216 0.472536325 -0.297318459
vn -0.872858107 0.339744866 -0.350274235
vn -0.838395357 0.359394014 -0.409791589
vn -0.81891644 0.422415912 -0.388510942
vn -0.85719496 -0.402193069 -0.321647942
vn -0.877704859 -0.392179042 -0.275371939
vn -0.81205976 -0.417664826 -0.407572418
vn -0.809032381 -0.429218173 -0.401544929
vn -0.851008832 -0.407852978 -0.330817223
vn 0.175765097 0.510211766 0.841897011
vn 0.179149032 0.568728685 0.802778542
vn 0.191058487 0.510560513 0.838346362
vn 0.196488574 0.629907012 0.751404881
vn 0.213424429 0.630800545 0.746016562
vn 0.207910284 0.568621993 0.795890927
vn 0.995021939 -0.0914933458 0.0395002514
vn 0.992346942 -0.112884194 0.0500466153
vn 0.993741035 -0.111461788 0.00741603458
vn 0.0482090265 0.479741484 0.876084507
vn 0.0532548614 0.540112138 0.839906454
vn 0.093801938 0.495954543 0.863267243
vn 0.114986181 0.621906877 0.774603128
vn 0.149621263 0.628793776 0.763041079
vn 0.141084522 0.565711617 0.81244421
vn 0.708419859 -0.23856236 -0.66425097
vn 0.652136922 -0.255572885 -0.713722587
vn 0.684753656 -0.314736336 -0.657307625
vn 0.534983158 -0.341308862 -0.772852719
vn 0.48606655 -0.389226496 -0.782458961
vn 0.577467382 -0.383552819 -0.720706999
vn 0.563281417 -0.450346887 -0.6927495
vn 0.461875409 -0.461746305 -0.757272363
vn 0.492129534 -0.489872724 -0.71960634
vn 0.22936061 -0.381780684 -0.895341933
vn 0.218183383 -0.313298583 -0.92425108
vn 0.158521488 -0.377507776 -0.912337005
vn 0.1541152 -0.228108227 -0.96136111
vn 0.0833017901 -0.213791505 -0.97332114
vn 0.0828661323 -0.294832975 -0.951948822
vn 0.100191377 0.474474669 -0.874548733
vn 0.177995592 0.46937418 -0.864873111
vn 0.10161709 0.535115957 -0.838644683
vn 0.254850149 0.538689554 -0.803034902
vn 0.257158071 0.613701582 -0.746485174
vn 0.190454811 0.613768637 -0.766169071
vn 0.641506433 0.421647012 -0.640845835
vn 0.708376527 0.41179052 -0.573263705
vn 0.632603467 0.484042257 -0.60457921
vn 0.743232429 0.452982396 -0.492354095
vn 0.722985387 0.510573328 -0.465410501
vn 0.674784184 0.527156532 -0.516500115
vn 0.357678264 0.922797918 0.143213511
vn 0.35760197 0.915187955 0.18588084
vn 0.292845488 0.945058584 0.145278171
vn 0.284988075 0.926222026 0.246768132
vn 0.23121807 0.939018428 0.254523933
vn 0.237944782 0.951792419 0.193580523
vn 0.0711292401 0.953629732 0.292456627
vn 0.0686151609 0.972874761 0.220922098
vn 0.126328439 0.953830481 0.272485524
vn 0.121416308 0.980565488 0.154108733
vn 0.162803784 0.975301683 0.149269953
vn 0.163645253 0.966119289 0.199583977
vn 0.760683715 0.646587014 0.0573187135
vn 0.760712326 0.648922861 0.0146914879
vn 0.809616029 0.585412562 0.0425911956
vn 0.801043272 0.595665693 -0.0592623837
vn 0.834171057 0.546394289 -0.0749126598
vn 0.84465766 0.534765542 -0.0240710359
vn 0.49405095 0.866484344 0.0715439618
vn 0.491234154 0.87064606 0.0257760771
vn 0.564760804 0.821917713 0.0741376057
vn 0.569088459 0.822170377 -0.0132017769
vn 0.643520772 0.765345097 -0.0113109071
vn 0.636182249 0.770796657 0.0338332616
vn 0.238902986 0.969113529 0.0611919947
vn 0.240806699 0.970534503 0.00865314249
vn 0.291501194 0.954501748 0.0628753379
vn 0.294420272 0.954352856 -0.0502728447
vn 0.35514769 0.933711827 -0.0453025475
vn 0.354156137 0.935064971 0.0150611671
vn 0.0660278425 0.994833589 0.0771137699
vn 0.0685238764 0.997299314 0.0264318511
vn 0.122575745 0.990305424 0.0653488785
vn 0.131261006 0.99009186 -0.0498857871
vn 0.17190741 0.983565569 -0.0551958121
vn 0.167079359 0.985911071 0.00798787922
vn 0.0716149136 0.743866324 0.664480388
vn 0.0733198076 0.812161207 0.578807652
vn 0.126824498 0.757739007 0.640114963
vn 0.129389748 0.881500423 0.45410949
vn 0.162560329 0.882499278 0.441326469
vn 0.159661859 0.826868713 0.539255261
vn 0.218061745 -0.0649211928 -0.973773301
vn 0.227055848 0.0151323164 -0.973764062
vn 0.162260249 -0.0651448742 -0.98459518
vn 0.178154826 0.0941713154 -0.979485869
vn 0.0980566293 0.109324344 -0.989157796
vn 0.0944471732 0.0263689961 -0.995180607
vn 0.776959121 0.0712565631 -0.625505269
vn 0.715173721 0.0699932575 -0.695433378
vn 0.765187204 0.00789961684 -0.64375937
vn 0.63869226 -0.00987824611 -0.769398928
vn 0.631467462 -0.0883858725 -0.77034843
vn 0.690149724 -0.0759447142 -0.719670653
vn 0.999204218 0.0398276113 0.00217205659
vn 0.998896658 0.0307687428 0.0354788899
vn 0.99819845 0.0594516434 0.0080811251
vn 0.996995509 0.0342077501 0.0694963261
vn 0.995027304 0.0627705604 0.0773338675
vn 0.996013403 0.0762883648 0.0462300517
vn 0.991541326 0.117317021 -0.0555208474
vn 0.985805154 0.133512288 -0.101796038
vn 0.994813442 0.0808933377 -0.0616632625
vn 0.979895532 0.113491274 -0.16408661
vn 0.983103275 0.0845000967 -0.162381098
vn 0.991708398 0.0664222687 -0.110011011
vn 0.781550825 0.302494407 -0.545596421
vn 0.71820116 0.315555036 -0.62017101
vn 0.786082149 0.257175744 -0.562081456
vn 0.649577737 0.269179344 -0.711049318
vn 0.651799738 0.203080699 -0.730695069
vn 0.723892331 0.206255376 -0.65836066
vn 0.0974786878 0.346144497 -0.933103383
vn 0.0976247266 0.30347994 -0.947823524
vn 0.17425552 0.346581519 -0.921692073
vn 0.183404237 0.240790457 -0.953091145
vn 0.2486099 0.235479683 -0.939543784
vn 0.247026056 0.292815685 -0.92370826
vn 0.983257532 -0.146091148 -0.108913198
vn 0.977277458 -0.151711255 -0.148028776
vn 0.975613415 -0.192320615 -0.105788358
vn 0.950955033 -0.205185786 -0.231480315
vn 0.936697125 -0.254903734 -0.240046814
vn 0.957025588 -0.244779542 -0.155515805
vn 0.987995148 -0.12250714 0.0941151157
vn 0.991636932 -0.111257873 0.0654058978
vn 0.994263768 -0.0951678753 0.0488112569
vn 0.996705055 -0.0798361599 0.0143303927
vn 0.997429609 -0.0697255656 0.01651261
vn 0.997790635 -0.060287036 0.0279150978
vn 0.984141767 -0.0112524331 0.177026451
vn 0.986068308 -0.0235313904 0.164668351
vn 0.983654857 -0.0243260786 0.178412899
vn 0.986069262 0.0224330556 0.1648155
vn 0.988405466 0.0293769203 0.148968518
vn 0.988421798 -0.00537013309 0.151636556
vn 0.9928146 0.00935411453 0.119297124
vn 0.993361235 -0.00663471874 0.114845678
vn 0.99125737 -0.0154906027 0.131030142
vn 0.95178622 0.274214238 -0.137511849
vn 0.964249313 0.252035022 -0.0818631873
vn 0.929458141 0.348532945 -0.120963886
vn 0.95151329 0.306679696 -0.0238788538
vn 0.922909975 0.384928703 -0.00818475243
vn 0.913527429 0.403197616 -0.0538453683
vn 0.0986536518 0.74441874 -0.660384893
vn 0.179539293 0.747382998 -0.63967514
vn 0.0903457999 0.80202812 -0.590413749
vn 0.231552526 0.788010776 -0.570458174
vn 0.229222342 0.830231488 -0.508106947
vn 0.163270414 0.841339827 -0.515257299
vn 0.57823199 0.644210219 -0.500640452
vn 0.637604356 0.62338841 -0.452600896
vn 0.56442678 0.682447016 -0.464422643
vn 0.66660279 0.649932623 -0.36500451
vn 0.64455235 0.691054165 -0.32710281
vn 0.605604053 0.706873953 -0.365476131
vn 0.251592636 0.619231403 0.743810177
vn 0.275123 0.55863595 0.782453299
vn 0.247620538 0.628232896 0.737568736
vn 0.265351385 0.50526917 0.821152627
vn 0.242485479 0.508130252 0.826440871
vn 0.243296579 0.567989409 0.786253631
vn 0.881745517 -0.385428995 -0.271972924
vn 0.855353475 -0.420275182 -0.302884758
vn 0.91371876 -0.356482416 -0.195034146
vn 0.869550228 -0.40313369 -0.285246462
vn 0.899393082 -0.371987969 -0.229601935
vn 0.916734099 -0.352396756 -0.188189283
vn 0.0773354918 0.978476107 -0.191321194
vn 0.0747398362 0.955304384 -0.286020041
vn 0.139287919 0.968599439 -0.205946743
vn 0.146592662 0.916503072 -0.372199833
vn 0.205512479 0.908269227 -0.364433318
vn 0.18926236 0.939153314 -0.286654741
vn 0.193594307 0.76211673 0.617818058
vn 0.202420548 0.825556517 0.526765943
vn 0.213745281 0.762308657 0.610899627
vn 0.237152874 0.875898957 0.420189857
vn 0.273522466 0.871588171 0.40684104
vn 0.242319152 0.824896991 0.51071167
vn 0.254452318 0.946141481 -0.200175554
vn 0.263863564 0.923511326 -0.278393269
vn 0.299357891 0.934259117 -0.193764597
vn 0.322330683 0.877585411 -0.35488981
vn 0.375510067 0.856917024 -0.353108466
vn 0.354212463 0.89475888 -0.271919519
vn 0.336410165 0.718799114 -0.608404517
vn 0.386960417 0.706193566 -0.592918575
vn 0.325828254 0.765832603 -0.554379165
vn 0.4304519 0.732491612 -0.527415514
vn 0.417020738 0.770864666 -0.481519938
vn 0.362902552 0.792540193 -0.490083247
vn 0.352411121 0.460390896 -0.814767897
vn 0.414590359 0.45304653 -0.789217055
vn 0.361843914 0.529779434 -0.767074168
vn 0.488421142 0.506803334 -0.710348666
vn 0.477548361 0.576985538 -0.662597418
vn 0.41362828 0.589540839 -0.693796217
vn 0.347125173 0.344321281 -0.872322738
vn 0.352947682 0.294617385 -0.888047516
vn 0.408766419 0.343811154 -0.845401645
vn 0.408837736 0.24030973 -0.880399287
vn 0.48409456 0.224677637 -0.845678687
vn 0.485854 0.286425799 -0.825776219
vn 0.468883544 -0.0804396868 -0.879589498
vn 0.473171681 0.00455468055 -0.880958438
vn 0.386994451 -0.0634056851 -0.919899464
vn 0.396888435 0.101359062 -0.912253141
vn 0.333214194 0.105144203 -0.936970115
vn 0.324827552 0.0267027821 -0.945396304
vn 0.359024018 -0.328073651 -0.873767376
vn 0.408997357 -0.260692626 -0.874505758
vn 0.33343491 -0.244954333 -0.910394728
vn 0.75432986 0.585575998 -0.296794891
vn 0.780554593 0.578114569 -0.23773548
vn 0.73292923 0.626533628 -0.265085518
vn 0.771360278 0.615858912 -0.160377711
vn 0.73828578 0.65896678 -0.143863991
vn 0.72344631 0.665474892 -0.183761656
vn 0.791813612 -0.414114386 -0.448932439
vn 0.751803756 -0.419833452 -0.50845933
vn 0.765147984 -0.452261358 -0.458266407
vn 0.663753748 -0.467979223 -0.583460808
vn 0.607703269 -0.508719325 -0.609837174
vn 0.677218318 -0.496695668 -0.542833984
vn 0.54575038 -0.548737645 -0.63327992
vn 0.560412824 -0.526412189 -0.63939631
vn 0.630457103 -0.522715926 -0.573839545
vn 0.655329347 -0.455624431 -0.602453232
vn 0.716701329 -0.432245135 -0.547268927
vn 0.70498383 -0.460549414 -0.539344132
vn 0.504080236 0.811178505 -0.296466857
vn 0.556988955 0.789118588 -0.258950204
vn 0.481949121 0.846100986 -0.227679893
vn 0.621312618 0.764562726 -0.171506733
vn 0.636576653 0.761347294 -0.12296544
vn 0.563028276 0.816362679 -0.128651693
vn 0.0872063562 -0.468630075 -0.879079521
vn 0.0899248198 -0.501029789 -0.86074543
vn 0.172164887 -0.472174823 -0.864528775
vn 0.18851392 -0.528982162 -0.827430069
vn 0.292521507 -0.52836138 -0.797035396
vn 0.276152134 -0.501141071 -0.820120454
vn 0.363936067 -0.541495562 -0.757847607
vn 0.336311191 -0.568643689 -0.750692368
vn 0.234235063 -0.55860287 -0.795673788
vn 0.204501688 -0.572848737 -0.793740034
vn 0.098817125 -0.570510149 -0.815324068
vn 0.10187193 -0.581893563 -0.806859314
vn 0.850952983 -0.293234438 -0.435766578
vn 0.874080062 -0.24825494 -0.417556584
vn 0.810309291 -0.318568468 -0.491846442
vn 0.856652796 -0.227470666 -0.463036805
vn 0.814195991 -0.23238273 -0.532055676
vn 0.792863607 -0.296713769 -0.532285869
vn 0.954661906 0.0535225086 -0.292841136
vn 0.924553633 0.0606891476 -0.376188099
vn 0.949905038 -0.0100779533 -0.312376142
vn 0.873134136 -0.0032970882 -0.487468779
vn 0.855560243 -0.0720934197 -0.512658954
vn 0.898970604 -0.0815384537 -0.430352449
vn 0.931760132 0.204130888 -0.300255746
vn 0.901793063 0.232870564 -0.364061147
vn 0.940702438 0.166740805 -0.295425862
vn 0.879393399 0.222502902 -0.420903414
vn 0.886220217 0.181210741 -0.426352441
vn 0.920928419 0.161046118 -0.354901224
vn 0.838396668 0.359390706 -0.409791768
vn 0.872859359 0.339741766 -0.350274384
vn 0.818917394 0.422413826 -0.388511151
vn 0.884317398 0.390093684 -0.256533742
vn 0.858544409 0.458520502 -0.229478478
vn 0.829646051 0.472535491 -0.297317445
vn 0.996846259 0.0124549521 -0.0783732831
vn 0.993483126 0.0185627434 -0.112457961
vn 0.99612093 -0.015320153 -0.08665061
vn 0.98635447 -0.0108730569 -0.164276242
vn 0.98160255 -0.0627408624 -0.180333376
vn 0.990309238 -0.057695061 -0.126327798
vn 0.877705693 -0.392171562 -0.275380164
vn 0.85719341 -0.40218702 -0.321659923
vn 0.851008892 -0.407849222 -0.330821425
vn 0.809032321 -0.429215968 -0.401547432
vn 0.8120597 -0.417659372 -0.407577991
vn 0.860410571 0.496320665 0.115583256
vn 0.864605367 0.478809446 0.152312949
vn 0.817845821 0.561399043 0.126329929
vn 0.83033061 0.524432957 0.188470423
vn 0.78415966 0.590452969 0.190942034
vn 0.7747311 0.61038363 0.164995879
vn 0.50310111 0.838813186 0.208042607
vn 0.506813169 0.845147729 0.169899479
vn 0.584614456 0.787481844 0.195188209
vn 0.574566126 0.806293547 0.140586406
vn 0.643572509 0.752293587 0.140956447
vn 0.651968479 0.739217043 0.16880548
vn 0.663741589 0.623978436 0.412429452
vn 0.695640802 0.641110718 0.324131042
vn 0.703348517 0.584539771 0.404492438
vn 0.801564455 0.487637937 0.345981956
vn 0.805741727 0.525908709 0.272397041
vn 0.83900708 0.444906503 0.313249916
vn 0.975596666 0.1434571 0.166226462
vn 0.973321378 0.131660253 0.187912419
vn 0.958476007 0.213538229 0.189010903
vn 0.955362678 0.181819737 0.232859895
vn 0.936939418 0.2422086 0.251951337
vn 0.935670972 0.265288621 0.232683733
vn 0.979534984 0.197306976 0.0397621952
vn 0.980129123 0.182606265 0.0774717107
vn 0.960409105 0.272054434 0.0600058883
vn 0.96085906 0.242104024 0.134668469
vn 0.934855998 0.319049031 0.155730724
vn 0.934234858 0.335212797 0.121809721
vn 0.240770027 0.764815629 0.597567379
vn 0.282670081 0.815614462 0.504847229
vn 0.251769036 0.751241684 0.610121548
vn 0.347900003 0.728117704 0.590601444
vn 0.387851119 0.786857605 0.480027765
vn 0.418842345 0.710590422 0.565360427
vn 0.882415414 0.41035369 0.230115235
vn 0.89296031 0.376577646 0.246599063
vn 0.855675757 0.465257078 0.226615995
vn 0.894023836 0.367357939 0.25645563
vn 0.884260297 0.385992825 0.262855977
vn 0.863319457 0.448412985 0.231528372
vn 0.878486395 0.243317872 0.411166906
vn 0.885059237 0.267702669 0.380795658
vn 0.8994506 0.217052728 0.379310787
vn 0.907707751 0.277563155 0.314682871
vn 0.918381453 0.256731451 0.301105499
vn 0.918871939 0.220945552 0.326890409
vn 0.845099688 0.350290507 0.403860271
vn 0.836504638 0.320668101 0.444333047
vn 0.821285427 0.373436481 0.431318432
vn 0.791810155 0.318786472 0.520972013
vn 0.755836129 0.342881143 0.557803094
vn 0.770098507 0.370341629 0.51941824
vn 0.618956208 0.418694317 0.664521098
vn 0.633573174 0.468314469 0.615846336
vn 0.656116545 0.402528733 0.638342857
vn 0.675007284 0.500705063 0.541903675
vn 0.704158843 0.472842246 0.529698551
vn 0.69954282 0.426941305 0.573027968
vn 0.585091412 0.546344459 0.599312782
vn 0.56441021 0.490993619 0.663600981
vn 0.555383801 0.548219562 0.625303209
vn 0.508055627 0.448195517 0.735527158
vn 0.468735605 0.456669956 0.756134689
vn 0.48141259 0.502594113 0.718081474
vn 0.34253785 0.484303594 0.805057645
vn 0.340073943 0.535192549 0.773251951
vn 0.375961721 0.47732088 0.794240236
vn 0.386716992 0.586287618 0.711840451
vn 0.404030442 0.580906868 0.706616282
vn 0.40695107 0.524787366 0.74765563
vn 0.625455976 0.729622781 0.276505768
vn 0.611259997 0.706836581 0.356010467
vn 0.565836906 0.768713474 0.298174798
vn 0.579916775 0.67124784 0.461652488
vn 0.541938245 0.674862564 0.500862718
vn 0.53026998 0.742580354 0.40913108
vn -0.175761983 0.510210693 0.841898322
vn -0.191058487 0.510560453 0.838346362
vn -0.179139778 0.568728209 0.802780807
vn -0.207910225 0.568622053 0.795890987
vn -0.213424429 0.630800545 0.746016562
vn -0.196488559 0.629907012 0.751404881
vn -0.0482124686 0.479738206 0.876086056
vn -0.0937947035 0.495948821 0.863271296
vn -0.0532546677 0.540110469 0.839907527
vn -0.141094625 0.56571281 0.812441468
vn -0.149623141 0.628792048 0.763042331
vn -0.114986174 0.621906877 0.774603128
vn -0.162804276 0.975301743 0.149269611
vn -0.121416546 0.980565488 0.154108599
vn -0.163645402 0.966119289 0.199583843
vn -0.0686150193 0.972874761 0.220922068
vn -0.0711293221 0.953630388 0.292454779
vn -0.126328394 0.9538306 0.272485495
vn -0.0716018006 0.743864655 0.664483607
vn -0.126822487 0.757740021 0.640114248
vn -0.073314853 0.812163651 0.57880497
vn -0.159663334 0.826864779 0.539260864
vn -0.162560016 0.882499635 0.441326082
vn -0.129379347 0.881499052 0.454115152
vn -0.242485568 0.508130193 0.826440871
vn -0.265351415 0.50526911 0.821152627
vn -0.243296564 0.567989349 0.786253691
vn -0.275123 0.55863595 0.782453299
vn -0.251592875 0.619231641 0.743809998
vn -0.247620627 0.628232837 0.737568617
vn -0.404030234 0.580906928 0.706616342
vn -0.386718303 0.586287618 0.711839736
vn -0.406951338 0.524787545 0.747655332
vn -0.340074092 0.535192668 0.773251832
vn -0.342537552 0.484303713 0.805057824
vn -0.375962019 0.477320999 0.794239998
vn -0.784159005 0.59045279 0.190945268
vn -0.830330968 0.524432302 0.188470453
vn -0.774732232 0.610381842 0.164997041
vn -0.864605308 0.478809208 0.152312726
vn -0.86041075 0.496320426 0.115582973
vn -0.817845941 0.561398983 0.126329839
vn -0.231218189 0.939018488 0.254523814
vn -0.284988225 0.926222026 0.246767849
vn -0.237945095 0.951792419 0.193580046
vn -0.357601941 0.915188193 0.185880333
vn -0.357678056 0.922798157 0.14321278
vn -0.292845577 0.945058763 0.145277321
vn -0.64357245 0.752293587 0.140956357
vn -0.574565828 0.806293726 0.140586257
vn -0.651969135 0.739215255 0.168810114
vn -0.50681293 0.845147848 0.16989921
vn -0.503103077 0.838811517 0.20804441
vn -0.584618926 0.787477732 0.195191339
vn -0.193594292 0.76211673 0.617818058
vn -0.213745251 0.762308657 0.610899627
vn -0.202422678 0.82555455 0.526768208
vn -0.242319107 0.824896991 0.51071167
vn -0.273522317 0.871588171 0.406841129
vn -0.23715274 0.875898898 0.420189977
vn -0.663741887 0.623981178 0.412424773
vn -0.703344643 0.58454746 0.404488176
vn -0.695640922 0.641110599 0.324131042
vn -0.805741072 0.525911868 0.272393256
vn -0.801562309 0.487644345 0.34597826
vn -0.839009941 0.444904953 0.313243985
vn -0.882415056 0.410352528 0.230118006
vn -0.855675101 0.465256751 0.226618946
vn -0.892959893 0.376579136 0.246598333
vn -0.863318503 0.448414713 0.231528342
vn -0.884258091 0.385997057 0.262857139
vn -0.894022107 0.36736235 0.2564556
vn -0.878486216 0.243317977 0.411166847
vn -0.8994506 0.217052728 0.379310787
vn -0.885059118 0.267702848 0.380795896
vn -0.918871939 0.220946208 0.326889992
vn -0.918381393 0.256731659 0.301105589
vn -0.90770781 0.277563155 0.314682931
vn -0.845097542 0.350294083 0.403861582
vn -0.821286261 0.373434812 0.431318074
vn -0.836504281 0.320669979 0.444332451
vn -0.770098448 0.370341808 0.51941818
vn -0.755836129 0.342881143 0.557803035
vn -0.791810155 0.318786442 0.520971954
vn -0.618956208 0.418694198 0.664521217
vn -0.656117558 0.402526557 0.638343215
vn -0.633573353 0.46831435 0.615846038
vn -0.699542761 0.426941395 0.573027968
vn -0.704158962 0.472842097 0.529698372
vn -0.675007284 0.500705183 0.541903555
vn -0.468735605 0.456669956 0.756134689
vn -0.508054733 0.448195636 0.735527754
vn -0.481412321 0.502594292 0.718081594
vn -0.564410388 0.490993798 0.663600802
vn -0.585091412 0.546344459 0.599312782
vn -0.555383265 0.54821986 0.625303388
vn -0.240770042 0.764815629 0.597567379
vn -0.251769811 0.751241326 0.610121667
vn -0.282670081 0.815614402 0.504847288
vn -0.34789443 0.728119969 0.590601981
vn -0.418859035 0.710584342 0.565355539
vn -0.387851804 0.786858737 0.480025321
vn -0.625460386 0.729619741 0.276503623
vn -0.565844595 0.768709123 0.298171192
vn -0.61126864 0.706830859 0.356006622
vn -0.530269802 0.742580295 0.409131229
vn -0.541938424 0.674862504 0.50086242
vn -0.579916477 0.6712479 0.461652637
vn 0.99042666 -0.0516118705 0.128028885
vn 0.990387619 -0.0478171371 0.129792437
vn 0.989856958 -0.0367299542 0.137237966
vn 0.986583054 -0.0285602286 0.160742566
vn 0.984395027 -0.0250147805 0.174185738
vn 0.986998498 -0.0269308351 0.15845722
vn 0.990067661 -0.082730636 0.113673039
vn 0.989359021 -0.0850950405 0.11801526
vn 0.99104327 -0.0837779418 0.103993207
vn 0.99084717 -0.101065777 0.0894859135
vn 0.993333876 -0.0834300295 0.0795444101
vn 0.991811872 -0.0849130303 0.0953885391
vn 0.990103424 -0.0303271413 0.137023151
vn 0.99102205 -0.0244185161 0.13144955
vn 0.989802837 -0.035680607 0.137902886
vn 0.992671311 -0.0146456677 0.119955346
vn 0.993536949 -0.0191594232 0.111880928
vn 0.990308404 -0.0326694176 0.134989008
vn 0.998211622 0.00962243415 0.05899854
vn 0.99972558 0.0147714177 0.0181842465
vn 0.998972714 0.00565247284 0.0449630581
vn 0.999294043 -0.000947333348 -0.037557818
vn 0.997867048 -0.0240552202 -0.0606853068
vn 0.999604881 -0.0080010891 -0.0269476119
vn -0.936696947 -0.254903853 -0.240047455
vn -0.950955033 -0.205185056 -0.231480956
vn -0.957025528 -0.244779244 -0.155516118
vn -0.977277398 -0.151711449 -0.148028806
vn -0.983257771 -0.146090314 -0.108911872
vn -0.975613356 -0.192321271 -0.105787642
vn -0.990103662 -0.030327417 0.13702184
vn -0.989803135 -0.0356814489 0.137900144
vn -0.991022348 -0.0244190991 0.131447196
vn -0.990309119 -0.0326717831 0.134982854
vn -0.993537426 -0.019162802 0.111875795
vn -0.992671788 -0.0146480212 0.119951107
vn -0.998211741 0.00962198619 0.0589977689
vn -0.998972833 0.00565097155 0.0449619852
vn -0.99972564 0.0147714261 0.0181838553
vn -0.99960494 -0.00799997337 -0.0269472953
vn -0.997867167 -0.0240531638 -0.0606846847
vn -0.999294043 -0.000946076005 -0.0375572518
vn -0.996846437 0.012456893 -0.0783717483
vn -0.996120989 -0.0153180072 -0.0866492167
vn -0.993483186 0.0185655747 -0.112456433
vn -0.990309417 -0.0576934777 -0.12632744
vn -0.98160249 -0.0627390817 -0.180334195
vn -0.98635447 -0.0108705517 -0.164276242
vn -0.950338542 0.0127212759 0.310957879
vn -0.975770652 -0.0167750362 0.218152031
vn -0.993683636 -0.0239900816 0.109623268
vn -0.989626586 -0.036820773 0.138864592
vn -0.993108332 -0.0574939139 -0.102128401
vn -0.997906029 -0.0176211502 -0.0622346476
vn -0.982198238 -0.161744475 0.0955271125
vn -0.983248115 -0.178560048 0.0365980305
vn -0.979758918 -0.166917607 0.110503852
vn -0.987116218 -0.16000405 0.000500991882
vn -0.98363477 -0.18016386 0.00191862625
vn -0.986381888 -0.163552165 0.0173652917
vn 0.986503422 -0.162783638 0.0176824313
vn 0.983750641 -0.179525748 0.00227986067
vn 0.98717773 -0.159623206 0.000666884123
vn 0.983447254 -0.17726405 0.037536025
vn 0.982388198 -0.160157815 0.0962442011
vn 0.979935765 -0.165206999 0.111500889
vn -0.794559479 -0.391994774 -0.463697433
vn -0.798662663 -0.407662809 -0.442661375
vn -0.822111964 -0.248535231 -0.512213111
vn -0.824703515 -0.276692033 -0.493260264
vn -0.518988669 -0.396994293 -0.756998181
vn -0.532324195 -0.427504629 -0.730664611
vn -0.606766224 -0.386766315 -0.694439828
vn -0.643248379 -0.422439635 -0.638573647
vn -0.706575215 -0.414757162 -0.573348045
vn -0.687661529 -0.405777961 -0.602051437
vn -0.517247796 -0.239456728 -0.821653903
vn -0.518909097 -0.27194649 -0.810418665
vn -0.598466277 -0.240025684 -0.7643466
vn -0.609162211 -0.300846547 -0.733766198
vn -0.690372467 -0.29712224 -0.659624219
vn -0.689251661 -0.256250113 -0.677693129
vn -0.117772721 -0.374277472 -0.919807553
vn -0.114207357 -0.412570298 -0.903738022
vn -0.22475417 -0.389450133 -0.893204391
vn -0.235051289 -0.476278275 -0.847295702
vn -0.352832139 -0.480292231 -0.803012431
vn -0.32548961 -0.447323471 -0.833041549
vn -0.129104391 -0.199209645 -0.971415162
vn -0.126790702 -0.242595583 -0.961806417
vn -0.243624002 -0.214980721 -0.945743442
vn -0.235464573 -0.302410752 -0.923636436
vn -0.335244447 -0.310822487 -0.889382064
vn -0.338846296 -0.269773632 -0.901335359
vn 0.794553697 -0.391991228 -0.463710308
vn 0.798657954 -0.407657832 -0.442674309
vn 0.822105408 -0.248526707 -0.512227654
vn 0.824697435 -0.276688337 -0.493272454
vn 0.518993914 -0.396988988 -0.756997406
vn 0.60676533 -0.386764586 -0.694441557
vn 0.532329798 -0.427500725 -0.730662823
vn 0.687660992 -0.405770659 -0.602056921
vn 0.706573069 -0.414749235 -0.57335645
vn 0.643250167 -0.42243436 -0.638575435
vn 0.517273009 -0.239402741 -0.821653843
vn 0.598479211 -0.239991695 -0.764347255
vn 0.518921375 -0.271928847 -0.810416698
vn 0.689247608 -0.256246746 -0.677698553
vn 0.690367341 -0.29712227 -0.659629643
vn 0.609161973 -0.300846696 -0.733766317
vn 0.117802523 -0.374278069 -0.919803441
vn 0.224782228 -0.389446199 -0.893199146
vn 0.114237167 -0.412571549 -0.903733671
vn 0.325507551 -0.447327465 -0.833032429
vn 0.352844864 -0.480300188 -0.80300194
vn 0.235072628 -0.476286411 -0.847285211
vn 0.129131734 -0.199172616 -0.971419275
vn 0.243655667 -0.214916676 -0.945749879
vn 0.126820594 -0.242573634 -0.961807966
vn 0.338874072 -0.269739777 -0.901335001
vn 0.335266352 -0.310814142 -0.88937676
vn 0.235491931 -0.302400678 -0.923632622
vn -0.969733834 -0.242096841 0.031708926
vn -0.97794348 -0.208864331 0.00146082218
vn -0.967142999 -0.253522724 -0.0189920198
vn -0.98033464 -0.014854582 0.196782872
vn -0.98348701 -0.0262073372 0.179071307
vn -0.980193675 -0.0198219027 0.197046697
vn -0.989047527 -0.0422448143 0.141422912
vn -0.983074248 -0.182629332 0.0145415291
vn -0.982790947 -0.184142068 0.0146087576
vn -0.981507301 -0.18727015 0.0396635495
vn 0.977878213 -0.209144726 0.00356467487
vn 0.969740927 -0.241733834 0.0341650993
vn 0.966979265 -0.25430879 -0.0166728608
vn 0.983486831 -0.0262073893 0.179071784
vn 0.98033458 -0.0148545187 0.196782768
vn 0.980193675 -0.019822266 0.197046816
vn 0.989047527 -0.0422444679 0.14142327
vn 0.982816696 -0.183880866 0.0161028169
vn 0.983168185 -0.182018727 0.0157952216
vn 0.981607974 -0.18637231 0.0413674116
vn 0.973052084 -0.0167732183 0.229974747
vn 0.97293967 0.00378178782 0.231028304
vn 0.977209747 0.00844996143 0.212107763
vn 0.97760886 -0.0156743973 0.209846064
vn 0.971578002 -0.0258204639 0.235307321
vn 0.964758515 -0.0244529545 0.261998236
vn 0.966934502 -0.0194703229 0.254280537
vn 0.953384578 -0.0111760264 0.301550895
vn 0.942179501 0.0558797382 0.330417156
vn 0.948174477 0.032267537 0.316107541
vn 0.943281829 0.0192664191 0.331433475
vn 0.965001583 0.093957819 0.244834527
vn 0.961780369 0.0791042075 0.262147099
vn 0.953094661 0.141838431 0.267380595
vn 0.949159324 0.0963985249 0.299672931
vn 0.93998909 0.129319429 0.315748245
vn 0.941183329 0.157855362 0.298756957
vn 0.931241989 0.06725014 0.358141959
vn 0.854887724 0.180105329 0.486548126
vn 0.888294756 0.172430903 0.425675869
vn 0.908267617 0.144164011 0.392768085
vn 0.901704252 0.126735613 0.413361162
vn 0.801569223 0.248174846 0.543963194
vn 0.788858235 0.229179457 0.570245087
vn 0.7649948 0.269372791 0.584996879
vn 0.715775192 0.259103984 0.648483634
vn 0.629794776 0.321778327 0.706977487
vn 0.663820744 0.310470283 0.680404544
vn 0.651278675 0.278585315 0.705851436
vn 0.184181511 0.398320615 0.898564339
vn 0.202811003 0.399193853 0.89415437
vn 0.19964087 0.349002093 0.915609598
vn 0.243912295 0.346977592 0.905601144
vn 0.269007862 0.393042833 0.87929076
vn 0.296387315 0.388943195 0.872283161
vn 0.297078192 0.339760453 0.892360568
vn 0.58335799 0.296559662 0.756138802
vn 0.447854996 0.320277393 0.834774375
vn 0.487817973 0.358074635 0.79612577
vn 0.522251487 0.351388246 0.777032614
vn 0.512337565 0.311300665 0.800376236
vn 0.348764062 0.332260996 0.876336813
vn 0.374617994 0.375809908 0.847601473
vn 0.399869472 0.371817589 0.837768435
vn 0.395784438 0.326130271 0.858483315
vn -0.97293961 0.00378178805 0.231028304
vn -0.97760886 -0.0156743806 0.209846079
vn -0.977209687 0.00844995305 0.212107807
vn -0.965001702 0.0939573124 0.244833916
vn -0.953094423 0.141839474 0.267380744
vn -0.961780369 0.079103671 0.262147188
vn -0.94118315 0.157855242 0.298757315
vn -0.939989448 0.129319146 0.315747261
vn -0.949159384 0.0963985547 0.299672902
vn 0.11313583 0.388696134 0.914393485
vn 0.106550857 0.338375509 0.934959292
vn 0.0803276077 0.380362242 0.921342611
vn 0.0376611389 0.319244921 0.946923733
vn 0.157231301 0.345187813 0.925269485
vn -0.113142312 0.388701588 0.914390445
vn -0.0803354457 0.380366832 0.921339989
vn -0.106552087 0.338378519 0.9349581
vn -0.0376611389 0.319244921 0.946923733
vn -0.964758515 -0.0244529545 0.261998236
vn -0.971577942 -0.0258204211 0.235307321
vn -0.966934502 -0.0194703247 0.254280537
vn -0.973052025 -0.0167732723 0.229974717
vn -0.953384578 -0.0111760264 0.301550895
vn -0.948174298 0.0322677903 0.316107929
vn -0.942179441 0.0558797643 0.330417037
vn -0.943281829 0.0192667432 0.331433475
vn -0.931241989 0.0672498345 0.358142018
vn -0.854887486 0.180105418 0.486548454
vn -0.90170449 0.126735657 0.413360715
vn -0.908267677 0.144164175 0.392767727
vn -0.888294816 0.172431245 0.425675511
vn -0.801569879 0.248174548 0.543962479
vn -0.764997184 0.269371867 0.584993958
vn -0.788859367 0.229181424 0.570242882
vn -0.715774238 0.259106189 0.648483753
vn -0.663826227 0.310471356 0.680398643
vn -0.629794776 0.321778327 0.706977487
vn -0.651278675 0.278585315 0.705851436
vn -0.243912563 0.346977174 0.905601144
vn -0.202810943 0.399193853 0.89415437
vn -0.18417868 0.398319334 0.898565471
vn -0.199635431 0.349001467 0.915611088
vn -0.157235488 0.345190614 0.925267756
vn -0.297078311 0.339760333 0.892360508
vn -0.296385825 0.388943285 0.872283578
vn -0.269009143 0.393042952 0.879290223
vn -0.399868935 0.371817112 0.837768853
vn -0.374618173 0.37580955 0.847601593
vn -0.395785958 0.326128304 0.858483434
vn -0.348763704 0.332260579 0.876337111
vn -0.583357632 0.296559721 0.75613904
vn -0.447855055 0.320277333 0.834774435
vn -0.512339473 0.311303526 0.800373912
vn -0.522252202 0.351387531 0.777032495
vn -0.487826854 0.358074099 0.796120524
vn -0.212588027 -0.147792041 -0.96590054
vn -0.08535216 -0.1325773 -0.987490892
vn -0.0895184353 -0.0538356043 -0.994529188
vn -0.236942917 0.0933997631 -0.967023492
vn -0.283882707 0.0997693166 -0.953654408
vn -0.265926659 -0.0600548238 -0.962120831
vn -0.989674211 -0.051157292 0.133894727
vn -0.989571631 -0.0313673392 0.14058505
vn -0.988718033 -0.0294519905 0.146864906
vn -0.989043236 -0.0417810231 0.141590729
vn -0.990809917 -0.0634138584 0.119476005
vn -0.989945531 -0.07004226 0.122890539
vn -0.987446606 -0.0273478776 0.155567273
vn -0.98256731 -0.0264596641 0.184014589
vn -0.981194317 -0.0234397426 0.191594332
vn -0.986510217 -0.0347407423 0.159970924
vn -0.995364964 -0.074429214 0.0609011017
vn -0.984335482 -0.121181205 0.128058016
vn -0.986606419 -0.0903151408 0.135834321
vn -0.991117656 -0.0775527805 0.108034067
vn -0.990397036 -0.0637271404 0.122688323
vn -0.994525373 -0.0528126284 0.0901671574
vn -0.975492537 -0.054067228 0.21328631
vn -0.988142729 -0.072143361 0.135533422
vn -0.995933592 -0.0841894299 0.0320690125
vn -0.99549222 -0.0945019349 0.00804173481
vn -0.991703808 -0.128518924 0.00254800287
vn -0.98858577 -0.136859134 0.0629903749
vn -0.983291149 -0.101518609 0.151104048
vn -0.991054952 -0.0741504654 0.110958271
vn -0.766725898 -0.213473678 -0.605442286
vn -0.723864853 -0.348244518 -0.595605075
vn -0.656354308 -0.37326777 -0.655644834
vn -0.583190084 -0.276642561 -0.763778985
vn -0.620623469 -0.179505691 -0.7632851
vn -0.723626792 -0.151346922 -0.67339319
vn -0.620093405 -0.411673039 -0.667839348
vn -0.4275029 -0.43080762 -0.794761598
vn -0.392042816 -0.389021158 -0.833645582
vn -0.491896152 -0.280768871 -0.824140131
vn -0.647858977 -0.434561163 -0.625647902
vn -0.516205072 -0.519193292 -0.681153893
vn -0.405800581 -0.525717735 -0.747627437
vn -0.356743902 -0.468210965 -0.808400989
vn -0.243824303 -0.433602989 -0.867489576
vn -0.084846735 -0.42538026 -0.901028693
vn -0.0833462402 -0.367399812 -0.926321149
vn -0.212359443 -0.232546359 -0.949118316
vn -0.268507391 -0.236082092 -0.933899939
vn -0.305393904 -0.385512203 -0.870697916
vn 5.25505584e-06 -0.341974437 -0.939709306
vn 9.12464202e-07 -0.182678565 -0.983172715
vn 0 0.47116226 -0.88204658
vn 5.94838068e-10 0.580382049 -0.814344347
vn -0.103007749 0.604293764 -0.790075004
vn -0.243224055 0.466100812 -0.850642085
vn -0.21974355 0.402055532 -0.888855577
vn -0.0881097391 0.407302082 -0.909033358
vn -0.102583997 0.677542746 -0.728294194
vn -0.25158307 0.682126462 -0.686592638
vn -0.309215307 0.608391106 -0.730921447
vn -0.29881075 0.46371308 -0.834075749
vn -0.762506008 0.496809751 -0.414444953
vn -0.802328467 0.378411561 -0.461599201
vn -0.760915577 0.396499753 -0.513610125
vn -0.615695298 0.545380116 -0.568752885
vn -0.596231759 0.599458337 -0.534001231
vn -0.703185678 0.562520266 -0.434857249
vn -0.773683071 0.346588671 -0.530368507
vn -0.639213085 0.36802879 -0.6752491
vn -0.564879119 0.426214278 -0.706578374
vn -0.547523081 0.562427223 -0.619591773
vn -0.76338464 0.638554811 0.0974250138
vn -0.856051803 0.511752665 0.0726953372
vn -0.851214528 0.52419728 0.0255146008
vn -0.763370752 0.644980669 -0.0355681926
vn -0.708158553 0.705908179 -0.0143210711
vn -0.702156007 0.708783567 0.0678436533
vn -0.88869375 0.458424479 0.00838606525
vn -0.867490709 0.48947686 -0.0887253881
vn -0.819283962 0.559298873 -0.126327038
vn -0.756275713 0.646985471 -0.0972464904
vn -0.661323309 0.747064054 -0.0674301609
vn -0.507931054 0.858075321 -0.0755822957
vn -0.490253836 0.871181548 -0.0263406485
vn -0.635289967 0.76876539 0.0735278353
vn -0.421982497 0.905717134 -0.0400916934
vn -0.423623949 0.903267145 0.0682006627
vn -0.498110086 0.860266149 0.108758949
vn -0.638005197 0.762196302 0.109572768
vn -0.238742903 0.965376198 0.105121799
vn -0.356064618 0.928415239 0.10612835
vn -0.354680955 0.932710171 0.0652154237
vn -0.24428086 0.968201399 -0.0539719351
vn -0.205272123 0.977118433 -0.0557045005
vn -0.198375359 0.978269994 0.0602918938
vn -0.357832044 0.92691952 -0.113033138
vn -0.248803407 0.960494339 -0.124689527
vn -0.177467421 0.975775361 -0.127937064
vn -0.0755290762 0.991352737 -0.107307658
vn -0.0720840394 0.996791065 -0.0348077156
vn -0.163919568 0.984594464 0.0608627535
vn 7.01067293e-08 0.99996686 -0.00814223289
vn -2.17326473e-07 0.99537009 0.0961161256
vn -0.0652346984 0.990502477 0.121033847
vn -0.162634045 0.980997622 0.105800785
vn -1.78370285e-09 -0.0244148895 -0.999701917
vn -1.18956867e-09 0.142003819 -0.989866078
vn -0.0993637443 0.188607708 -0.977012694
vn -0.244817629 0.168405861 -0.954831779
vn -0.833409309 0.0686721206 -0.548373163
vn -0.806201398 -0.0560194924 -0.588983178
vn -0.745410502 -0.0604477599 -0.663859248
vn -0.645550132 0.0622436516 -0.761177242
vn -0.65023911 0.132846519 -0.748024523
vn -0.784178019 0.137981132 -0.605000854
vn -0.554749489 -0.111025549 -0.824576437
vn -0.56423676 0.0438920148 -0.824445426
vn -0.993147731 0.0499254875 0.105664685
vn -0.99560678 0.00541761518 0.0934753343
vn -0.997596383 0.0187573936 0.0667056069
vn -0.995855331 0.0898356661 0.0142046688
vn -0.990513325 0.135286093 0.0241056532
vn -0.989946067 0.107555576 0.0918623209
vn -0.997814834 0.0123155704 0.0649139956
vn -0.99962914 0.0264679994 -0.00639707921
vn -0.998419404 0.0467219576 -0.0312360656
vn -0.994482875 0.103234246 -0.0186185669
vn -0.968765795 0.108477972 -0.222991705
vn -0.957018554 0.176818803 -0.229892656
vn -0.975053608 0.153066993 -0.160751209
vn -0.996260405 0.0544728413 -0.067066066
vn -0.996819019 0.0336207636 -0.0722590461
vn -0.985504329 0.0593737029 -0.158920929
vn -0.966526091 0.207102522 -0.151445657
vn -0.984747648 0.167296797 -0.0477899238
vn -0.569567382 0.187903389 -0.800178289
vn -0.565647721 0.318695545 -0.76057595
vn -0.641900361 0.325459093 -0.694291234
vn -0.787283123 0.202591971 -0.582358778
vn -0.830252111 0.284329891 -0.479414374
vn -0.841926634 0.194685757 -0.503246367
vn -0.238778964 0.345243454 -0.907629609
vn -0.0987011865 0.254374862 -0.962055922
vn 0 0.274656862 -0.961542308
vn -1.18862109e-09 0.350128442 -0.936701715
vn -0.293924421 0.344331264 -0.891652584
vn -0.299941272 0.237099931 -0.924023271
vn -0.997029424 -0.0640161112 0.0428280197
vn -0.994370639 -0.097859107 0.040626552
vn -0.985909462 -0.113152049 0.12320333
vn -0.970757365 -0.136657 0.197369933
vn -0.997715294 -0.0337224975 0.0585410781
vn -0.987887263 -0.0227288716 0.15349938
vn -0.983610094 0.0172490086 0.179481208
vn -0.980715811 0.0128470259 0.195016816
vn -0.980559587 -0.025285881 0.194585711
vn -0.990808785 0.0385809951 0.129651189
vn -0.98947525 -0.0206039567 0.143227771
vn -0.989976346 -0.0270231292 0.138623834
vn -0.993225276 -0.0127730984 0.115501277
vn -0.985810816 0.083427906 0.145659938
vn -0.980816007 0.0647460148 0.183868974
vn -0.977590561 0.155820325 0.14155066
vn -0.935077131 0.302674502 0.184442446
vn -0.935202122 0.285163879 0.20994918
vn -0.97072196 0.11997813 0.208096236
vn -0.908952296 0.351296812 0.224491015
vn -0.918955445 0.295152515 0.261545211
vn -0.938866377 0.215950593 0.268132746
vn -0.967920542 0.107584611 0.227058381
vn -0.976958454 0.213423938 0.00154208846
vn -0.929146051 0.367856026 0.0370071642
vn -0.932652831 0.351434469 0.0815634504
vn -0.979250789 0.168846413 0.112066284
vn -0.898503125 0.427245021 0.100766145
vn -0.90361762 0.392167926 0.172277376
vn -0.932391047 0.297095746 -0.205866575
vn -0.882280886 0.441630572 -0.162919909
vn -0.900347471 0.42254886 -0.104052611
vn -0.972089887 0.231608585 -0.0374000818
vn 0 0.72228688 -0.691593707
vn 6.93349534e-07 0.84093529 -0.541135728
vn -0.077874966 0.851146698 -0.519119084
vn -0.241279662 0.739796996 -0.62808001
vn -0.0927158445 0.886754572 -0.452846825
vn -0.235662907 0.867816806 -0.437443793
vn -0.276437014 0.81962198 -0.501799226
vn -0.290545553 0.729515016 -0.619185865
vn -0.681614041 0.67328763 -0.286506414
vn -0.722642958 0.595406234 -0.351110637
vn -0.685053766 0.607734978 -0.401695848
vn -0.556693912 0.71958369 -0.415079832
vn -0.537911952 0.76636225 -0.351197392
vn -0.619555056 0.73132807 -0.285150409
vn -0.511639655 0.668075383 -0.540277779
vn -0.484554321 0.742118061 -0.463106662
vn -0.907434523 -0.328107148 -0.262503833
vn -0.949604809 -0.28919965 -0.120889626
vn -0.935750961 -0.323325872 -0.14082104
vn -0.827585459 -0.440716952 -0.347665012
vn -0.791184068 -0.461973518 -0.400759667
vn -0.842623949 -0.398615062 -0.362064868
vn -0.886976063 -0.383788049 -0.256866068
vn -0.812906802 -0.437749267 -0.384132832
vn -0.0674932003 0.92189002 -0.381527692
vn -0.182594702 0.961184442 -0.20684205
vn -0.217605621 0.954458892 -0.204098135
vn -0.246519595 0.899728775 -0.360161364
vn 5.31610931e-06 0.934872031 -0.354984909
vn 3.08711242e-06 0.987627923 -0.156815484
vn -0.413250029 0.806718051 -0.422410101
vn -0.313922316 0.846114576 -0.430747032
vn -0.282135576 0.890377998 -0.357248425
vn -0.352885991 0.917112291 -0.185409009
vn -0.408475429 0.891725123 -0.194869637
vn -0.449666798 0.822425067 -0.348449171
vn -0.317711443 0.807953894 -0.496255875
vn -0.445864648 0.689624429 -0.570633709
vn -0.462067664 0.638567984 -0.615406036
vn -0.348228157 0.664189994 -0.661504984
vn -0.358477056 0.600193739 -0.715025663
vn -0.48860088 0.437865347 -0.754680932
vn -0.462958813 0.388289958 -0.796806276
vn -0.328962743 0.398602515 -0.856095433
vn -0.481290311 0.155424207 -0.862672091
vn -0.341872901 0.17778483 -0.922775924
vn -0.349456012 0.241160944 -0.905384958
vn -0.484110117 0.34036538 -0.806094766
vn -0.467579395 -0.179875061 -0.865456164
vn -0.3201437 -0.149679556 -0.935469925
vn -0.318957269 -0.0574999936 -0.946023226
vn -0.477554768 0.081689097 -0.874796152
vn -0.801501274 0.570279837 -0.179935291
vn -0.709612787 0.665916502 -0.230227932
vn -0.672163546 0.713731825 -0.196934283
vn -0.698748052 0.705087662 -0.12084081
vn -0.830415606 0.518744171 -0.203259245
vn -0.775521874 0.539286256 -0.328231692
vn -0.733662069 -0.483644843 -0.477313071
vn -0.70723623 -0.424626678 -0.56525135
vn -0.751445949 -0.379293829 -0.539875031
vn -0.827825367 -0.351944298 -0.436852872
vn -0.691009104 -0.506321788 -0.515892148
vn -0.533070683 -0.543622553 -0.648313284
vn -0.735765994 -0.416911691 -0.533697486
vn -0.608151495 -0.447683454 -0.655538857
vn -0.580688238 -0.486143619 -0.65304327
vn -0.699672639 -0.488657445 -0.521221638
vn -0.757352769 -0.456414372 -0.46701476
vn -0.7724545 -0.418082416 -0.478038788
vn -0.483332008 -0.517102242 -0.706396043
vn -0.440088362 -0.565232575 -0.69773519
vn -0.611928344 0.758398771 -0.224443525
vn -0.478614718 0.865502357 -0.147762224
vn -0.259701163 -0.471336454 -0.842850745
vn -0.092797935 -0.527212679 -0.844651043
vn 1.30741819e-05 -0.519173026 -0.854669094
vn 9.84437065e-06 -0.45505935 -0.890461087
vn -0.307545245 -0.554360509 -0.773369491
vn -0.0958186984 -0.550515175 -0.829307973
vn -0.320698351 -0.572036088 -0.754935324
vn -0.107614137 -0.574717581 -0.811245263
vn 1.08476124e-05 -0.577816129 -0.816167057
vn 1.07081214e-05 -0.564069271 -0.825727463
vn -0.408811659 -0.502200007 -0.762015998
vn -0.15373683 -0.521116257 -0.839525342
vn -0.824230969 -0.147646144 -0.546666265
vn -0.906829298 -0.154186562 -0.392284781
vn -0.89641881 -0.203623846 -0.393663108
vn -0.766361475 -0.344401449 -0.542289257
vn -0.92855525 -0.18907921 -0.319427907
vn -0.894315004 -0.278711498 -0.35002932
vn -0.974867165 0.0427970551 -0.21863775
vn -0.963212848 -0.075653173 -0.257871509
vn -0.935729146 -0.0838326141 -0.342612207
vn -0.883666754 0.0651729107 -0.463557631
vn -0.887983084 0.129061222 -0.441394687
vn -0.953198731 0.100851305 -0.285028398
vn -0.868634582 0.260523766 -0.421427727
vn -0.948060155 0.1355308 -0.287773132
vn -0.854881346 0.304400504 -0.420140803
vn -0.920585871 0.254746795 -0.296016604
vn -0.905271411 0.319132566 -0.280424893
vn -0.797299206 0.484728724 -0.35965544
vn -0.83541894 -0.407033712 -0.369322032
vn -0.821199238 -0.410186201 -0.396710575
vn -0.879995763 -0.389747828 -0.27148506
vn 0.156849623 0.508688271 0.846542656
vn 0.167912126 0.630077958 0.758160472
vn 0.181513026 0.629806995 0.755245864
vn 0.205808759 0.51030761 0.835002363
vn 0.204743296 0.454033852 0.867140949
vn 0.170385823 0.452551812 0.875308812
vn 0.185800761 0.694893122 0.694695294
vn 0.221917748 0.696598232 0.682278156
vn 0.230145007 0.6316486 0.740306258
vn 0.222467542 0.509604454 0.831150711
vn 0.991056919 -0.0741052032 0.110970557
vn 0.983329058 -0.100929558 0.151252359
vn 0.988674343 -0.136107922 0.0632261559
vn 0.991723895 -0.128362656 0.00260199583
vn 0.995494723 -0.0944747999 0.00804986712
vn 0.995933592 -0.0841885507 0.0320698321
vn -6.48032437e-06 0.454880416 0.890552461
vn -1.18827703e-09 0.576589286 0.817034185
vn 0.0605756082 0.60463953 0.794192433
vn 0.130579263 0.50475651 0.853328764
vn 0.121005729 0.445488036 0.887072682
vn 0.0446598269 0.421159297 0.905886531
vn 0.0675898567 0.673514068 0.736077607
vn 0.154384673 0.694468975 0.702764809
vn 0.723624825 -0.151363283 -0.673391521
vn 0.620625079 -0.17952241 -0.763279855
vn 0.583193064 -0.276652515 -0.763773024
vn 0.656354725 -0.373268783 -0.65564388
vn 0.723863959 -0.348246485 -0.595605075
vn 0.766723633 -0.213484958 -0.605441093
vn 0.491905391 -0.280780226 -0.824130774
vn 0.39205569 -0.38902542 -0.833637595
vn 0.427512527 -0.43080768 -0.794756532
vn 0.620094717 -0.411672831 -0.667838395
vn 0.356756538 -0.468209565 -0.808396339
vn 0.405810416 -0.525715113 -0.74762398
vn 0.516210377 -0.519191265 -0.681151509
vn 0.647859752 -0.434560776 -0.625647426
vn 0.305411935 -0.385519087 -0.870688617
vn 0.268526018 -0.236098498 -0.933890402
vn 0.212374121 -0.232559383 -0.949111938
vn 0.0833601356 -0.367404789 -0.92631793
vn 0.084864825 -0.425383836 -0.901025295
vn 0.243843019 -0.433606923 -0.867482305
vn 0.212596655 -0.147801965 -0.965897083
vn 0.0853545219 -0.132579565 -0.987490416
vn 0.0881097391 0.407302082 -0.909033358
vn 0.21974355 0.402055532 -0.888855577
vn 0.24322699 0.466100723 -0.850641429
vn 0.103007749 0.604293704 -0.790075004
vn 0.298810661 0.463712007 -0.834076285
vn 0.309215575 0.608391106 -0.730921209
vn 0.251583129 0.682126641 -0.6865924
vn 0.102583997 0.677542746 -0.728294194
vn 0.639213681 0.368028879 -0.675248504
vn 0.773685277 0.346586585 -0.53036654
vn 0.760917127 0.396497756 -0.513609409
vn 0.615695477 0.545380175 -0.568752706
vn 0.547522962 0.562427223 -0.619591892
vn 0.564879298 0.426214397 -0.706578016
vn 0.802330017 0.37840873 -0.461598814
vn 0.762506366 0.496808857 -0.414445311
vn 0.703185678 0.562520146 -0.434857517
vn 0.596231878 0.599458456 -0.534000993
vn 0.429646105 0.891966105 0.140714675
vn 0.423465014 0.876460016 0.229118243
vn 0.354317516 0.903451145 0.241319761
vn 0.239320055 0.959825575 0.146495417
vn 0.238742471 0.965376198 0.105122782
vn 0.356065154 0.928414941 0.106129125
vn 0.32923609 0.89216876 0.309254676
vn 0.220266908 0.916338444 0.334374636
vn 0.19488129 0.945810556 0.259737879
vn 0.198071301 0.969014943 0.147572637
vn 8.49744993e-06 0.944645524 0.328092605
vn 0 0.982319415 0.187212318
vn 0.0662883744 0.983904243 0.165946797
vn 0.164280951 0.950457215 0.263899148
vn 0.164086416 0.923816323 0.345888793
vn 0.0732071847 0.921355069 0.38176623
vn 0.0652343929 0.990502596 0.121033952
vn 0.162633225 0.980997682 0.105801359
vn 0.702156126 0.708783567 0.0678436384
vn 0.708158493 0.705908179 -0.0143210283
vn 0.763370633 0.644980669 -0.0355681442
vn 0.851212919 0.524199903 0.0255165324
vn 0.856051564 0.511752963 0.072695598
vn 0.76338464 0.638554811 0.0974250212
vn 0.756276071 0.646984994 -0.0972467735
vn 0.819284439 0.559298396 -0.126326591
vn 0.867491364 0.489475995 -0.0887247995
vn 0.888692617 0.458426774 0.00838472974
vn 0.423624605 0.903266728 0.0682008937
vn 0.421981901 0.905717373 -0.0400916636
vn 0.490253776 0.871181667 -0.0263406988
vn 0.635290205 0.76876533 0.0735278204
vn 0.638005316 0.762196183 0.109572768
vn 0.498110771 0.860265791 0.108759232
vn 0.507932007 0.858075202 -0.0755781084
vn 0.661323369 0.747064054 -0.067430079
vn 0.198374718 0.978269994 0.0602926016
vn 0.205271617 0.977118552 -0.0557047464
vn 0.244289279 0.968199134 -0.0539733134
vn 0.354681522 0.932709992 0.0652158856
vn 0.248801798 0.960494876 -0.124689057
vn 0.357830048 0.926920354 -0.113032788
vn 0.0720850006 0.996790946 -0.0348079316
vn 0.163918659 0.984594405 0.0608632639
vn 0.0755329207 0.991352439 -0.107307978
vn 0.177467555 0.975774944 -0.127939641
vn -4.76093387e-09 0.715539575 0.69857204
vn -2.38282949e-09 0.851312339 0.524659336
vn 0.0740112141 0.87331903 0.481493741
vn 0.156786263 0.7618891 0.62844497
vn 0.186617658 0.880873859 0.435011655
vn 0.174598545 0.762318432 0.623206139
vn 0.265936464 -0.0600658283 -0.962117374
vn 0.283884257 0.0997672379 -0.95365417
vn 0.236942902 0.0933997706 -0.967023551
vn 0.0895182341 -0.0538357683 -0.994529128
vn 0.244817212 0.168406487 -0.954831779
vn 0.0993635654 0.188607574 -0.977012813
vn 0.784181237 0.137971133 -0.604998946
vn 0.650242269 0.132832021 -0.748024523
vn 0.64555341 0.0622234419 -0.761176109
vn 0.745409608 -0.060466446 -0.663858593
vn 0.806200564 -0.0560355559 -0.588982761
vn 0.833412051 0.0686606467 -0.548370421
vn 0.564244032 0.0438703224 -0.824441731
vn 0.554756343 -0.111047916 -0.824568808
vn 0.9996292 0.0264679249 -0.00639718072
vn 0.997814775 0.012315738 0.0649149939
vn 0.997596264 0.0187570229 0.0667065829
vn 0.995855331 0.089835614 0.0142056262
vn 0.994482815 0.103234366 -0.0186183546
vn 0.998419404 0.0467219241 -0.0312361456
vn 0.995606661 0.00541715045 0.0934768543
vn 0.993147552 0.0499250405 0.105666421
vn 0.989945829 0.107555598 0.091863811
vn 0.990513444 0.13528578 0.0241068918
vn 0.984747708 0.167296782 -0.0477892831
vn 0.966526568 0.207102075 -0.151444033
vn 0.975053847 0.153066084 -0.160750598
vn 0.996260405 0.0544723496 -0.0670665652
vn 0.957019091 0.176815733 -0.22989279
vn 0.968766093 0.108473912 -0.22299251
vn 0.985504448 0.0593706742 -0.15892233
vn 0.996819079 0.0336194895 -0.0722602606
vn 0.641901374 0.325457901 -0.694290698
vn 0.787286758 0.2025861 -0.582356036
vn 0.841930866 0.194680318 -0.503241658
vn 0.830255091 0.284326226 -0.479411125
vn 0.565648198 0.318694472 -0.760576129
vn 0.569571018 0.187894076 -0.800177932
vn 0.0987008139 0.254375041 -0.962055922
vn 0.238781258 0.345243007 -0.907629192
vn 0.299940705 0.237100482 -0.924023271
vn 0.293924332 0.344330788 -0.891652882
vn 0.989562213 -0.0984258279 -0.105256684
vn 0.971411586 -0.116116896 -0.207065985
vn 0.961486042 -0.159707919 -0.223691627
vn 0.96607089 -0.237712592 -0.100994095
vn 0.970148563 -0.22529988 -0.0897314996
vn 0.985967219 -0.132219955 -0.101913892
vn 0.92855525 -0.189080834 -0.319427013
vn 0.894314885 -0.278711677 -0.350029618
vn 0.907434464 -0.328107536 -0.262503803
vn 0.94960475 -0.28919971 -0.120889969
vn 0.970757365 -0.136661634 0.197366893
vn 0.985908329 -0.113168426 0.123197392
vn 0.994369149 -0.097876668 0.0406233892
vn 0.997029006 -0.0640225112 0.042827256
vn 0.995364726 -0.0744316354 0.0609011389
vn 0.984335363 -0.121182241 0.128056929
vn 0.997715056 -0.0337292552 0.0585396625
vn 0.983610094 0.0172492843 0.179481119
vn 0.987887263 -0.0227289144 0.15349938
vn 0.987446606 -0.0273479261 0.155567497
vn 0.98256737 -0.0264595952 0.184014305
vn 0.980559587 -0.0252858792 0.194585696
vn 0.980715811 0.0128470389 0.195016757
vn 0.980816007 0.0647459775 0.183869064
vn 0.985810697 0.0834282711 0.145660847
vn 0.990808606 0.0385805592 0.1296525
vn 0.989475191 -0.0206041709 0.143228158
vn 0.993224978 -0.0127730966 0.115503147
vn 0.989976287 -0.0270231776 0.13862443
vn 0.972089946 0.231608272 -0.0373997502
vn 0.900347769 0.422547579 -0.10405495
vn 0.882282317 0.441628426 -0.162918299
vn 0.932392061 0.297094256 -0.205864295
vn 0.976958454 0.213423952 0.0015422696
vn 0.929146111 0.367855906 0.037008509
vn 0.241279677 0.739797711 -0.628079116
vn 0.0778773353 0.851147592 -0.519117355
vn 0.290545344 0.729515553 -0.619185328
vn 0.276428133 0.819622815 -0.501802564
vn 0.235654742 0.867820203 -0.437441528
vn 0.0927200168 0.886756063 -0.452842891
vn 0.685055733 0.607738376 -0.401687294
vn 0.556693733 0.71958369 -0.415079921
vn 0.484554112 0.74211818 -0.463106781
vn 0.511639714 0.668075562 -0.540277541
vn 0.722641349 0.595407844 -0.351110846
vn 0.681614101 0.67328769 -0.286506444
vn 0.619555056 0.73132807 -0.285150409
vn 0.537911892 0.766362309 -0.351197302
vn 0.285399139 0.599255681 0.74795717
vn 0.312966824 0.492970586 0.811807632
vn 0.288724631 0.50036478 0.816255569
vn 0.242763877 0.631225049 0.736627817
vn 0.237642646 0.698103547 0.675409019
vn 0.239257962 0.680095136 0.692983568
vn 0.294359356 0.443640441 0.846484303
vn 0.242916524 0.451012224 0.858824492
vn 0.842623949 -0.39861533 -0.362064749
vn 0.791183949 -0.461973608 -0.400759757
vn 0.827585399 -0.440717071 -0.347665071
vn 0.935750961 -0.323325694 -0.140821874
vn 0.812906742 -0.43774882 -0.384133518
vn 0.886976182 -0.383785754 -0.256868869
vn 0.0675012171 0.921890497 -0.381525159
vn 0.182596862 0.961184382 -0.206840575
vn 0.246507034 0.899734497 -0.360155731
vn 0.217604414 0.954459548 -0.204096332
vn 0.210535228 0.878504157 0.428841949
vn 0.230606779 0.763130248 0.603699267
vn 0.326554805 0.860885561 0.390176922
vn 0.239214748 0.764802217 0.598208964
vn 0.282132655 0.890381515 -0.357242078
vn 0.35288319 0.917113602 -0.185408175
vn 0.313930213 0.846113861 -0.430742532
vn 0.413249016 0.806718647 -0.422410011
vn 0.449665964 0.822425544 -0.348448962
vn 0.408468992 0.891727448 -0.194872409
vn 0.348227799 0.664190114 -0.661505103
vn 0.462069422 0.638566375 -0.615406275
vn 0.445870966 0.689622402 -0.570631206
vn 0.317709029 0.807955384 -0.496255159
vn 0.328960389 0.398603112 -0.856096148
vn 0.462958753 0.388290077 -0.796806097
vn 0.488600761 0.437865138 -0.754680991
vn 0.358476698 0.600194037 -0.715025485
vn 0.349455684 0.241161063 -0.905385017
vn 0.484110087 0.34036541 -0.806094825
vn 0.341874391 0.177783161 -0.922775686
vn 0.481296033 0.155413702 -0.86267066
vn 0.477563977 0.0816712454 -0.874792755
vn 0.318971753 -0.0575170144 -0.946017385
vn 0.320162356 -0.149699196 -0.935460448
vn 0.467591852 -0.17989473 -0.865445435
vn 0.775520682 0.539287925 -0.328231871
vn 0.830417752 0.518741667 -0.203257248
vn 0.80150187 0.570279062 -0.1799348
vn 0.709612846 0.665916443 -0.230227903
vn 0.698748052 0.705087602 -0.120840825
vn 0.672163546 0.713731825 -0.196934298
vn 0.827825129 -0.351944417 -0.436853081
vn 0.751445651 -0.379294425 -0.53987515
vn 0.70723635 -0.424626768 -0.565251172
vn 0.73366189 -0.483644873 -0.477313071
vn 0.533075511 -0.543621123 -0.648310721
vn 0.691008151 -0.506323278 -0.515891969
vn 0.440096706 -0.565234601 -0.697728217
vn 0.483339041 -0.517098486 -0.706394076
vn 0.580691457 -0.486143768 -0.65304029
vn 0.699671984 -0.488656819 -0.521223128
vn 0.608152151 -0.447686076 -0.655536413
vn 0.735761106 -0.416908622 -0.533706605
vn 0.772453785 -0.418076158 -0.478045493
vn 0.75735265 -0.456413537 -0.467015624
vn 0.611931741 0.758395374 -0.224446207
vn 0.47860989 0.865505397 -0.147759706
vn 0.0928193331 -0.527211368 -0.844649494
vn 0.259718418 -0.471336484 -0.842845321
vn 0.0958394185 -0.550510824 -0.82930851
vn 0.307559371 -0.554357946 -0.773365796
vn 0.320711911 -0.572033823 -0.754931211
vn 0.107635699 -0.574718654 -0.811241627
vn 0.15375942 -0.521117389 -0.839520514
vn 0.408819675 -0.502204537 -0.762008607
vn 0.896418333 -0.203628108 -0.393661976
vn 0.766360879 -0.34440273 -0.542289436
vn 0.906828761 -0.154192641 -0.392283231
vn 0.824229181 -0.147658721 -0.54666543
vn 0.953200161 0.100846581 -0.285025358
vn 0.88798672 0.129054517 -0.441389233
vn 0.883669972 0.0651647076 -0.463552535
vn 0.93572998 -0.0838371739 -0.342608869
vn 0.963213086 -0.075655967 -0.257869214
vn 0.974867582 0.0427930057 -0.218636528
vn 0.920586765 0.254743576 -0.296016484
vn 0.854883254 0.304396272 -0.420139998
vn 0.868637204 0.260518938 -0.421425343
vn 0.948061347 0.135525718 -0.287771434
vn 0.905272543 0.319130331 -0.280423373
vn 0.797299862 0.484727859 -0.359655201
vn 0.986967504 0.0298478082 -0.158127502
vn 0.993915379 -0.0529915318 -0.0965615734
vn 0.995935917 -0.0416666009 -0.0798470899
vn 0.998673022 0.0120981866 -0.0500587635
vn 0.879996181 -0.389743209 -0.271490455
vn 0.821197987 -0.410181463 -0.396717757
vn 0.835417688 -0.40702492 -0.36933434
vn 0.898502827 0.427245617 0.100766808
vn 0.903617561 0.392167866 0.172277808
vn 0.869056463 0.459590822 0.183077261
vn 0.768031478 0.62624222 0.133970797
vn 0.874603748 0.437515974 0.208921209
vn 0.798608482 0.563892603 0.210356101
vn 0.727814734 0.657859445 0.193666175
vn 0.709255099 0.69113636 0.138880536
vn 0.503189087 0.852805853 0.139724702
vn 0.662325323 0.723836482 0.193354517
vn 0.656997204 0.722278118 0.2160303
vn 0.490019321 0.831598461 0.261390686
vn 0.63461405 0.64607197 0.424094468
vn 0.687970936 0.681224525 0.250258207
vn 0.751072884 0.612927496 0.24537617
vn 0.755462527 0.518048465 0.401126087
vn 0.713234544 0.516555429 0.473779559
vn 0.652997077 0.57730335 0.49022004
vn 0.812418222 0.541952014 0.215092048
vn 0.869675636 0.394685388 0.296458989
vn 0.852941215 0.38229996 0.355440766
vn 0.80276221 0.435199827 0.407644391
vn 0.970722079 0.119977877 0.208096027
vn 0.935202003 0.285164237 0.209949091
vn 0.935077131 0.302674353 0.184442565
vn 0.977590561 0.155819789 0.141552195
vn 0.967920542 0.107584625 0.227058351
vn 0.938866675 0.215949491 0.268132985
vn 0.918955743 0.295151204 0.261545509
vn 0.908953249 0.351295382 0.224489436
vn 0.979250431 0.168846548 0.112069324
vn 0.932652295 0.351435035 0.0815667287
vn 0.353919953 0.838792801 0.413723677
vn 0.289203405 0.713493586 0.638191402
vn 0.447087973 0.811549783 0.376164049
vn 0.48263526 0.667670608 0.566814959
vn 0.41569525 0.638760805 0.647442698
vn 0.360529214 0.652201235 0.666822612
vn 0.904456437 0.337334126 0.261082798
vn 0.826919079 0.519649327 0.214870751
vn 0.913554132 0.29625684 0.278658837
vn 0.894750834 0.333459556 0.297027826
vn 0.853956342 0.26949954 0.445116371
vn 0.868390739 0.320358336 0.378507614
vn 0.892594039 0.293772429 0.342014194
vn 0.916338742 0.190315202 0.35228312
vn 0.912688255 0.165005133 0.373862892
vn 0.87186265 0.220101967 0.437505007
vn 0.928956926 0.226590231 0.292738765
vn 0.929455876 0.161117569 0.331892878
vn 0.825321317 0.294549853 0.481752247
vn 0.788953245 0.395352125 0.470371485
vn 0.813441157 0.270426065 0.514959276
vn 0.742816985 0.314439625 0.59105891
vn 0.722066164 0.365206808 0.587575018
vn 0.742107749 0.433798909 0.510974169
vn 0.581810594 0.431676447 0.689312577
vn 0.614838958 0.537699997 0.576933086
vn 0.645740986 0.522031844 0.557226419
vn 0.690253079 0.384710699 0.61281991
vn 0.677372158 0.346116364 0.649130523
vn 0.60564667 0.373795092 0.7024737
vn 0.545814574 0.440824986 0.712572694
vn 0.511131287 0.548070431 0.662090361
vn 0.541202188 0.607432425 0.581485927
vn 0.601015449 0.604836464 0.522449255
vn 0.532577753 0.394893736 0.748611987
vn 0.46222645 0.410123289 0.786222339
vn 0.434370637 0.465629548 0.771045625
vn 0.444110036 0.562301219 0.697555482
vn 0.352816224 0.585134506 0.730163217
vn 0.405993074 0.472230196 0.782411814
vn 0.40327093 0.421506464 0.812222123
vn 0.347530961 0.432262719 0.83208853
vn 0.608146131 0.66113627 0.439382613
vn 0.499185324 0.803827226 0.323536485
vn -0.170378655 0.45255053 0.875310898
vn -0.20475094 0.454034895 0.867138684
vn -0.205810368 0.510305762 0.835003018
vn -0.181513026 0.629806936 0.755245864
vn -0.16791071 0.630075336 0.758162916
vn -0.156851381 0.508686721 0.846543312
vn -0.222466007 0.509601712 0.831152737
vn -0.230144948 0.6316486 0.740306258
vn -0.221917763 0.696598172 0.682278216
vn -0.185800731 0.694893122 0.694695294
vn -0.0446674861 0.421164006 0.905883849
vn -0.121006519 0.445483267 0.887075007
vn -0.130579978 0.504752219 0.853331089
vn -0.0605755858 0.60463953 0.794192374
vn -0.154387519 0.694466472 0.702766538
vn -0.0675898567 0.673514068 0.736077607
vn -0.0662883893 0.983904183 0.165946752
vn -0.164280981 0.950457275 0.263899177
vn -0.19488129 0.945810556 0.259737849
vn -0.198071867 0.969014943 0.147572026
vn -0.0732005686 0.921357095 0.381762654
vn -0.16408512 0.923818529 0.345883429
vn -0.156799912 0.761888921 0.62844193
vn -0.0739970952 0.873316884 0.481499702
vn -0.17459853 0.762318432 0.623206139
vn -0.186628297 0.880872726 0.43500939
vn -0.242908075 0.451011807 0.858827114
vn -0.294359177 0.443640143 0.846484542
vn -0.288724691 0.50036478 0.816255629
vn -0.242763907 0.631225109 0.736627817
vn -0.312966526 0.492970586 0.811807811
vn -0.285399199 0.599256039 0.747956753
vn -0.239259601 0.680095017 0.69298315
vn -0.237642691 0.698103607 0.675409019
vn -0.415693521 0.638760984 0.647443533
vn -0.360527873 0.652199388 0.666825116
vn -0.352816164 0.585134923 0.730162799
vn -0.405993521 0.472230554 0.782411337
vn -0.434370488 0.465629816 0.771045506
vn -0.44410935 0.562301219 0.69755578
vn -0.347530574 0.432262629 0.83208859
vn -0.40327093 0.421506464 0.812222183
vn -0.79860723 0.563893557 0.210358024
vn -0.874602556 0.437517583 0.208922997
vn -0.869055092 0.4595927 0.183078796
vn -0.768031538 0.62624234 0.133970708
vn -0.70925498 0.69113642 0.138880491
vn -0.727813959 0.657859266 0.193669617
vn -0.220266774 0.916338444 0.334374756
vn -0.32923618 0.892168701 0.309254557
vn -0.354317605 0.903451204 0.241319492
vn -0.239320472 0.959825575 0.146494612
vn -0.423464954 0.876460195 0.229118094
vn -0.429645628 0.891966522 0.140714124
vn -0.50318855 0.852806151 0.139724433
vn -0.662328184 0.723833561 0.193355992
vn -0.490023881 0.831596553 0.261388391
vn -0.656995893 0.722278357 0.216033131
vn -0.230606779 0.763130248 0.603699267
vn -0.210545793 0.878502548 0.428839952
vn -0.239214748 0.764802217 0.598208964
vn -0.326554954 0.860885382 0.390176952
vn -0.652997017 0.577307165 0.4902156
vn -0.713233888 0.516558111 0.473777562
vn -0.755456865 0.518057704 0.401124954
vn -0.751072884 0.612926364 0.245378971
vn -0.687969267 0.68122524 0.250260979
vn -0.634619892 0.646071076 0.424086869
vn -0.802763402 0.435197026 0.407644928
vn -0.852942765 0.382299423 0.355437636
vn -0.869676352 0.394685775 0.296456188
vn -0.812419355 0.54194963 0.21509409
vn -0.826919138 0.519648075 0.214872986
vn -0.904456258 0.33733651 0.261080205
vn -0.894750178 0.333463341 0.297025889
vn -0.913554132 0.29625693 0.278658718
vn -0.87186265 0.220101967 0.437505037
vn -0.912688494 0.165004894 0.373862416
vn -0.916338384 0.190315366 0.352284104
vn -0.892594278 0.293772191 0.342013747
vn -0.868390143 0.320360303 0.378507257
vn -0.853956342 0.269499779 0.445116132
vn -0.929455757 0.16111815 0.331893027
vn -0.928956747 0.226590246 0.292739123
vn -0.788956821 0.395349711 0.4703677
vn -0.825321317 0.294549942 0.481752098
vn -0.742107809 0.433798909 0.510974169
vn -0.722066164 0.365206808 0.587574959
vn -0.742816985 0.314439625 0.59105891
vn -0.813440323 0.270424396 0.5149616
vn -0.60564667 0.373795092 0.7024737
vn -0.677373767 0.346113771 0.649130166
vn -0.690252006 0.384708941 0.612822294
vn -0.645741224 0.522031724 0.557226181
vn -0.614839077 0.537700057 0.576932967
vn -0.581811368 0.431676179 0.68931216
vn -0.462226778 0.410123229 0.78622216
vn -0.532576025 0.394890696 0.748614788
vn -0.545814514 0.440824866 0.712572873
vn -0.511131585 0.54807055 0.662090063
vn -0.601015687 0.604836345 0.522449195
vn -0.541202724 0.607432306 0.581485748
vn -0.289187878 0.713494122 0.638197839
vn -0.353920102 0.838792741 0.413723677
vn -0.482636005 0.66767031 0.566814601
vn -0.447087854 0.811549783 0.376164109
vn -0.499185205 0.803827226 0.323536396
vn -0.608153164 0.661133885 0.439376503
vn 0.989945352 -0.0700422749 0.122891739
vn 0.990809917 -0.0634138808 0.119476072
vn 0.989043236 -0.0417810231 0.1415907
vn 0.988718033 -0.0294519626 0.146864951
vn 0.989571571 -0.0313672498 0.140585512
vn 0.989673972 -0.051157169 0.133896858
vn 0.986510217 -0.0347407348 0.159970865
vn 0.981194317 -0.0234397538 0.191594318
vn 0.988142431 -0.0721438304 0.135535508
vn 0.97549212 -0.0540676601 0.213288054
vn 0.986606538 -0.0903145 0.135834321
vn 0.991117656 -0.0775527507 0.108034045
vn 0.994525254 -0.0528133363 0.0901679397
vn 0.990397215 -0.0637265146 0.122688212
vn 0.992812216 -0.0137111032 0.118894815
vn 0.989085078 -0.0447229557 0.140395164
vn 0.995502174 -0.000931907445 0.0947342739
vn 0.997404397 -0.00715310499 0.0716473088
vn 0.995455861 -0.0243672989 0.0920528844
vn 0.988848805 -0.051177416 0.139853343
vn 0.999706805 0.0144953895 -0.019390488
vn 0.999777138 -0.00184276828 0.0210272912
vn 0.994586527 -0.0577540435 -0.0863834843
vn 0.999848008 -0.0110499337 -0.0134882405
vn -0.904526234 0.0140478201 0.426186532
vn -0.961485624 -0.159707561 -0.223693863
vn -0.966071129 -0.237712145 -0.100993454
vn -0.971411526 -0.11611513 -0.2070674
vn -0.989562392 -0.0984247774 -0.105256334
vn -0.985967338 -0.132219195 -0.101913758
vn -0.970148563 -0.22529991 -0.0897314623
vn -0.989085495 -0.0447236486 0.140390679
vn -0.992812514 -0.0137120737 0.118891992
vn -0.98884964 -0.05117926 0.139846757
vn -0.995456278 -0.0243689958 0.0920495689
vn -0.997404456 -0.00715568662 0.0716453269
vn -0.995502353 -0.000933072879 0.0947319642
vn -0.999777198 -0.0018435407 0.0210260395
vn -0.999706864 0.0144958617 -0.0193901714
vn -0.999848008 -0.0110485051 -0.0134883057
vn -0.994586647 -0.0577518344 -0.0863831863
vn -0.995936036 -0.0416645631 -0.0798462108
vn -0.998673022 0.0120994281 -0.0500578843
vn -0.993915558 -0.0529897809 -0.0965606794
vn -0.986967564 0.0298509728 -0.158126354
vn -0.984742343 -0.0430142246 0.16861856
vn -0.98716253 -0.0467936881 0.152710542
vn -0.997888386 -0.0121879065 0.0637974963
vn -0.988840342 -0.102237582 -0.108361982
vn -0.999984205 -0.00499466667 0.00256795064
vn -0.984992206 -0.153643355 0.0786393732
vn -0.982338846 -0.187010944 0.00610447675
vn -0.982646585 -0.185152888 0.0111321304
vn -0.976392686 -0.182057455 0.116242573
vn -0.958670378 -0.152428761 0.240242735
vn -0.972154975 -0.13261646 0.193202913
vn 0.958864093 -0.15055348 0.240652025
vn 0.972291648 -0.131053135 0.193582177
vn 0.985146463 -0.152416304 0.0790935233
vn 0.982491374 -0.186186135 0.00673926715
vn 0.976526856 -0.180463463 0.117593855
vn 0.982790411 -0.184328109 0.0120821018
vn -0.814168572 -0.410072923 -0.411059499
vn -0.79829514 -0.242226526 -0.55140841
vn -0.801765501 -0.360711128 -0.476507872
vn -0.742634118 -0.385944366 -0.547303855
vn -0.763175666 -0.41316849 -0.496844709
vn -0.814783156 -0.318549335 -0.484411806
vn -0.757339656 -0.23007001 -0.611150086
vn -0.760246396 -0.302763522 -0.574769258
vn -0.42228815 -0.404720575 -0.811094344
vn -0.466036618 -0.46410501 -0.753270447
vn -0.564682186 -0.440549105 -0.697890043
vn -0.681123495 -0.382330358 -0.624415159
vn -0.684876323 -0.343064129 -0.642846406
vn -0.519187689 -0.352394819 -0.77862829
vn -0.432142109 -0.235174745 -0.870600998
vn -0.429056704 -0.312709212 -0.847421527
vn -0.520677745 -0.308334291 -0.796131074
vn -0.677099049 -0.232731745 -0.698120952
vn -0.668548524 -0.230084777 -0.707180262
vn -0.519131422 -0.202777743 -0.83029139
vn 1.59584415e-05 -0.356142431 -0.934431672
vn 1.43174448e-05 -0.435786873 -0.900049925
vn -0.114397027 -0.447165161 -0.887105703
vn -0.323665679 -0.402092487 -0.856482446
vn -0.330313802 -0.353959858 -0.874988675
vn -0.121051989 -0.331665814 -0.935598314
vn 1.25475744e-05 -0.180955723 -0.983491302
vn 1.57725462e-05 -0.267086983 -0.9636724
vn -0.124002263 -0.28753835 -0.949707925
vn -0.342558056 -0.227234662 -0.91160208
vn -0.346047103 -0.183724165 -0.920052588
vn -0.130460203 -0.1596459 -0.978515923
vn 0.798293114 -0.242203504 -0.551421463
vn 0.801759005 -0.360710353 -0.476519197
vn 0.814167619 -0.41006273 -0.411071241
vn 0.763171136 -0.413162291 -0.496856749
vn 0.742628694 -0.385941267 -0.547313333
vn 0.814777851 -0.318547815 -0.48442176
vn 0.760239005 -0.302762449 -0.57477957
vn 0.757333696 -0.230060682 -0.611161113
vn 0.51919198 -0.352395505 -0.77862519
vn 0.684871495 -0.34306398 -0.642851591
vn 0.681119442 -0.382328957 -0.624420345
vn 0.564683139 -0.44055289 -0.697886825
vn 0.466042489 -0.464113057 -0.753261983
vn 0.422298819 -0.40471676 -0.811090589
vn 0.5191769 -0.202669218 -0.830289483
vn 0.668562889 -0.230035722 -0.707182586
vn 0.67710048 -0.232714102 -0.698125362
vn 0.520684183 -0.308332831 -0.796127379
vn 0.429071188 -0.312704384 -0.847415984
vn 0.43217659 -0.235103622 -0.870603085
vn 0.121082589 -0.331665367 -0.93559444
vn 0.330334872 -0.353955358 -0.874982536
vn 0.323686242 -0.402088195 -0.856476724
vn 0.114424102 -0.44716841 -0.887100637
vn 0.130482316 -0.159599289 -0.978520632
vn 0.346090496 -0.183603153 -0.920060515
vn 0.342594355 -0.227158174 -0.911607563
vn 0.124033079 -0.287530094 -0.949706376
vn -0.971270561 -0.221310765 0.0874927565
vn -0.981738687 -0.189881802 0.0115741724
vn -0.946249962 -0.319824159 -0.0482006893
vn -0.945786357 -0.290959954 0.144327
vn -0.987236202 -0.0418919772 0.15365468
vn -0.977538884 -0.0211051684 0.209695965
vn 0.981695533 -0.190000206 0.0131814247
vn 0.971382499 -0.220036596 0.08944235
vn 0.945959806 -0.28936407 0.146384388
vn 0.945714951 -0.321694911 -0.0462126993
vn 0.987236202 -0.0418919921 0.153654665
vn 0.977538705 -0.0211052001 0.209696561
vn 0.97494024 -0.0251429491 0.22104165
vn 0.966174781 0.0313392319 0.255977035
vn 0.974529088 0.0490425453 0.218833283
vn 0.97667259 -0.0259597171 0.213159233
vn 0.967606902 -0.00118961523 0.25245896
vn 0.960988641 -0.00630925735 0.276515663
vn 0.954422772 0.0115436316 0.298234642
vn 0.93761909 0.10397014 0.33175379
vn 0.953231156 0.0472912714 0.298519462
vn 0.934851587 0.083267346 0.345136434
vn 0.95790571 0.0632918254 0.280019075
vn 0.940643549 0.187373817 0.282985449
vn 0.923904777 0.113673784 0.365346551
vn 0.835374057 0.223955035 0.501990378
vn 0.864203572 0.198638335 0.462271601
vn 0.72934103 0.286158174 0.62142992
vn 0.696270287 0.29913798 0.652475536
vn 0.594190657 0.332983166 0.732160985
vn 0.221998364 0.398557574 0.889869988
vn 0.163734928 0.396180809 0.903455317
vn 0.243848816 0.396414667 0.885095
vn 0.323719561 0.384581655 0.864466727
vn 0.558013439 0.343084455 0.755588472
vn 0.42653501 0.367966771 0.826237381
vn 0.455702275 0.363542527 0.812509835
vn 0.349628627 0.380149007 0.856298149
vn -0.967606902 -0.00118961523 0.25245896
vn -0.97667259 -0.0259596929 0.213159248
vn -0.974529088 0.0490425378 0.218833342
vn -0.966174781 0.0313392319 0.255977035
vn -0.940643251 0.187374577 0.282985926
vn -0.957905591 0.0632920712 0.280019462
vn -0.93761903 0.103969723 0.331754237
vn -0.953231156 0.0472915657 0.298519462
vn 0.14023453 0.393130988 0.908725679
vn 0.0410362184 0.365381479 0.929952919
vn 0 0.343986541 0.938974619
vn -0.0410362147 0.365381449 0.92995286
vn -0.140227735 0.393134087 0.908725381
vn -0.974940181 -0.0251426511 0.22104153
vn -0.960988641 -0.00630925735 0.276515663
vn -0.954422772 0.0115436316 0.298234642
vn -0.934851706 0.0832674205 0.345136017
vn -0.923905015 0.113674112 0.365346044
vn -0.864203691 0.198638722 0.462271273
vn -0.835372329 0.223956287 0.501992822
vn -0.729337394 0.286159515 0.621433437
vn -0.696269989 0.299139559 0.652475119
vn -0.594190657 0.332983166 0.732160985
vn -0.243848532 0.396416754 0.885094166
vn -0.221999735 0.398560524 0.889868379
vn -0.163729802 0.396183193 0.903455377
vn -0.323718011 0.384581655 0.864467263
vn -0.349628627 0.380149007 0.856298149
vn -0.426534981 0.367966652 0.82623744
vn -0.558005393 0.343085796 0.755593836
vn -0.455702722 0.363542527 0.812509656
g group2
f 1/1/1 1642/2/1642 1637/3/1637
f 1637/3/1637 665/4/665 166/5/166
f 1642/2/1642 168/6/168 665/4/665
f 665/4/665 1637/3/1637 1642/2/1642
f 166/5/166 666/7/666 1638/8/1638
f 1638/8/1638 1639/9/1639 3/10/3
f 666/7/666 167/11/167 1639/9/1639
f 1639/9/1639 1638/8/1638 666/7/666
f 168/6/168 1641/12/1641 667/13/667
f 667/13/667 1640/14/1640 167/11/167
f 1641/12/1641 2/15/2 1640/14/1640
f 1640/14/1640 667/13/667 1641/12/1641
f 167/11/167 666/7/666 667/13/667
f 667/13/667 665/4/665 168/6/168
f 666/7/666 166/5/166 665/4/665
f 665/4/665 667/13/667 666/7/666
f 4/16/4 1648/17/1648 1643/18/1643
f 1643/18/1643 668/19/668 169/20/169
f 1648/17/1648 171/21/171 668/19/668
f 668/19/668 1643/18/1643 1648/17/1648
f 169/20/169 669/22/669 1644/23/1644
f 1644/23/1644 1645/24/1645 6/25/6
f 669/22/669 170/26/170 1645/24/1645
f 1645/24/1645 1644/23/1644 669/22/669
f 171/21/171 1647/27/1647 670/28/670
f 670/28/670 1646/29/1646 170/26/170
f 1647/27/1647 5/30/5 1646/29/1646
f 1646/29/1646 670/28/670 1647/27/1647
f 170/26/170 669/22/669 670/28/670
f 670/28/670 668/19/668 171/21/171
f 669/22/669 169/20/169 668/19/668
f 668/19/668 670/28/670 669/22/669
f 6/25/6 1645/24/1645 1649/31/1649
f 1649/31/1649 671/32/671 172/33/172
f 1645/24/1645 170/26/170 671/32/671
f 671/32/671 1649/31/1649 1645/24/1645
f 172/33/172 672/34/672 1650/35/1650
f 1650/35/1650 1651/36/1651 7/37/7
f 672/34/672 173/38/173 1651/36/1651
f 1651/36/1651 1650/35/1650 672/34/672
f 170/26/170 1646/29/1646 673/39/673
f 673/39/673 1652/40/1652 173/38/173
f 1646/29/1646 5/30/5 1652/40/1652
f 1652/40/1652 673/39/673 1646/29/1646
f 173/38/173 672/34/672 673/39/673
f 673/39/673 671/32/671 170/26/170
f 672/34/672 172/33/172 671/32/671
f 671/32/671 673/39/673 672/34/672
f 8/41/8 1658/42/1658 1653/43/1653
f 1653/43/1653 674/44/674 174/45/174
f 1658/42/1658 176/46/176 674/44/674
f 674/44/674 1653/43/1653 1658/42/1658
f 174/45/174 675/47/675 1654/48/1654
f 1654/48/1654 1655/49/1655 9/50/9
f 675/47/675 175/51/175 1655/49/1655
f 1655/49/1655 1654/48/1654 675/47/675
f 176/46/176 1657/52/1657 676/53/676
f 676/53/676 1656/54/1656 175/51/175
f 1657/52/1657 5/30/5 1656/54/1656
f 1656/54/1656 676/53/676 1657/52/1657
f 175/51/175 675/47/675 676/53/676
f 676/53/676 674/44/674 176/46/176
f 675/47/675 174/45/174 674/44/674
f 674/44/674 676/53/676 675/47/675
f 9/50/9 1655/49/1655 1659/55/1659
f 1659/55/1659 677/56/677 177/57/177
f 1655/49/1655 175/51/175 677/56/677
f 677/56/677 1659/55/1659 1655/49/1655
f 177/57/177 678/58/678 1660/59/1660
f 1660/59/1660 1648/17/1648 4/16/4
f 678/58/678 171/21/171 1648/17/1648
f 1648/17/1648 1660/59/1660 678/58/678
f 175/51/175 1656/54/1656 679/60/679
f 679/60/679 1647/27/1647 171/21/171
f 1656/54/1656 5/30/5 1647/27/1647
f 1647/27/1647 679/60/679 1656/54/1656
f 171/21/171 678/58/678 679/60/679
f 679/60/679 677/56/677 175/51/175
f 678/58/678 177/57/177 677/56/677
f 677/56/677 679/60/679 678/58/678
f 10/61/10 1666/62/1666 1661/63/1661
f 1661/63/1661 680/64/680 178/65/178
f 1666/62/1666 180/66/180 680/64/680
f 680/64/680 1661/63/1661 1666/62/1666
f 178/65/178 681/67/681 1662/68/1662
f 681/67/681 179/69/179 1663/70/1663
f 1663/70/1663 1662/68/1662 681/67/681
f 180/66/180 1665/71/1665 682/72/682
f 682/72/682 1664/73/1664 179/69/179
f 1665/71/1665 11/74/11 1664/73/1664
f 1664/73/1664 682/72/682 1665/71/1665
f 179/69/179 681/67/681 682/72/682
f 682/72/682 680/64/680 180/66/180
f 681/67/681 178/65/178 680/64/680
f 680/64/680 682/72/682 681/67/681
f 12/75/12 1672/76/1672 1667/77/1667
f 1667/77/1667 683/78/683 181/79/181
f 1672/76/1672 183/80/183 683/78/683
f 683/78/683 1667/77/1667 1672/76/1672
f 181/79/181 684/81/684 1668/82/1668
f 1668/82/1668 1669/83/1669 14/84/14
f 684/81/684 182/85/182 1669/83/1669
f 1669/83/1669 1668/82/1668 684/81/684
f 183/80/183 1671/86/1671 685/87/685
f 685/87/685 1670/88/1670 182/85/182
f 1671/86/1671 13/89/13 1670/88/1670
f 1670/88/1670 685/87/685 1671/86/1671
f 182/85/182 684/81/684 685/87/685
f 685/87/685 683/78/683 183/80/183
f 684/81/684 181/79/181 683/78/683
f 683/78/683 685/87/685 684/81/684
f 14/84/14 1669/83/1669 1673/90/1673
f 1673/90/1673 686/91/686 184/92/184
f 1669/83/1669 182/85/182 686/91/686
f 686/91/686 1673/90/1673 1669/83/1669
f 184/92/184 687/93/687 1674/94/1674
f 1674/94/1674 1675/95/1675 15/96/15
f 687/93/687 185/97/185 1675/95/1675
f 1675/95/1675 1674/94/1674 687/93/687
f 182/85/182 1670/88/1670 688/98/688
f 688/98/688 1676/99/1676 185/97/185
f 1670/88/1670 13/89/13 1676/99/1676
f 1676/99/1676 688/98/688 1670/88/1670
f 185/97/185 687/93/687 688/98/688
f 688/98/688 686/91/686 182/85/182
f 687/93/687 184/92/184 686/91/686
f 686/91/686 688/98/688 687/93/687
f 14/84/14 1673/90/1673 1677/100/1677
f 1677/100/1677 689/101/689 186/102/186
f 1673/90/1673 184/92/184 689/101/689
f 689/101/689 1677/100/1677 1673/90/1673
f 186/102/186 690/103/690 1678/104/1678
f 1678/104/1678 1679/105/1679 16/106/16
f 690/103/690 187/107/187 1679/105/1679
f 1679/105/1679 1678/104/1678 690/103/690
f 184/92/184 1674/94/1674 691/108/691
f 691/108/691 1680/109/1680 187/107/187
f 1674/94/1674 15/96/15 1680/109/1680
f 1680/109/1680 691/108/691 1674/94/1674
f 187/107/187 690/103/690 691/108/691
f 691/108/691 689/101/689 184/92/184
f 690/103/690 186/102/186 689/101/689
f 689/101/689 691/108/691 690/103/690
f 15/96/15 1686/110/1686 1681/111/1681
f 1681/111/1681 692/112/692 188/113/188
f 1686/110/1686 190/114/190 692/112/692
f 692/112/692 1681/111/1681 1686/110/1686
f 188/113/188 693/115/693 1682/116/1682
f 1682/116/1682 1683/117/1683 17/118/17
f 693/115/693 189/119/189 1683/117/1683
f 1683/117/1683 1682/116/1682 693/115/693
f 190/114/190 1685/120/1685 694/121/694
f 694/121/694 1684/122/1684 189/119/189
f 1685/120/1685 1/1/1 1684/122/1684
f 1684/122/1684 694/121/694 1685/120/1685
f 189/119/189 693/115/693 694/121/694
f 694/121/694 692/112/692 190/114/190
f 693/115/693 188/113/188 692/112/692
f 692/112/692 694/121/694 693/115/693
f 17/118/17 1683/117/1683 1687/123/1687
f 1687/123/1687 695/124/695 191/125/191
f 1683/117/1683 189/119/189 695/124/695
f 695/124/695 1687/123/1687 1683/117/1683
f 191/125/191 696/126/696 1688/127/1688
f 1688/127/1688 1638/8/1638 3/10/3
f 696/126/696 166/5/166 1638/8/1638
f 1638/8/1638 1688/127/1688 696/126/696
f 189/119/189 1684/122/1684 697/128/697
f 697/128/697 1637/3/1637 166/5/166
f 1684/122/1684 1/1/1 1637/3/1637
f 1637/3/1637 697/128/697 1684/122/1684
f 166/5/166 696/126/696 697/128/697
f 697/128/697 695/124/695 189/119/189
f 696/126/696 191/125/191 695/124/695
f 695/124/695 697/128/697 696/126/696
f 18/129/18 1694/130/1694 1689/131/1689
f 1689/131/1689 698/132/698 192/133/192
f 1694/130/1694 194/134/194 698/132/698
f 698/132/698 1689/131/1689 1694/130/1694
f 192/133/192 699/135/699 1690/136/1690
f 1690/136/1690 1691/137/1691 20/138/20
f 699/135/699 193/139/193 1691/137/1691
f 1691/137/1691 1690/136/1690 699/135/699
f 194/134/194 1693/140/1693 700/141/700
f 700/141/700 1692/142/1692 193/139/193
f 1693/140/1693 19/143/19 1692/142/1692
f 1692/142/1692 700/141/700 1693/140/1693
f 193/139/193 699/135/699 700/141/700
f 700/141/700 698/132/698 194/134/194
f 699/135/699 192/133/192 698/132/698
f 698/132/698 700/141/700 699/135/699
f 20/138/20 1691/137/1691 1695/144/1695
f 1695/144/1695 701/145/701 195/146/195
f 1691/137/1691 193/139/193 701/145/701
f 701/145/701 1695/144/1695 1691/137/1691
f 195/146/195 702/147/702 1696/148/1696
f 1696/148/1696 1697/149/1697 21/150/21
f 702/147/702 196/151/196 1697/149/1697
f 1697/149/1697 1696/148/1696 702/147/702
f 193/139/193 1692/142/1692 703/152/703
f 703/152/703 1698/153/1698 196/151/196
f 1692/142/1692 19/143/19 1698/153/1698
f 1698/153/1698 703/152/703 1692/142/1692
f 196/151/196 702/147/702 703/152/703
f 703/152/703 701/145/701 193/139/193
f 702/147/702 195/146/195 701/145/701
f 701/145/701 703/152/703 702/147/702
f 22/154/22 1704/155/1704 1699/156/1699
f 1699/156/1699 704/157/704 197/158/197
f 1704/155/1704 199/159/199 704/157/704
f 704/157/704 1699/156/1699 1704/155/1704
f 197/158/197 705/160/705 1700/161/1700
f 1700/161/1700 1701/162/1701 24/163/24
f 705/160/705 198/164/198 1701/162/1701
f 1701/162/1701 1700/161/1700 705/160/705
f 199/159/199 1703/165/1703 706/166/706
f 706/166/706 1702/167/1702 198/164/198
f 1703/165/1703 23/168/23 1702/167/1702
f 1702/167/1702 706/166/706 1703/165/1703
f 198/164/198 705/160/705 706/166/706
f 706/166/706 704/157/704 199/159/199
f 705/160/705 197/158/197 704/157/704
f 704/157/704 706/166/706 705/160/705
f 24/163/24 1701/162/1701 1705/169/1705
f 1705/169/1705 707/170/707 200/171/200
f 1701/162/1701 198/164/198 707/170/707
f 707/170/707 1705/169/1705 1701/162/1701
f 200/171/200 708/172/708 1706/173/1706
f 1706/173/1706 1707/174/1707 25/175/25
f 708/172/708 201/176/201 1707/174/1707
f 1707/174/1707 1706/173/1706 708/172/708
f 198/164/198 1702/167/1702 709/177/709
f 709/177/709 1708/178/1708 201/176/201
f 1702/167/1702 23/168/23 1708/178/1708
f 1708/178/1708 709/177/709 1702/167/1702
f 201/176/201 708/172/708 709/177/709
f 709/177/709 707/170/707 198/164/198
f 708/172/708 200/171/200 707/170/707
f 707/170/707 709/177/709 708/172/708
f 26/179/26 1714/180/1714 1709/181/1709
f 1709/181/1709 710/182/710 202/183/202
f 1714/180/1714 204/184/204 710/182/710
f 710/182/710 1709/181/1709 1714/180/1714
f 202/183/202 711/185/711 1710/186/1710
f 1710/186/1710 1711/187/1711 28/188/28
f 711/185/711 203/189/203 1711/187/1711
f 1711/187/1711 1710/186/1710 711/185/711
f 204/184/204 1713/190/1713 712/191/712
f 712/191/712 1712/192/1712 203/189/203
f 1713/190/1713 27/193/27 1712/192/1712
f 1712/192/1712 712/191/712 1713/190/1713
f 203/189/203 711/185/711 712/191/712
f 712/191/712 710/182/710 204/184/204
f 711/185/711 202/183/202 710/182/710
f 710/182/710 712/191/712 711/185/711
f 28/188/28 1711/187/1711 1715/194/1715
f 1715/194/1715 713/195/713 205/196/205
f 1711/187/1711 203/189/203 713/195/713
f 713/195/713 1715/194/1715 1711/187/1711
f 205/196/205 714/197/714 1716/198/1716
f 1716/198/1716 1717/199/1717 29/200/29
f 714/197/714 206/201/206 1717/199/1717
f 1717/199/1717 1716/198/1716 714/197/714
f 203/189/203 1712/192/1712 715/202/715
f 715/202/715 1718/203/1718 206/201/206
f 1712/192/1712 27/193/27 1718/203/1718
f 1718/203/1718 715/202/715 1712/192/1712
f 206/201/206 714/197/714 715/202/715
f 715/202/715 713/195/713 203/189/203
f 714/197/714 205/196/205 713/195/713
f 713/195/713 715/202/715 714/197/714
f 27/193/27 1713/190/1713 1719/204/1719
f 1719/204/1719 716/205/716 207/206/207
f 1713/190/1713 204/184/204 716/205/716
f 716/205/716 1719/204/1719 1713/190/1713
f 207/206/207 717/207/717 1720/208/1720
f 1720/208/1720 1721/209/1721 30/210/30
f 717/207/717 208/211/208 1721/209/1721
f 1721/209/1721 1720/208/1720 717/207/717
f 204/184/204 1714/180/1714 718/212/718
f 718/212/718 1722/213/1722 208/211/208
f 1714/180/1714 26/179/26 1722/213/1722
f 1722/213/1722 718/212/718 1714/180/1714
f 208/211/208 717/207/717 718/212/718
f 718/212/718 716/205/716 204/184/204
f 717/207/717 207/206/207 716/205/716
f 716/205/716 718/212/718 717/207/717
f 30/210/30 1721/209/1721 1723/214/1723
f 1723/214/1723 719/215/719 209/216/209
f 1721/209/1721 208/211/208 719/215/719
f 719/215/719 1723/214/1723 1721/209/1721
f 209/216/209 720/217/720 1724/218/1724
f 1724/218/1724 1725/219/1725 31/220/31
f 720/217/720 210/221/210 1725/219/1725
f 1725/219/1725 1724/218/1724 720/217/720
f 208/211/208 1722/213/1722 721/222/721
f 721/222/721 1726/223/1726 210/221/210
f 1722/213/1722 26/179/26 1726/223/1726
f 1726/223/1726 721/222/721 1722/213/1722
f 210/221/210 720/217/720 721/222/721
f 721/222/721 719/215/719 208/211/208
f 720/217/720 209/216/209 719/215/719
f 719/215/719 721/222/721 720/217/720
f 32/224/32 1732/225/1732 1727/226/1727
f 1727/226/1727 722/227/722 211/228/211
f 1732/225/1732 213/229/213 722/227/722
f 722/227/722 1727/226/1727 1732/225/1732
f 211/228/211 723/230/723 1728/231/1728
f 1728/231/1728 1729/232/1729 31/220/31
f 723/230/723 212/233/212 1729/232/1729
f 1729/232/1729 1728/231/1728 723/230/723
f 213/229/213 1731/234/1731 724/235/724
f 724/235/724 1730/236/1730 212/233/212
f 1731/234/1731 33/237/33 1730/236/1730
f 1730/236/1730 724/235/724 1731/234/1731
f 212/233/212 723/230/723 724/235/724
f 724/235/724 722/227/722 213/229/213
f 723/230/723 211/228/211 722/227/722
f 722/227/722 724/235/724 723/230/723
f 31/220/31 1729/232/1729 1724/218/1724
f 1724/218/1724 725/238/725 209/216/209
f 1729/232/1729 212/233/212 725/238/725
f 725/238/725 1724/218/1724 1729/232/1729
f 209/216/209 726/239/726 1723/214/1723
f 1723/214/1723 1733/240/1733 30/210/30
f 726/239/726 214/241/214 1733/240/1733
f 1733/240/1733 1723/214/1723 726/239/726
f 212/233/212 1730/236/1730 727/242/727
f 727/242/727 1734/243/1734 214/241/214
f 1730/236/1730 33/237/33 1734/243/1734
f 1734/243/1734 727/242/727 1730/236/1730
f 214/241/214 726/239/726 727/242/727
f 727/242/727 725/238/725 212/233/212
f 726/239/726 209/216/209 725/238/725
f 725/238/725 727/242/727 726/239/726
f 33/237/33 1731/234/1731 1735/244/1735
f 1735/244/1735 728/245/728 215/246/215
f 1731/234/1731 213/229/213 728/245/728
f 728/245/728 1735/244/1735 1731/234/1731
f 215/246/215 729/247/729 1736/248/1736
f 1736/248/1736 1737/249/1737 34/250/34
f 729/247/729 216/251/216 1737/249/1737
f 1737/249/1737 1736/248/1736 729/247/729
f 213/229/213 1732/225/1732 730/252/730
f 730/252/730 1738/253/1738 216/251/216
f 1732/225/1732 32/224/32 1738/253/1738
f 1738/253/1738 730/252/730 1732/225/1732
f 216/251/216 729/247/729 730/252/730
f 730/252/730 728/245/728 213/229/213
f 729/247/729 215/246/215 728/245/728
f 728/245/728 730/252/730 729/247/729
f 34/250/34 1737/249/1737 1739/254/1739
f 1739/254/1739 731/255/731 217/256/217
f 1737/249/1737 216/251/216 731/255/731
f 731/255/731 1739/254/1739 1737/249/1737
f 217/256/217 732/257/732 1740/258/1740
f 1740/258/1740 1741/259/1741 35/260/35
f 732/257/732 218/261/218 1741/259/1741
f 1741/259/1741 1740/258/1740 732/257/732
f 216/251/216 1738/253/1738 733/262/733
f 733/262/733 1742/263/1742 218/261/218
f 1738/253/1738 32/224/32 1742/263/1742
f 1742/263/1742 733/262/733 1738/253/1738
f 218/261/218 732/257/732 733/262/733
f 733/262/733 731/255/731 216/251/216
f 732/257/732 217/256/217 731/255/731
f 731/255/731 733/262/733 732/257/732
f 3/10/3 1639/9/1639 1743/264/1743
f 1743/264/1743 734/265/734 219/266/219
f 1639/9/1639 167/11/167 734/265/734
f 734/265/734 1743/264/1743 1639/9/1639
f 219/266/219 735/267/735 1744/268/1744
f 1744/268/1744 1745/269/1745 36/270/36
f 735/267/735 220/271/220 1745/269/1745
f 1745/269/1745 1744/268/1744 735/267/735
f 167/11/167 1640/14/1640 736/272/736
f 736/272/736 1746/273/1746 220/271/220
f 1640/14/1640 2/15/2 1746/273/1746
f 1746/273/1746 736/272/736 1640/14/1640
f 220/271/220 735/267/735 736/272/736
f 736/272/736 734/265/734 167/11/167
f 735/267/735 219/266/219 734/265/734
f 734/265/734 736/272/736 735/267/735
f 37/274/37 1752/275/1752 1747/276/1747
f 1747/276/1747 737/277/737 221/278/221
f 1752/275/1752 223/279/223 737/277/737
f 737/277/737 1747/276/1747 1752/275/1752
f 221/278/221 738/280/738 1748/281/1748
f 1748/281/1748 1749/282/1749 12/75/12
f 738/280/738 222/283/222 1749/282/1749
f 1749/282/1749 1748/281/1748 738/280/738
f 223/279/223 1751/284/1751 739/285/739
f 739/285/739 1750/286/1750 222/283/222
f 1751/284/1751 38/287/38 1750/286/1750
f 1750/286/1750 739/285/739 1751/284/1751
f 222/283/222 738/280/738 739/285/739
f 739/285/739 737/277/737 223/279/223
f 738/280/738 221/278/221 737/277/737
f 737/277/737 739/285/739 738/280/738
f 12/75/12 1749/282/1749 1672/76/1672
f 1672/76/1672 740/288/740 183/80/183
f 1749/282/1749 222/283/222 740/288/740
f 740/288/740 1672/76/1672 1749/282/1749
f 183/80/183 741/289/741 1671/86/1671
f 1671/86/1671 1753/290/1753 13/89/13
f 741/289/741 224/291/224 1753/290/1753
f 1753/290/1753 1671/86/1671 741/289/741
f 222/283/222 1750/286/1750 742/292/742
f 742/292/742 1754/293/1754 224/291/224
f 1750/286/1750 38/287/38 1754/293/1754
f 1754/293/1754 742/292/742 1750/286/1750
f 224/291/224 741/289/741 742/292/742
f 742/292/742 740/288/740 222/283/222
f 741/289/741 183/80/183 740/288/740
f 740/288/740 742/292/742 741/289/741
f 39/294/39 1760/295/1760 1755/296/1755
f 1755/296/1755 743/297/743 225/298/225
f 1760/295/1760 227/299/227 743/297/743
f 743/297/743 1755/296/1755 1760/295/1760
f 225/298/225 744/300/744 1756/301/1756
f 1756/301/1756 1757/302/1757 41/303/41
f 744/300/744 226/304/226 1757/302/1757
f 1757/302/1757 1756/301/1756 744/300/744
f 227/299/227 1759/305/1759 745/306/745
f 745/306/745 1758/307/1758 226/304/226
f 1759/305/1759 40/308/40 1758/307/1758
f 1758/307/1758 745/306/745 1759/305/1759
f 226/304/226 744/300/744 745/306/745
f 745/306/745 743/297/743 227/299/227
f 744/300/744 225/298/225 743/297/743
f 743/297/743 745/306/745 744/300/744
f 41/303/41 1757/302/1757 1761/309/1761
f 1761/309/1761 746/310/746 228/311/228
f 1757/302/1757 226/304/226 746/310/746
f 746/310/746 1761/309/1761 1757/302/1757
f 228/311/228 747/312/747 1762/313/1762
f 1762/313/1762 1763/314/1763 42/315/42
f 747/312/747 229/316/229 1763/314/1763
f 1763/314/1763 1762/313/1762 747/312/747
f 226/304/226 1758/307/1758 748/317/748
f 748/317/748 1764/318/1764 229/316/229
f 1758/307/1758 40/308/40 1764/318/1764
f 1764/318/1764 748/317/748 1758/307/1758
f 229/316/229 747/312/747 748/317/748
f 748/317/748 746/310/746 226/304/226
f 747/312/747 228/311/228 746/310/746
f 746/310/746 748/317/748 747/312/747
f 43/319/43 1770/320/1770 1765/321/1765
f 1765/321/1765 749/322/749 230/323/230
f 1770/320/1770 232/324/232 749/322/749
f 749/322/749 1765/321/1765 1770/320/1770
f 230/323/230 750/325/750 1766/326/1766
f 1766/326/1766 1767/327/1767 44/328/44
f 750/325/750 231/329/231 1767/327/1767
f 1767/327/1767 1766/326/1766 750/325/750
f 232/324/232 1769/330/1769 751/331/751
f 751/331/751 1768/332/1768 231/329/231
f 1769/330/1769 42/315/42 1768/332/1768
f 1768/332/1768 751/331/751 1769/330/1769
f 231/329/231 750/325/750 751/331/751
f 751/331/751 749/322/749 232/324/232
f 750/325/750 230/323/230 749/322/749
f 749/322/749 751/331/751 750/325/750
f 44/328/44 1767/327/1767 1771/333/1771
f 1771/333/1771 752/334/752 233/335/233
f 1767/327/1767 231/329/231 752/334/752
f 752/334/752 1771/333/1771 1767/327/1767
f 233/335/233 753/336/753 1772/337/1772
f 1772/337/1772 1764/318/1764 40/308/40
f 753/336/753 229/316/229 1764/318/1764
f 1764/318/1764 1772/337/1772 753/336/753
f 231/329/231 1768/332/1768 754/338/754
f 754/338/754 1763/314/1763 229/316/229
f 1768/332/1768 42/315/42 1763/314/1763
f 1763/314/1763 754/338/754 1768/332/1768
f 229/316/229 753/336/753 754/338/754
f 754/338/754 752/334/752 231/329/231
f 753/336/753 233/335/233 752/334/752
f 752/334/752 754/338/754 753/336/753
f 38/287/38 1751/284/1751 1773/339/1773
f 1773/339/1773 755/340/755 234/341/234
f 1751/284/1751 223/279/223 755/340/755
f 755/340/755 1773/339/1773 1751/284/1751
f 234/341/234 756/342/756 1774/343/1774
f 1774/343/1774 1775/344/1775 25/175/25
f 756/342/756 235/345/235 1775/344/1775
f 1775/344/1775 1774/343/1774 756/342/756
f 223/279/223 1752/275/1752 757/346/757
f 757/346/757 1776/347/1776 235/345/235
f 1752/275/1752 37/274/37 1776/347/1776
f 1776/347/1776 757/346/757 1752/275/1752
f 235/345/235 756/342/756 757/346/757
f 757/346/757 755/340/755 223/279/223
f 756/342/756 234/341/234 755/340/755
f 755/340/755 757/346/757 756/342/756
f 25/175/25 1775/344/1775 1706/173/1706
f 1706/173/1706 758/348/758 200/171/200
f 1775/344/1775 235/345/235 758/348/758
f 758/348/758 1706/173/1706 1775/344/1775
f 200/171/200 759/349/759 1705/169/1705
f 1705/169/1705 1777/350/1777 24/163/24
f 759/349/759 236/351/236 1777/350/1777
f 1777/350/1777 1705/169/1705 759/349/759
f 235/345/235 1776/347/1776 760/352/760
f 760/352/760 1778/353/1778 236/351/236
f 1776/347/1776 37/274/37 1778/353/1778
f 1778/353/1778 760/352/760 1776/347/1776
f 236/351/236 759/349/759 760/352/760
f 760/352/760 758/348/758 235/345/235
f 759/349/759 200/171/200 758/348/758
f 758/348/758 760/352/760 759/349/759
f 18/129/18 1782/354/1782 1694/130/1694
f 1694/130/1694 761/355/761 194/134/194
f 1782/354/1782 238/356/238 761/355/761
f 761/355/761 1694/130/1694 1782/354/1782
f 194/134/194 762/357/762 1693/140/1693
f 1693/140/1693 1779/358/1779 19/143/19
f 762/357/762 237/359/237 1779/358/1779
f 1779/358/1779 1693/140/1693 762/357/762
f 238/356/238 1781/360/1781 763/361/763
f 763/361/763 1780/362/1780 237/359/237
f 1781/360/1781 36/270/36 1780/362/1780
f 1780/362/1780 763/361/763 1781/360/1781
f 237/359/237 762/357/762 763/361/763
f 763/361/763 761/355/761 238/356/238
f 762/357/762 194/134/194 761/355/761
f 761/355/761 763/361/763 762/357/762
f 19/143/19 1779/358/1779 1783/363/1783
f 1783/363/1783 764/364/764 239/365/239
f 1779/358/1779 237/359/237 764/364/764
f 764/364/764 1783/363/1783 1779/358/1779
f 239/365/239 765/366/765 1784/367/1784
f 1784/367/1784 1746/273/1746 2/15/2
f 765/366/765 220/271/220 1746/273/1746
f 1746/273/1746 1784/367/1784 765/366/765
f 237/359/237 1780/362/1780 766/368/766
f 766/368/766 1745/269/1745 220/271/220
f 1780/362/1780 36/270/36 1745/269/1745
f 1745/269/1745 766/368/766 1780/362/1780
f 220/271/220 765/366/765 766/368/766
f 766/368/766 764/364/764 237/359/237
f 765/366/765 239/365/239 764/364/764
f 764/364/764 766/368/766 765/366/765
f 9/50/9 1788/369/1788 1654/48/1654
f 1654/48/1654 767/370/767 174/45/174
f 1788/369/1788 241/371/241 767/370/767
f 767/370/767 1654/48/1654 1788/369/1788
f 174/45/174 768/372/768 1653/43/1653
f 1653/43/1653 1785/373/1785 8/41/8
f 768/372/768 240/374/240 1785/373/1785
f 1785/373/1785 1653/43/1653 768/372/768
f 241/371/241 1787/375/1787 769/376/769
f 769/376/769 1786/377/1786 240/374/240
f 1787/375/1787 10/61/10 1786/377/1786
f 1786/377/1786 769/376/769 1787/375/1787
f 240/374/240 768/372/768 769/376/769
f 769/376/769 767/370/767 241/371/241
f 768/372/768 174/45/174 767/370/767
f 767/370/767 769/376/769 768/372/768
f 8/41/8 1785/373/1785 1789/378/1789
f 1789/378/1789 770/379/770 242/380/242
f 1785/373/1785 240/374/240 770/379/770
f 770/379/770 1789/378/1789 1785/373/1785
f 771/381/771 178/65/178 1662/68/1662
f 240/374/240 1786/377/1786 772/382/772
f 772/382/772 1661/63/1661 178/65/178
f 1786/377/1786 10/61/10 1661/63/1661
f 1661/63/1661 772/382/772 1786/377/1786
f 178/65/178 771/381/771 772/382/772
f 772/382/772 770/379/770 240/374/240
f 771/381/771 242/380/242 770/379/770
f 770/379/770 772/382/772 771/381/771
f 7/37/7 1793/383/1793 1650/35/1650
f 1650/35/1650 773/384/773 172/33/172
f 1793/383/1793 244/385/244 773/384/773
f 773/384/773 1650/35/1650 1793/383/1793
f 172/33/172 774/386/774 1649/31/1649
f 1649/31/1649 1790/387/1790 6/25/6
f 774/386/774 243/388/243 1790/387/1790
f 1790/387/1790 1649/31/1649 774/386/774
f 244/385/244 1792/389/1792 775/390/775
f 775/390/775 1791/391/1791 243/388/243
f 1792/389/1792 45/392/45 1791/391/1791
f 1791/391/1791 775/390/775 1792/389/1792
f 243/388/243 774/386/774 775/390/775
f 775/390/775 773/384/773 244/385/244
f 774/386/774 172/33/172 773/384/773
f 773/384/773 775/390/775 774/386/774
f 41/303/41 1797/393/1797 1756/301/1756
f 1756/301/1756 776/394/776 225/298/225
f 1797/393/1797 246/395/246 776/394/776
f 776/394/776 1756/301/1756 1797/393/1797
f 225/298/225 777/396/777 1755/296/1755
f 1755/296/1755 1794/397/1794 39/294/39
f 777/396/777 245/398/245 1794/397/1794
f 1794/397/1794 1755/296/1755 777/396/777
f 246/395/246 1796/399/1796 778/400/778
f 778/400/778 1795/401/1795 245/398/245
f 1796/399/1796 6/25/6 1795/401/1795
f 1795/401/1795 778/400/778 1796/399/1796
f 245/398/245 777/396/777 778/400/778
f 778/400/778 776/394/776 246/395/246
f 777/396/777 225/298/225 776/394/776
f 776/394/776 778/400/778 777/396/777
f 39/294/39 1794/397/1794 1798/402/1798
f 1798/402/1798 779/403/779 247/404/247
f 1794/397/1794 245/398/245 779/403/779
f 779/403/779 1798/402/1798 1794/397/1794
f 247/404/247 780/405/780 1799/406/1799
f 1799/406/1799 1791/391/1791 45/392/45
f 780/405/780 243/388/243 1791/391/1791
f 1791/391/1791 1799/406/1799 780/405/780
f 245/398/245 1795/401/1795 781/407/781
f 781/407/781 1790/387/1790 243/388/243
f 1795/401/1795 6/25/6 1790/387/1790
f 1790/387/1790 781/407/781 1795/401/1795
f 243/388/243 780/405/780 781/407/781
f 781/407/781 779/403/779 245/398/245
f 780/405/780 247/404/247 779/403/779
f 779/403/779 781/407/781 780/405/780
f 39/294/39 1798/402/1798 1800/408/1800
f 1800/408/1800 782/409/782 248/410/248
f 1798/402/1798 247/404/247 782/409/782
f 782/409/782 1800/408/1800 1798/402/1798
f 248/410/248 783/411/783 1801/412/1801
f 1801/412/1801 1802/413/1802 46/414/46
f 783/411/783 249/415/249 1802/413/1802
f 1802/413/1802 1801/412/1801 783/411/783
f 247/404/247 1799/406/1799 784/416/784
f 784/416/784 1803/417/1803 249/415/249
f 1799/406/1799 45/392/45 1803/417/1803
f 1803/417/1803 784/416/784 1799/406/1799
f 249/415/249 783/411/783 784/416/784
f 784/416/784 782/409/782 247/404/247
f 783/411/783 248/410/248 782/409/782
f 782/409/782 784/416/784 783/411/783
f 46/414/46 1802/413/1802 1804/418/1804
f 1804/418/1804 785/419/785 250/420/250
f 1802/413/1802 249/415/249 785/419/785
f 785/419/785 1804/418/1804 1802/413/1802
f 250/420/250 786/421/786 1805/422/1805
f 1805/422/1805 1806/423/1806 47/424/47
f 786/421/786 251/425/251 1806/423/1806
f 1806/423/1806 1805/422/1805 786/421/786
f 249/415/249 1803/417/1803 787/426/787
f 787/426/787 1807/427/1807 251/425/251
f 1803/417/1803 45/392/45 1807/427/1807
f 1807/427/1807 787/426/787 1803/417/1803
f 251/425/251 786/421/786 787/426/787
f 787/426/787 785/419/785 249/415/249
f 786/421/786 250/420/250 785/419/785
f 785/419/785 787/426/787 786/421/786
f 40/308/40 1759/305/1759 1808/428/1808
f 1808/428/1808 788/429/788 252/430/252
f 1759/305/1759 227/299/227 788/429/788
f 788/429/788 1808/428/1808 1759/305/1759
f 252/430/252 789/431/789 1809/432/1809
f 1809/432/1809 1810/433/1810 28/188/28
f 789/431/789 253/434/253 1810/433/1810
f 1810/433/1810 1809/432/1809 789/431/789
f 227/299/227 1760/295/1760 790/435/790
f 790/435/790 1811/436/1811 253/434/253
f 1760/295/1760 39/294/39 1811/436/1811
f 1811/436/1811 790/435/790 1760/295/1760
f 253/434/253 789/431/789 790/435/790
f 790/435/790 788/429/788 227/299/227
f 789/431/789 252/430/252 788/429/788
f 788/429/788 790/435/790 789/431/789
f 28/188/28 1810/433/1810 1812/437/1812
f 1812/437/1812 791/438/791 254/439/254
f 1810/433/1810 253/434/253 791/438/791
f 791/438/791 1812/437/1812 1810/433/1810
f 254/439/254 792/440/792 1813/441/1813
f 1813/441/1813 1801/412/1801 46/414/46
f 792/440/792 248/410/248 1801/412/1801
f 1801/412/1801 1813/441/1813 792/440/792
f 253/434/253 1811/436/1811 793/442/793
f 793/442/793 1800/408/1800 248/410/248
f 1811/436/1811 39/294/39 1800/408/1800
f 1800/408/1800 793/442/793 1811/436/1811
f 248/410/248 792/440/792 793/442/793
f 793/442/793 791/438/791 253/434/253
f 792/440/792 254/439/254 791/438/791
f 791/438/791 793/442/793 792/440/792
f 44/328/44 1771/333/1771 1814/443/1814
f 1814/443/1814 794/444/794 255/445/255
f 1771/333/1771 233/335/233 794/444/794
f 794/444/794 1814/443/1814 1771/333/1771
f 255/445/255 795/446/795 1815/447/1815
f 1815/447/1815 1816/448/1816 29/200/29
f 795/446/795 256/449/256 1816/448/1816
f 1816/448/1816 1815/447/1815 795/446/795
f 233/335/233 1772/337/1772 796/450/796
f 796/450/796 1817/451/1817 256/449/256
f 1772/337/1772 40/308/40 1817/451/1817
f 1817/451/1817 796/450/796 1772/337/1772
f 256/449/256 795/446/795 796/450/796
f 796/450/796 794/444/794 233/335/233
f 795/446/795 255/445/255 794/444/794
f 794/444/794 796/450/796 795/446/795
f 29/200/29 1816/448/1816 1716/198/1716
f 1716/198/1716 797/452/797 205/196/205
f 1816/448/1816 256/449/256 797/452/797
f 797/452/797 1716/198/1716 1816/448/1816
f 205/196/205 798/453/798 1715/194/1715
f 1715/194/1715 1809/432/1809 28/188/28
f 798/453/798 252/430/252 1809/432/1809
f 1809/432/1809 1715/194/1715 798/453/798
f 256/449/256 1817/451/1817 799/454/799
f 799/454/799 1808/428/1808 252/430/252
f 1817/451/1817 40/308/40 1808/428/1808
f 1808/428/1808 799/454/799 1817/451/1817
f 252/430/252 798/453/798 799/454/799
f 799/454/799 797/452/797 256/449/256
f 798/453/798 205/196/205 797/452/797
f 797/452/797 799/454/799 798/453/798
f 20/138/20 1695/144/1695 1818/455/1818
f 1818/455/1818 800/456/800 257/457/257
f 1695/144/1695 195/146/195 800/456/800
f 800/456/800 1818/455/1818 1695/144/1695
f 257/457/257 801/458/801 1819/459/1819
f 1819/459/1819 1820/460/1820 48/461/48
f 801/458/801 258/462/258 1820/460/1820
f 1820/460/1820 1819/459/1819 801/458/801
f 195/146/195 1696/148/1696 802/463/802
f 802/463/802 1821/464/1821 258/462/258
f 1696/148/1696 21/150/21 1821/464/1821
f 1821/464/1821 802/463/802 1696/148/1696
f 258/462/258 801/458/801 802/463/802
f 802/463/802 800/456/800 195/146/195
f 801/458/801 257/457/257 800/456/800
f 800/456/800 802/463/802 801/458/801
f 48/461/48 1820/460/1820 1822/465/1822
f 1822/465/1822 803/466/803 259/467/259
f 1820/460/1820 258/462/258 803/466/803
f 803/466/803 1822/465/1822 1820/460/1820
f 259/467/259 804/468/804 1823/469/1823
f 1823/469/1823 1824/470/1824 49/471/49
f 804/468/804 260/472/260 1824/470/1824
f 1824/470/1824 1823/469/1823 804/468/804
f 258/462/258 1821/464/1821 805/473/805
f 805/473/805 1825/474/1825 260/472/260
f 1821/464/1821 21/150/21 1825/474/1825
f 1825/474/1825 805/473/805 1821/464/1821
f 260/472/260 804/468/804 805/473/805
f 805/473/805 803/466/803 258/462/258
f 804/468/804 259/467/259 803/466/803
f 803/466/803 805/473/805 804/468/804
f 50/475/50 1831/476/1831 1826/477/1826
f 1826/477/1826 806/478/806 261/479/261
f 1831/476/1831 263/480/263 806/478/806
f 806/478/806 1826/477/1826 1831/476/1831
f 261/479/261 807/481/807 1827/482/1827
f 1827/482/1827 1828/483/1828 22/154/22
f 807/481/807 262/484/262 1828/483/1828
f 1828/483/1828 1827/482/1827 807/481/807
f 263/480/263 1830/485/1830 808/486/808
f 808/486/808 1829/487/1829 262/484/262
f 1830/485/1830 51/488/51 1829/487/1829
f 1829/487/1829 808/486/808 1830/485/1830
f 262/484/262 807/481/807 808/486/808
f 808/486/808 806/478/806 263/480/263
f 807/481/807 261/479/261 806/478/806
f 806/478/806 808/486/808 807/481/807
f 22/154/22 1828/483/1828 1704/155/1704
f 1704/155/1704 809/489/809 199/159/199
f 1828/483/1828 262/484/262 809/489/809
f 809/489/809 1704/155/1704 1828/483/1828
f 199/159/199 810/490/810 1703/165/1703
f 1703/165/1703 1832/491/1832 23/168/23
f 810/490/810 264/492/264 1832/491/1832
f 1832/491/1832 1703/165/1703 810/490/810
f 262/484/262 1829/487/1829 811/493/811
f 811/493/811 1833/494/1833 264/492/264
f 1829/487/1829 51/488/51 1833/494/1833
f 1833/494/1833 811/493/811 1829/487/1829
f 264/492/264 810/490/810 811/493/811
f 811/493/811 809/489/809 262/484/262
f 810/490/810 199/159/199 809/489/809
f 809/489/809 811/493/811 810/490/810
f 52/495/52 1839/496/1839 1834/497/1834
f 1834/497/1834 812/498/812 265/499/265
f 1839/496/1839 267/500/267 812/498/812
f 812/498/812 1834/497/1834 1839/496/1839
f 265/499/265 813/501/813 1835/502/1835
f 1835/502/1835 1836/503/1836 54/504/54
f 813/501/813 266/505/266 1836/503/1836
f 1836/503/1836 1835/502/1835 813/501/813
f 267/500/267 1838/506/1838 814/507/814
f 814/507/814 1837/508/1837 266/505/266
f 1838/506/1838 53/509/53 1837/508/1837
f 1837/508/1837 814/507/814 1838/506/1838
f 266/505/266 813/501/813 814/507/814
f 814/507/814 812/498/812 267/500/267
f 813/501/813 265/499/265 812/498/812
f 812/498/812 814/507/814 813/501/813
f 1836/503/1836 266/505/266 815/510/815
f 816/511/816 268/512/268 1840/513/1840
f 266/505/266 1837/508/1837 817/514/817
f 817/514/817 1841/515/1841 268/512/268
f 1837/508/1837 53/509/53 1841/515/1841
f 1841/515/1841 817/514/817 1837/508/1837
f 268/512/268 816/511/816 817/514/817
f 817/514/817 815/510/815 266/505/266
f 815/510/815 817/514/817 816/511/816
f 49/471/49 1845/516/1845 1823/469/1823
f 1823/469/1823 818/517/818 259/467/259
f 1845/516/1845 270/518/270 818/517/818
f 818/517/818 1823/469/1823 1845/516/1845
f 259/467/259 819/519/819 1822/465/1822
f 1822/465/1822 1842/520/1842 48/461/48
f 819/519/819 269/521/269 1842/520/1842
f 1842/520/1842 1822/465/1822 819/519/819
f 270/518/270 1844/522/1844 820/523/820
f 820/523/820 1843/524/1843 269/521/269
f 1844/522/1844 33/237/33 1843/524/1843
f 1843/524/1843 820/523/820 1844/522/1844
f 269/521/269 819/519/819 820/523/820
f 820/523/820 818/517/818 270/518/270
f 819/519/819 259/467/259 818/517/818
f 818/517/818 820/523/820 819/519/819
f 48/461/48 1842/520/1842 1846/525/1846
f 1846/525/1846 821/526/821 271/527/271
f 1842/520/1842 269/521/269 821/526/821
f 821/526/821 1846/525/1846 1842/520/1842
f 271/527/271 822/528/822 1847/529/1847
f 1847/529/1847 1736/248/1736 34/250/34
f 822/528/822 215/246/215 1736/248/1736
f 1736/248/1736 1847/529/1847 822/528/822
f 269/521/269 1843/524/1843 823/530/823
f 823/530/823 1735/244/1735 215/246/215
f 1843/524/1843 33/237/33 1735/244/1735
f 1735/244/1735 823/530/823 1843/524/1843
f 215/246/215 822/528/822 823/530/823
f 823/530/823 821/526/821 269/521/269
f 822/528/822 271/527/271 821/526/821
f 821/526/821 823/530/823 822/528/822
f 51/488/51 1853/531/1853 1848/532/1848
f 1848/532/1848 824/533/824 272/534/272
f 1853/531/1853 274/535/274 824/533/824
f 824/533/824 1848/532/1848 1853/531/1853
f 272/534/272 825/536/825 1849/537/1849
f 1849/537/1849 1850/538/1850 49/471/49
f 825/536/825 273/539/273 1850/538/1850
f 1850/538/1850 1849/537/1849 825/536/825
f 274/535/274 1852/540/1852 826/541/826
f 826/541/826 1851/542/1851 273/539/273
f 1852/540/1852 30/210/30 1851/542/1851
f 1851/542/1851 826/541/826 1852/540/1852
f 273/539/273 825/536/825 826/541/826
f 826/541/826 824/533/824 274/535/274
f 825/536/825 272/534/272 824/533/824
f 824/533/824 826/541/826 825/536/825
f 49/471/49 1850/538/1850 1845/516/1845
f 1845/516/1845 827/543/827 270/518/270
f 1850/538/1850 273/539/273 827/543/827
f 827/543/827 1845/516/1845 1850/538/1850
f 270/518/270 828/544/828 1844/522/1844
f 1844/522/1844 1734/243/1734 33/237/33
f 828/544/828 214/241/214 1734/243/1734
f 1734/243/1734 1844/522/1844 828/544/828
f 273/539/273 1851/542/1851 829/545/829
f 829/545/829 1733/240/1733 214/241/214
f 1851/542/1851 30/210/30 1733/240/1733
f 1733/240/1733 829/545/829 1851/542/1851
f 214/241/214 828/544/828 829/545/829
f 829/545/829 827/543/827 273/539/273
f 828/544/828 270/518/270 827/543/827
f 827/543/827 829/545/829 828/544/828
f 21/150/21 1857/546/1857 1825/474/1825
f 1825/474/1825 830/547/830 260/472/260
f 1857/546/1857 276/548/276 830/547/830
f 830/547/830 1825/474/1825 1857/546/1857
f 260/472/260 831/549/831 1824/470/1824
f 1824/470/1824 1854/550/1854 49/471/49
f 831/549/831 275/551/275 1854/550/1854
f 1854/550/1854 1824/470/1824 831/549/831
f 276/548/276 1856/552/1856 832/553/832
f 832/553/832 1855/554/1855 275/551/275
f 1856/552/1856 23/168/23 1855/554/1855
f 1855/554/1855 832/553/832 1856/552/1856
f 275/551/275 831/549/831 832/553/832
f 832/553/832 830/547/830 276/548/276
f 831/549/831 260/472/260 830/547/830
f 830/547/830 832/553/832 831/549/831
f 49/471/49 1854/550/1854 1849/537/1849
f 1849/537/1849 833/555/833 272/534/272
f 1854/550/1854 275/551/275 833/555/833
f 833/555/833 1849/537/1849 1854/550/1854
f 272/534/272 834/556/834 1848/532/1848
f 1848/532/1848 1833/494/1833 51/488/51
f 834/556/834 264/492/264 1833/494/1833
f 1833/494/1833 1848/532/1848 834/556/834
f 275/551/275 1855/554/1855 835/557/835
f 835/557/835 1832/491/1832 264/492/264
f 1855/554/1855 23/168/23 1832/491/1832
f 1832/491/1832 835/557/835 1855/554/1855
f 264/492/264 834/556/834 835/557/835
f 835/557/835 833/555/833 275/551/275
f 834/556/834 272/534/272 833/555/833
f 833/555/833 835/557/835 834/556/834
f 19/143/19 1861/558/1861 1698/153/1698
f 1698/153/1698 836/559/836 196/151/196
f 1861/558/1861 278/560/278 836/559/836
f 836/559/836 1698/153/1698 1861/558/1861
f 196/151/196 837/561/837 1697/149/1697
f 1697/149/1697 1858/562/1858 21/150/21
f 837/561/837 277/563/277 1858/562/1858
f 1858/562/1858 1697/149/1697 837/561/837
f 278/560/278 1860/564/1860 838/565/838
f 838/565/838 1859/566/1859 277/563/277
f 1860/564/1860 25/175/25 1859/566/1859
f 1859/566/1859 838/565/838 1860/564/1860
f 277/563/277 837/561/837 838/565/838
f 838/565/838 836/559/836 278/560/278
f 837/561/837 196/151/196 836/559/836
f 836/559/836 838/565/838 837/561/837
f 21/150/21 1858/562/1858 1857/546/1857
f 1857/546/1857 839/567/839 276/548/276
f 1858/562/1858 277/563/277 839/567/839
f 839/567/839 1857/546/1857 1858/562/1858
f 276/548/276 840/568/840 1856/552/1856
f 1856/552/1856 1708/178/1708 23/168/23
f 840/568/840 201/176/201 1708/178/1708
f 1708/178/1708 1856/552/1856 840/568/840
f 277/563/277 1859/566/1859 841/569/841
f 841/569/841 1707/174/1707 201/176/201
f 1859/566/1859 25/175/25 1707/174/1707
f 1707/174/1707 841/569/841 1859/566/1859
f 201/176/201 840/568/840 841/569/841
f 841/569/841 839/567/839 277/563/277
f 840/568/840 276/548/276 839/567/839
f 839/567/839 841/569/841 840/568/840
f 38/287/38 1773/339/1773 1862/570/1862
f 1862/570/1862 842/571/842 279/572/279
f 1773/339/1773 234/341/234 842/571/842
f 842/571/842 1862/570/1862 1773/339/1773
f 279/572/279 843/573/843 1863/574/1863
f 1863/574/1863 1864/575/1864 2/15/2
f 843/573/843 280/576/280 1864/575/1864
f 1864/575/1864 1863/574/1863 843/573/843
f 234/341/234 1774/343/1774 844/577/844
f 844/577/844 1865/578/1865 280/576/280
f 1774/343/1774 25/175/25 1865/578/1865
f 1865/578/1865 844/577/844 1774/343/1774
f 280/576/280 843/573/843 844/577/844
f 844/577/844 842/571/842 234/341/234
f 843/573/843 279/572/279 842/571/842
f 842/571/842 844/577/844 843/573/843
f 2/15/2 1864/575/1864 1784/367/1784
f 1784/367/1784 845/579/845 239/365/239
f 1864/575/1864 280/576/280 845/579/845
f 845/579/845 1784/367/1784 1864/575/1864
f 239/365/239 846/580/846 1783/363/1783
f 1783/363/1783 1861/558/1861 19/143/19
f 846/580/846 278/560/278 1861/558/1861
f 1861/558/1861 1783/363/1783 846/580/846
f 280/576/280 1865/578/1865 847/581/847
f 847/581/847 1860/564/1860 278/560/278
f 1865/578/1865 25/175/25 1860/564/1860
f 1860/564/1860 847/581/847 1865/578/1865
f 278/560/278 846/580/846 847/581/847
f 847/581/847 845/579/845 280/576/280
f 846/580/846 239/365/239 845/579/845
f 845/579/845 847/581/847 846/580/846
f 13/89/13 1753/290/1753 1866/582/1866
f 1866/582/1866 848/583/848 281/584/281
f 1753/290/1753 224/291/224 848/583/848
f 848/583/848 1866/582/1866 1753/290/1753
f 281/584/281 849/585/849 1867/586/1867
f 1867/586/1867 1868/587/1868 1/1/1
f 849/585/849 282/588/282 1868/587/1868
f 1868/587/1868 1867/586/1867 849/585/849
f 224/291/224 1754/293/1754 850/589/850
f 850/589/850 1869/590/1869 282/588/282
f 1754/293/1754 38/287/38 1869/590/1869
f 1869/590/1869 850/589/850 1754/293/1754
f 282/588/282 849/585/849 850/589/850
f 850/589/850 848/583/848 224/291/224
f 849/585/849 281/584/281 848/583/848
f 848/583/848 850/589/850 849/585/849
f 1/1/1 1868/587/1868 1642/2/1642
f 1642/2/1642 851/591/851 168/6/168
f 1868/587/1868 282/588/282 851/591/851
f 851/591/851 1642/2/1642 1868/587/1868
f 168/6/168 852/592/852 1641/12/1641
f 1641/12/1641 1863/574/1863 2/15/2
f 852/592/852 279/572/279 1863/574/1863
f 1863/574/1863 1641/12/1641 852/592/852
f 282/588/282 1869/590/1869 853/593/853
f 853/593/853 1862/570/1862 279/572/279
f 1869/590/1869 38/287/38 1862/570/1862
f 1862/570/1862 853/593/853 1869/590/1869
f 279/572/279 852/592/852 853/593/853
f 853/593/853 851/591/851 282/588/282
f 852/592/852 168/6/168 851/591/851
f 851/591/851 853/593/853 852/592/852
f 15/96/15 1675/95/1675 1686/110/1686
f 1686/110/1686 854/594/854 190/114/190
f 1675/95/1675 185/97/185 854/594/854
f 854/594/854 1686/110/1686 1675/95/1675
f 190/114/190 855/595/855 1685/120/1685
f 1685/120/1685 1867/586/1867 1/1/1
f 855/595/855 281/584/281 1867/586/1867
f 1867/586/1867 1685/120/1685 855/595/855
f 185/97/185 1676/99/1676 856/596/856
f 856/596/856 1866/582/1866 281/584/281
f 1676/99/1676 13/89/13 1866/582/1866
f 1866/582/1866 856/596/856 1676/99/1676
f 281/584/281 855/595/855 856/596/856
f 856/596/856 854/594/854 185/97/185
f 855/595/855 190/114/190 854/594/854
f 854/594/854 856/596/856 855/595/855
f 27/193/27 1873/597/1873 1718/203/1718
f 1718/203/1718 857/598/857 206/201/206
f 1873/597/1873 284/599/284 857/598/857
f 857/598/857 1718/203/1718 1873/597/1873
f 206/201/206 858/600/858 1717/199/1717
f 1717/199/1717 1870/601/1870 29/200/29
f 858/600/858 283/602/283 1870/601/1870
f 1870/601/1870 1717/199/1717 858/600/858
f 284/599/284 1872/603/1872 859/604/859
f 859/604/859 1871/605/1871 283/602/283
f 1872/603/1872 50/475/50 1871/605/1871
f 1871/605/1871 859/604/859 1872/603/1872
f 283/602/283 858/600/858 859/604/859
f 859/604/859 857/598/857 284/599/284
f 858/600/858 206/201/206 857/598/857
f 857/598/857 859/604/859 858/600/858
f 29/200/29 1870/601/1870 1874/606/1874
f 1874/606/1874 860/607/860 285/608/285
f 1870/601/1870 283/602/283 860/607/860
f 860/607/860 1874/606/1874 1870/601/1870
f 285/608/285 861/609/861 1875/610/1875
f 1875/610/1875 1827/482/1827 22/154/22
f 861/609/861 261/479/261 1827/482/1827
f 1827/482/1827 1875/610/1875 861/609/861
f 283/602/283 1871/605/1871 862/611/862
f 862/611/862 1826/477/1826 261/479/261
f 1871/605/1871 50/475/50 1826/477/1826
f 1826/477/1826 862/611/862 1871/605/1871
f 261/479/261 861/609/861 862/611/862
f 862/611/862 860/607/860 283/602/283
f 861/609/861 285/608/285 860/607/860
f 860/607/860 862/611/862 861/609/861
f 52/495/52 1879/612/1879 1839/496/1839
f 1839/496/1839 863/613/863 267/500/267
f 1879/612/1879 287/614/287 863/613/863
f 863/613/863 1839/496/1839 1879/612/1879
f 267/500/267 864/615/864 1838/506/1838
f 1838/506/1838 1876/616/1876 53/509/53
f 864/615/864 286/617/286 1876/616/1876
f 1876/616/1876 1838/506/1838 864/615/864
f 287/614/287 1878/618/1878 865/619/865
f 865/619/865 1877/620/1877 286/617/286
f 1878/618/1878 14/84/14 1877/620/1877
f 1877/620/1877 865/619/865 1878/618/1878
f 286/617/286 864/615/864 865/619/865
f 865/619/865 863/613/863 287/614/287
f 864/615/864 267/500/267 863/613/863
f 863/613/863 865/619/865 864/615/864
f 53/509/53 1876/616/1876 1880/621/1880
f 1880/621/1880 866/622/866 288/623/288
f 1876/616/1876 286/617/286 866/622/866
f 866/622/866 1880/621/1880 1876/616/1876
f 288/623/288 867/624/867 1881/625/1881
f 1881/625/1881 1678/104/1678 16/106/16
f 867/624/867 186/102/186 1678/104/1678
f 1678/104/1678 1881/625/1881 867/624/867
f 286/617/286 1877/620/1877 868/626/868
f 868/626/868 1677/100/1677 186/102/186
f 1877/620/1877 14/84/14 1677/100/1677
f 1677/100/1677 868/626/868 1877/620/1877
f 186/102/186 867/624/867 868/626/868
f 868/626/868 866/622/866 286/617/286
f 867/624/867 288/623/288 866/622/866
f 866/622/866 868/626/868 867/624/867
f 55/627/55 1887/628/1887 1882/629/1882
f 1882/629/1882 869/630/869 289/631/289
f 1887/628/1887 291/632/291 869/630/869
f 869/630/869 1882/629/1882 1887/628/1887
f 289/631/289 870/633/870 1883/634/1883
f 1883/634/1883 1884/635/1884 56/636/56
f 870/633/870 290/637/290 1884/635/1884
f 1884/635/1884 1883/634/1883 870/633/870
f 291/632/291 1886/638/1886 871/639/871
f 871/639/871 1885/640/1885 290/637/290
f 1886/638/1886 53/509/53 1885/640/1885
f 1885/640/1885 871/639/871 1886/638/1886
f 290/637/290 870/633/870 871/639/871
f 871/639/871 869/630/869 291/632/291
f 870/633/870 289/631/289 869/630/869
f 869/630/869 871/639/871 870/633/870
f 56/636/56 1884/635/1884 1888/641/1888
f 1888/641/1888 872/642/872 292/643/292
f 1884/635/1884 290/637/290 872/642/872
f 872/642/872 1888/641/1888 1884/635/1884
f 292/643/292 873/644/873 1889/645/1889
f 1889/645/1889 1881/625/1881 16/106/16
f 873/644/873 288/623/288 1881/625/1881
f 1881/625/1881 1889/645/1889 873/644/873
f 290/637/290 1885/640/1885 874/646/874
f 874/646/874 1880/621/1880 288/623/288
f 1885/640/1885 53/509/53 1880/621/1880
f 1880/621/1880 874/646/874 1885/640/1885
f 288/623/288 873/644/873 874/646/874
f 874/646/874 872/642/872 290/637/290
f 873/644/873 292/643/292 872/642/872
f 872/642/872 874/646/874 873/644/873
f 27/193/27 1719/204/1719 1873/597/1873
f 1873/597/1873 875/647/875 284/599/284
f 1719/204/1719 207/206/207 875/647/875
f 875/647/875 1873/597/1873 1719/204/1719
f 284/599/284 876/648/876 1872/603/1872
f 1872/603/1872 1890/649/1890 50/475/50
f 876/648/876 293/650/293 1890/649/1890
f 1890/649/1890 1872/603/1872 876/648/876
f 207/206/207 1720/208/1720 877/651/877
f 877/651/877 1891/652/1891 293/650/293
f 1720/208/1720 30/210/30 1891/652/1891
f 1891/652/1891 877/651/877 1720/208/1720
f 293/650/293 876/648/876 877/651/877
f 877/651/877 875/647/875 207/206/207
f 876/648/876 284/599/284 875/647/875
f 875/647/875 877/651/877 876/648/876
f 50/475/50 1890/649/1890 1831/476/1831
f 1831/476/1831 878/653/878 263/480/263
f 1890/649/1890 293/650/293 878/653/878
f 878/653/878 1831/476/1831 1890/649/1890
f 263/480/263 879/654/879 1830/485/1830
f 1830/485/1830 1853/531/1853 51/488/51
f 879/654/879 274/535/274 1853/531/1853
f 1853/531/1853 1830/485/1830 879/654/879
f 293/650/293 1891/652/1891 880/655/880
f 880/655/880 1852/540/1852 274/535/274
f 1891/652/1891 30/210/30 1852/540/1852
f 1852/540/1852 880/655/880 1891/652/1891
f 274/535/274 879/654/879 880/655/880
f 880/655/880 878/653/878 293/650/293
f 879/654/879 263/480/263 878/653/878
f 878/653/878 880/655/880 879/654/879
f 17/118/17 1895/656/1895 1682/116/1682
f 1682/116/1682 881/657/881 188/113/188
f 1895/656/1895 295/658/295 881/657/881
f 881/657/881 1682/116/1682 1895/656/1895
f 188/113/188 882/659/882 1681/111/1681
f 1681/111/1681 1892/660/1892 15/96/15
f 882/659/882 294/661/294 1892/660/1892
f 1892/660/1892 1681/111/1681 882/659/882
f 295/658/295 1894/662/1894 883/663/883
f 883/663/883 1893/664/1893 294/661/294
f 1894/662/1894 57/665/57 1893/664/1893
f 1893/664/1893 883/663/883 1894/662/1894
f 294/661/294 882/659/882 883/663/883
f 883/663/883 881/657/881 295/658/295
f 882/659/882 188/113/188 881/657/881
f 881/657/881 883/663/883 882/659/882
f 15/96/15 1892/660/1892 1680/109/1680
f 1680/109/1680 884/666/884 187/107/187
f 1892/660/1892 294/661/294 884/666/884
f 884/666/884 1680/109/1680 1892/660/1892
f 187/107/187 885/667/885 1679/105/1679
f 1679/105/1679 1896/668/1896 16/106/16
f 885/667/885 296/669/296 1896/668/1896
f 1896/668/1896 1679/105/1679 885/667/885
f 294/661/294 1893/664/1893 886/670/886
f 886/670/886 1897/671/1897 296/669/296
f 1893/664/1893 57/665/57 1897/671/1897
f 1897/671/1897 886/670/886 1893/664/1893
f 296/669/296 885/667/885 886/670/886
f 886/670/886 884/666/884 294/661/294
f 885/667/885 187/107/187 884/666/884
f 884/666/884 886/670/886 885/667/885
f 57/665/57 1901/672/1901 1897/671/1897
f 1897/671/1897 887/673/887 296/669/296
f 1901/672/1901 298/674/298 887/673/887
f 887/673/887 1897/671/1897 1901/672/1901
f 296/669/296 888/675/888 1896/668/1896
f 1896/668/1896 1898/676/1898 16/106/16
f 888/675/888 297/677/297 1898/676/1898
f 1898/676/1898 1896/668/1896 888/675/888
f 298/674/298 1900/678/1900 889/679/889
f 889/679/889 1899/680/1899 297/677/297
f 1900/678/1900 58/681/58 1899/680/1899
f 1899/680/1899 889/679/889 1900/678/1900
f 297/677/297 888/675/888 889/679/889
f 889/679/889 887/673/887 298/674/298
f 888/675/888 296/669/296 887/673/887
f 887/673/887 889/679/889 888/675/888
f 16/106/16 1898/676/1898 1889/645/1889
f 1889/645/1889 890/682/890 292/643/292
f 1898/676/1898 297/677/297 890/682/890
f 890/682/890 1889/645/1889 1898/676/1898
f 292/643/292 891/683/891 1888/641/1888
f 1888/641/1888 1902/684/1902 56/636/56
f 891/683/891 299/685/299 1902/684/1902
f 1902/684/1902 1888/641/1888 891/683/891
f 297/677/297 1899/680/1899 892/686/892
f 892/686/892 1903/687/1903 299/685/299
f 1899/680/1899 58/681/58 1903/687/1903
f 1903/687/1903 892/686/892 1899/680/1899
f 299/685/299 891/683/891 892/686/892
f 892/686/892 890/682/890 297/677/297
f 891/683/891 292/643/292 890/682/890
f 890/682/890 892/686/892 891/683/891
f 12/75/12 1667/77/1667 1904/688/1904
f 1904/688/1904 893/689/893 300/690/300
f 1667/77/1667 181/79/181 893/689/893
f 893/689/893 1904/688/1904 1667/77/1667
f 300/690/300 894/691/894 1905/692/1905
f 1905/692/1905 1906/693/1906 59/694/59
f 894/691/894 301/695/301 1906/693/1906
f 1906/693/1906 1905/692/1905 894/691/894
f 181/79/181 1668/82/1668 895/696/895
f 895/696/895 1907/697/1907 301/695/301
f 1668/82/1668 14/84/14 1907/697/1907
f 1907/697/1907 895/696/895 1668/82/1668
f 301/695/301 894/691/894 895/696/895
f 895/696/895 893/689/893 181/79/181
f 894/691/894 300/690/300 893/689/893
f 893/689/893 895/696/895 894/691/894
f 59/694/59 1906/693/1906 1908/698/1908
f 1908/698/1908 896/699/896 302/700/302
f 1906/693/1906 301/695/301 896/699/896
f 896/699/896 1908/698/1908 1906/693/1906
f 302/700/302 897/701/897 1909/702/1909
f 1909/702/1909 1879/612/1879 52/495/52
f 897/701/897 287/614/287 1879/612/1879
f 1879/612/1879 1909/702/1909 897/701/897
f 301/695/301 1907/697/1907 898/703/898
f 898/703/898 1878/618/1878 287/614/287
f 1907/697/1907 14/84/14 1878/618/1878
f 1878/618/1878 898/703/898 1907/697/1907
f 287/614/287 897/701/897 898/703/898
f 898/703/898 896/699/896 301/695/301
f 897/701/897 302/700/302 896/699/896
f 896/699/896 898/703/898 897/701/897
f 43/319/43 1915/704/1915 1910/705/1910
f 1910/705/1910 899/706/899 303/707/303
f 1915/704/1915 305/708/305 899/706/899
f 899/706/899 1910/705/1910 1915/704/1915
f 303/707/303 900/709/900 1911/710/1911
f 1911/710/1911 1912/711/1912 59/694/59
f 900/709/900 304/712/304 1912/711/1912
f 1912/711/1912 1911/710/1911 900/709/900
f 305/708/305 1914/713/1914 901/714/901
f 901/714/901 1913/715/1913 304/712/304
f 1914/713/1914 37/274/37 1913/715/1913
f 1913/715/1913 901/714/901 1914/713/1914
f 304/712/304 900/709/900 901/714/901
f 901/714/901 899/706/899 305/708/305
f 900/709/900 303/707/303 899/706/899
f 899/706/899 901/714/901 900/709/900
f 59/694/59 1912/711/1912 1905/692/1905
f 1905/692/1905 902/716/902 300/690/300
f 1912/711/1912 304/712/304 902/716/902
f 902/716/902 1905/692/1905 1912/711/1912
f 300/690/300 903/717/903 1904/688/1904
f 1904/688/1904 1748/281/1748 12/75/12
f 903/717/903 221/278/221 1748/281/1748
f 1748/281/1748 1904/688/1904 903/717/903
f 304/712/304 1913/715/1913 904/718/904
f 904/718/904 1747/276/1747 221/278/221
f 1913/715/1913 37/274/37 1747/276/1747
f 1747/276/1747 904/718/904 1913/715/1913
f 221/278/221 903/717/903 904/718/904
f 904/718/904 902/716/902 304/712/304
f 903/717/903 300/690/300 902/716/902
f 902/716/902 904/718/904 903/717/903
f 37/274/37 1914/713/1914 1778/353/1778
f 1778/353/1778 905/719/905 236/351/236
f 1914/713/1914 305/708/305 905/719/905
f 905/719/905 1778/353/1778 1914/713/1914
f 236/351/236 906/720/906 1777/350/1777
f 1777/350/1777 1916/721/1916 24/163/24
f 906/720/906 306/722/306 1916/721/1916
f 1916/721/1916 1777/350/1777 906/720/906
f 305/708/305 1915/704/1915 907/723/907
f 907/723/907 1917/724/1917 306/722/306
f 1915/704/1915 43/319/43 1917/724/1917
f 1917/724/1917 907/723/907 1915/704/1915
f 306/722/306 906/720/906 907/723/907
f 907/723/907 905/719/905 305/708/305
f 906/720/906 236/351/236 905/719/905
f 905/719/905 907/723/907 906/720/906
f 24/163/24 1916/721/1916 1918/725/1918
f 1918/725/1918 908/726/908 307/727/307
f 1916/721/1916 306/722/306 908/726/908
f 908/726/908 1918/725/1918 1916/721/1916
f 307/727/307 909/728/909 1919/729/1919
f 1919/729/1919 1766/326/1766 44/328/44
f 909/728/909 230/323/230 1766/326/1766
f 1766/326/1766 1919/729/1919 909/728/909
f 306/722/306 1917/724/1917 910/730/910
f 910/730/910 1765/321/1765 230/323/230
f 1917/724/1917 43/319/43 1765/321/1765
f 1765/321/1765 910/730/910 1917/724/1917
f 230/323/230 909/728/909 910/730/910
f 910/730/910 908/726/908 306/722/306
f 909/728/909 307/727/307 908/726/908
f 908/726/908 910/730/910 909/728/909
f 29/200/29 1874/606/1874 1815/447/1815
f 1815/447/1815 911/731/911 255/445/255
f 1874/606/1874 285/608/285 911/731/911
f 911/731/911 1815/447/1815 1874/606/1874
f 255/445/255 912/732/912 1814/443/1814
f 1814/443/1814 1920/733/1920 44/328/44
f 912/732/912 308/734/308 1920/733/1920
f 1920/733/1920 1814/443/1814 912/732/912
f 285/608/285 1875/610/1875 913/735/913
f 913/735/913 1921/736/1921 308/734/308
f 1875/610/1875 22/154/22 1921/736/1921
f 1921/736/1921 913/735/913 1875/610/1875
f 308/734/308 912/732/912 913/735/913
f 913/735/913 911/731/911 285/608/285
f 912/732/912 255/445/255 911/731/911
f 911/731/911 913/735/913 912/732/912
f 44/328/44 1920/733/1920 1919/729/1919
f 1919/729/1919 914/737/914 307/727/307
f 1920/733/1920 308/734/308 914/737/914
f 914/737/914 1919/729/1919 1920/733/1920
f 307/727/307 915/738/915 1918/725/1918
f 1918/725/1918 1700/161/1700 24/163/24
f 915/738/915 197/158/197 1700/161/1700
f 1700/161/1700 1918/725/1918 915/738/915
f 308/734/308 1921/736/1921 916/739/916
f 916/739/916 1699/156/1699 197/158/197
f 1921/736/1921 22/154/22 1699/156/1699
f 1699/156/1699 916/739/916 1921/736/1921
f 197/158/197 915/738/915 916/739/916
f 916/739/916 914/737/914 308/734/308
f 915/738/915 307/727/307 914/737/914
f 914/737/914 916/739/916 915/738/915
f 1922/740/1922 1923/741/1923 55/627/55
f 917/742/917 309/743/309 1923/741/1923
f 1923/741/1923 1922/740/1922 917/742/917
f 918/744/918 1924/745/1924 309/743/309
f 309/743/309 917/742/917 918/744/918
f 55/627/55 1923/741/1923 1887/628/1887
f 1887/628/1887 919/746/919 291/632/291
f 1923/741/1923 309/743/309 919/746/919
f 919/746/919 1887/628/1887 1923/741/1923
f 291/632/291 920/747/920 1886/638/1886
f 1886/638/1886 1841/515/1841 53/509/53
f 920/747/920 268/512/268 1841/515/1841
f 1841/515/1841 1886/638/1886 920/747/920
f 309/743/309 1924/745/1924 921/748/921
f 921/748/921 1840/513/1840 268/512/268
f 1840/513/1840 921/748/921 1924/745/1924
f 268/512/268 920/747/920 921/748/921
f 921/748/921 919/746/919 309/743/309
f 920/747/920 291/632/291 919/746/919
f 919/746/919 921/748/921 920/747/920
f 60/749/60 1930/750/1930 1925/751/1925
f 1925/751/1925 922/752/922 310/753/310
f 1930/750/1930 312/754/312 922/752/922
f 922/752/922 1925/751/1925 1930/750/1930
f 310/753/310 923/755/923 1926/756/1926
f 1926/756/1926 1927/757/1927 62/758/62
f 923/755/923 311/759/311 1927/757/1927
f 1927/757/1927 1926/756/1926 923/755/923
f 312/754/312 1929/760/1929 924/761/924
f 924/761/924 1928/762/1928 311/759/311
f 1929/760/1929 61/763/61 1928/762/1928
f 1928/762/1928 924/761/924 1929/760/1929
f 311/759/311 923/755/923 924/761/924
f 924/761/924 922/752/922 312/754/312
f 923/755/923 310/753/310 922/752/922
f 922/752/922 924/761/924 923/755/923
f 62/758/62 1927/757/1927 1931/764/1931
f 1931/764/1931 925/765/925 313/766/313
f 1927/757/1927 311/759/311 925/765/925
f 925/765/925 1931/764/1931 1927/757/1927
f 313/766/313 926/767/926 1932/768/1932
f 1932/768/1932 1933/769/1933 63/770/63
f 926/767/926 314/771/314 1933/769/1933
f 1933/769/1933 1932/768/1932 926/767/926
f 311/759/311 1928/762/1928 927/772/927
f 927/772/927 1934/773/1934 314/771/314
f 1928/762/1928 61/763/61 1934/773/1934
f 1934/773/1934 927/772/927 1928/762/1928
f 314/771/314 926/767/926 927/772/927
f 927/772/927 925/765/925 311/759/311
f 926/767/926 313/766/313 925/765/925
f 925/765/925 927/772/927 926/767/926
f 64/774/64 1940/775/1940 1935/776/1935
f 1935/776/1935 928/777/928 315/778/315
f 1940/775/1940 317/779/317 928/777/928
f 928/777/928 1935/776/1935 1940/775/1940
f 315/778/315 929/780/929 1936/781/1936
f 1936/781/1936 1937/782/1937 65/783/65
f 929/780/929 316/784/316 1937/782/1937
f 1937/782/1937 1936/781/1936 929/780/929
f 317/779/317 1939/785/1939 930/786/930
f 930/786/930 1938/787/1938 316/784/316
f 1938/787/1938 930/786/930 1939/785/1939
f 316/784/316 929/780/929 930/786/930
f 930/786/930 928/777/928 317/779/317
f 929/780/929 315/778/315 928/777/928
f 928/777/928 930/786/930 929/780/929
f 66/788/66 1946/789/1946 1941/790/1941
f 1941/790/1941 931/791/931 318/792/318
f 1946/789/1946 320/793/320 931/791/931
f 931/791/931 1941/790/1941 1946/789/1946
f 318/792/318 932/794/932 1942/795/1942
f 1942/795/1942 1943/796/1943 67/797/67
f 932/794/932 319/798/319 1943/796/1943
f 1943/796/1943 1942/795/1942 932/794/932
f 320/793/320 1945/799/1945 933/800/933
f 933/800/933 1944/801/1944 319/798/319
f 1945/799/1945 60/749/60 1944/801/1944
f 1944/801/1944 933/800/933 1945/799/1945
f 319/798/319 932/794/932 933/800/933
f 933/800/933 931/791/931 320/793/320
f 932/794/932 318/792/318 931/791/931
f 931/791/931 933/800/933 932/794/932
f 67/797/67 1943/796/1943 1947/802/1947
f 1947/802/1947 934/803/934 321/804/321
f 1943/796/1943 319/798/319 934/803/934
f 934/803/934 1947/802/1947 1943/796/1943
f 321/804/321 935/805/935 1948/806/1948
f 1948/806/1948 1926/756/1926 62/758/62
f 935/805/935 310/753/310 1926/756/1926
f 1926/756/1926 1948/806/1948 935/805/935
f 319/798/319 1944/801/1944 936/807/936
f 936/807/936 1925/751/1925 310/753/310
f 1944/801/1944 60/749/60 1925/751/1925
f 1925/751/1925 936/807/936 1944/801/1944
f 310/753/310 935/805/935 936/807/936
f 936/807/936 934/803/934 319/798/319
f 935/805/935 321/804/321 934/803/934
f 934/803/934 936/807/936 935/805/935
f 68/808/68 1954/809/1954 1949/810/1949
f 1949/810/1949 937/811/937 322/812/322
f 1954/809/1954 324/813/324 937/811/937
f 937/811/937 1949/810/1949 1954/809/1954
f 322/812/322 938/814/938 1950/815/1950
f 1950/815/1950 1951/816/1951 70/817/70
f 938/814/938 323/818/323 1951/816/1951
f 1951/816/1951 1950/815/1950 938/814/938
f 324/813/324 1953/819/1953 939/820/939
f 939/820/939 1952/821/1952 323/818/323
f 1953/819/1953 69/822/69 1952/821/1952
f 1952/821/1952 939/820/939 1953/819/1953
f 323/818/323 938/814/938 939/820/939
f 939/820/939 937/811/937 324/813/324
f 938/814/938 322/812/322 937/811/937
f 937/811/937 939/820/939 938/814/938
f 70/817/70 1951/816/1951 1955/823/1955
f 1955/823/1955 940/824/940 325/825/325
f 1951/816/1951 323/818/323 940/824/940
f 940/824/940 1955/823/1955 1951/816/1951
f 325/825/325 941/826/941 1956/827/1956
f 1956/827/1956 1957/828/1957 71/829/71
f 941/826/941 326/830/326 1957/828/1957
f 1957/828/1957 1956/827/1956 941/826/941
f 323/818/323 1952/821/1952 942/831/942
f 942/831/942 1958/832/1958 326/830/326
f 1952/821/1952 69/822/69 1958/832/1958
f 1958/832/1958 942/831/942 1952/821/1952
f 326/830/326 941/826/941 942/831/942
f 942/831/942 940/824/940 323/818/323
f 941/826/941 325/825/325 940/824/940
f 940/824/940 942/831/942 941/826/941
f 69/822/69 1962/833/1962 1958/832/1958
f 1958/832/1958 943/834/943 326/830/326
f 1962/833/1962 328/835/328 943/834/943
f 943/834/943 1958/832/1958 1962/833/1962
f 326/830/326 944/836/944 1957/828/1957
f 1957/828/1957 1959/837/1959 71/829/71
f 944/836/944 327/838/327 1959/837/1959
f 1959/837/1959 1957/828/1957 944/836/944
f 328/835/328 1961/839/1961 945/840/945
f 945/840/945 1960/841/1960 327/838/327
f 1961/839/1961 72/842/72 1960/841/1960
f 1960/841/1960 945/840/945 1961/839/1961
f 327/838/327 944/836/944 945/840/945
f 945/840/945 943/834/943 328/835/328
f 944/836/944 326/830/326 943/834/943
f 943/834/943 945/840/945 944/836/944
f 71/829/71 1968/843/1968 1963/844/1963
f 1963/844/1963 946/845/946 329/846/329
f 1968/843/1968 331/847/331 946/845/946
f 946/845/946 1963/844/1963 1968/843/1968
f 329/846/329 947/848/947 1964/849/1964
f 1964/849/1964 1965/850/1965 73/851/73
f 947/848/947 330/852/330 1965/850/1965
f 1965/850/1965 1964/849/1964 947/848/947
f 331/847/331 1967/853/1967 948/854/948
f 948/854/948 1966/855/1966 330/852/330
f 1967/853/1967 17/856/17 1966/855/1966
f 1966/855/1966 948/854/948 1967/853/1967
f 330/852/330 947/848/947 948/854/948
f 948/854/948 946/845/946 331/847/331
f 947/848/947 329/846/329 946/845/946
f 946/845/946 948/854/948 947/848/947
f 73/851/73 1965/850/1965 1969/857/1969
f 1969/857/1969 949/858/949 332/859/332
f 1965/850/1965 330/852/330 949/858/949
f 949/858/949 1969/857/1969 1965/850/1965
f 332/859/332 950/860/950 1970/861/1970
f 1970/861/1970 1688/862/1688 3/863/3
f 950/860/950 191/864/191 1688/862/1688
f 1688/862/1688 1970/861/1970 950/860/950
f 330/852/330 1966/855/1966 951/865/951
f 951/865/951 1687/866/1687 191/864/191
f 1966/855/1966 17/856/17 1687/866/1687
f 1687/866/1687 951/865/951 1966/855/1966
f 191/864/191 950/860/950 951/865/951
f 951/865/951 949/858/949 330/852/330
f 950/860/950 332/859/332 949/858/949
f 949/858/949 951/865/951 950/860/950
f 18/867/18 1689/868/1689 1971/869/1971
f 1971/869/1971 952/870/952 333/871/333
f 1689/868/1689 192/872/192 952/870/952
f 952/870/952 1971/869/1971 1689/868/1689
f 333/871/333 953/873/953 1972/874/1972
f 1972/874/1972 1973/875/1973 74/876/74
f 953/873/953 334/877/334 1973/875/1973
f 1973/875/1973 1972/874/1972 953/873/953
f 192/872/192 1690/878/1690 954/879/954
f 954/879/954 1974/880/1974 334/877/334
f 1690/878/1690 20/881/20 1974/880/1974
f 1974/880/1974 954/879/954 1690/878/1690
f 334/877/334 953/873/953 954/879/954
f 954/879/954 952/870/952 192/872/192
f 953/873/953 333/871/333 952/870/952
f 952/870/952 954/879/954 953/873/953
f 74/876/74 1973/875/1973 1975/882/1975
f 1975/882/1975 955/883/955 335/884/335
f 1973/875/1973 334/877/334 955/883/955
f 955/883/955 1975/882/1975 1973/875/1973
f 335/884/335 956/885/956 1976/886/1976
f 1976/886/1976 1977/887/1977 75/888/75
f 956/885/956 336/889/336 1977/887/1977
f 1977/887/1977 1976/886/1976 956/885/956
f 334/877/334 1974/880/1974 957/890/957
f 957/890/957 1978/891/1978 336/889/336
f 1974/880/1974 20/881/20 1978/891/1978
f 1978/891/1978 957/890/957 1974/880/1974
f 336/889/336 956/885/956 957/890/957
f 957/890/957 955/883/955 334/877/334
f 956/885/956 335/884/335 955/883/955
f 955/883/955 957/890/957 956/885/956
f 76/892/76 1984/893/1984 1979/894/1979
f 1979/894/1979 958/895/958 337/896/337
f 1984/893/1984 339/897/339 958/895/958
f 958/895/958 1979/894/1979 1984/893/1984
f 337/896/337 959/898/959 1980/899/1980
f 1980/899/1980 1981/900/1981 78/901/78
f 959/898/959 338/902/338 1981/900/1981
f 1981/900/1981 1980/899/1980 959/898/959
f 339/897/339 1983/903/1983 960/904/960
f 960/904/960 1982/905/1982 338/902/338
f 1983/903/1983 77/906/77 1982/905/1982
f 1982/905/1982 960/904/960 1983/903/1983
f 338/902/338 959/898/959 960/904/960
f 960/904/960 958/895/958 339/897/339
f 959/898/959 337/896/337 958/895/958
f 958/895/958 960/904/960 959/898/959
f 78/901/78 1981/900/1981 1985/907/1985
f 1985/907/1985 961/908/961 340/909/340
f 1981/900/1981 338/902/338 961/908/961
f 961/908/961 1985/907/1985 1981/900/1981
f 340/909/340 962/910/962 1986/911/1986
f 1986/911/1986 1987/912/1987 79/913/79
f 962/910/962 341/914/341 1987/912/1987
f 1987/912/1987 1986/911/1986 962/910/962
f 338/902/338 1982/905/1982 963/915/963
f 963/915/963 1988/916/1988 341/914/341
f 1982/905/1982 77/906/77 1988/916/1988
f 1988/916/1988 963/915/963 1982/905/1982
f 341/914/341 962/910/962 963/915/963
f 963/915/963 961/908/961 338/902/338
f 962/910/962 340/909/340 961/908/961
f 961/908/961 963/915/963 962/910/962
f 80/917/80 1994/918/1994 1989/919/1989
f 1989/919/1989 964/920/964 342/921/342
f 1994/918/1994 344/922/344 964/920/964
f 964/920/964 1989/919/1989 1994/918/1994
f 342/921/342 965/923/965 1990/924/1990
f 1990/924/1990 1991/925/1991 82/926/82
f 965/923/965 343/927/343 1991/925/1991
f 1991/925/1991 1990/924/1990 965/923/965
f 344/922/344 1993/928/1993 966/929/966
f 966/929/966 1992/930/1992 343/927/343
f 1993/928/1993 81/931/81 1992/930/1992
f 1992/930/1992 966/929/966 1993/928/1993
f 343/927/343 965/923/965 966/929/966
f 966/929/966 964/920/964 344/922/344
f 965/923/965 342/921/342 964/920/964
f 964/920/964 966/929/966 965/923/965
f 82/926/82 1991/925/1991 1995/932/1995
f 1995/932/1995 967/933/967 345/934/345
f 1991/925/1991 343/927/343 967/933/967
f 967/933/967 1995/932/1995 1991/925/1991
f 345/934/345 968/935/968 1996/936/1996
f 1996/936/1996 1997/937/1997 83/938/83
f 968/935/968 346/939/346 1997/937/1997
f 1997/937/1997 1996/936/1996 968/935/968
f 343/927/343 1992/930/1992 969/940/969
f 969/940/969 1998/941/1998 346/939/346
f 1992/930/1992 81/931/81 1998/941/1998
f 1998/941/1998 969/940/969 1992/930/1992
f 346/939/346 968/935/968 969/940/969
f 969/940/969 967/933/967 343/927/343
f 968/935/968 345/934/345 967/933/967
f 967/933/967 969/940/969 968/935/968
f 84/942/84 2004/943/2004 1999/944/1999
f 1999/944/1999 970/945/970 347/946/347
f 2004/943/2004 349/947/349 970/945/970
f 970/945/970 1999/944/1999 2004/943/2004
f 347/946/347 971/948/971 2000/949/2000
f 2000/949/2000 2001/950/2001 35/260/35
f 971/948/971 348/951/348 2001/950/2001
f 2001/950/2001 2000/949/2000 971/948/971
f 349/947/349 2003/952/2003 972/953/972
f 972/953/972 2002/954/2002 348/951/348
f 2003/952/2003 83/938/83 2002/954/2002
f 2002/954/2002 972/953/972 2003/952/2003
f 348/951/348 971/948/971 972/953/972
f 972/953/972 970/945/970 349/947/349
f 971/948/971 347/946/347 970/945/970
f 970/945/970 972/953/972 971/948/971
f 35/260/35 2001/950/2001 2005/955/2005
f 2005/955/2005 973/956/973 350/957/350
f 2001/950/2001 348/951/348 973/956/973
f 973/956/973 2005/955/2005 2001/950/2001
f 350/957/350 974/958/974 2006/959/2006
f 2006/959/2006 1998/941/1998 81/931/81
f 974/958/974 346/939/346 1998/941/1998
f 1998/941/1998 2006/959/2006 974/958/974
f 348/951/348 2002/954/2002 975/960/975
f 975/960/975 1997/937/1997 346/939/346
f 2002/954/2002 83/938/83 1997/937/1997
f 1997/937/1997 975/960/975 2002/954/2002
f 346/939/346 974/958/974 975/960/975
f 975/960/975 973/956/973 348/951/348
f 974/958/974 350/957/350 973/956/973
f 973/956/973 975/960/975 974/958/974
f 85/961/85 2012/962/2012 2007/963/2007
f 2007/963/2007 976/964/976 351/965/351
f 2012/962/2012 353/966/353 976/964/976
f 976/964/976 2007/963/2007 2012/962/2012
f 351/965/351 977/967/977 2008/968/2008
f 2008/968/2008 2009/969/2009 87/970/87
f 977/967/977 352/971/352 2009/969/2009
f 2009/969/2009 2008/968/2008 977/967/977
f 353/966/353 2011/972/2011 978/973/978
f 978/973/978 2010/974/2010 352/971/352
f 2011/972/2011 86/975/86 2010/974/2010
f 2010/974/2010 978/973/978 2011/972/2011
f 352/971/352 977/967/977 978/973/978
f 978/973/978 976/964/976 353/966/353
f 977/967/977 351/965/351 976/964/976
f 976/964/976 978/973/978 977/967/977
f 87/970/87 2009/969/2009 2013/976/2013
f 2013/976/2013 979/977/979 354/978/354
f 2009/969/2009 352/971/352 979/977/979
f 979/977/979 2013/976/2013 2009/969/2009
f 354/978/354 980/979/980 2014/980/2014
f 2014/980/2014 2015/981/2015 88/982/88
f 980/979/980 355/983/355 2015/981/2015
f 2015/981/2015 2014/980/2014 980/979/980
f 352/971/352 2010/974/2010 981/984/981
f 981/984/981 2016/985/2016 355/983/355
f 2010/974/2010 86/975/86 2016/985/2016
f 2016/985/2016 981/984/981 2010/974/2010
f 355/983/355 980/979/980 981/984/981
f 981/984/981 979/977/979 352/971/352
f 980/979/980 354/978/354 979/977/979
f 979/977/979 981/984/981 980/979/980
f 80/917/80 2022/986/2022 2017/987/2017
f 2017/987/2017 982/988/982 356/989/356
f 2022/986/2022 358/990/358 982/988/982
f 982/988/982 2017/987/2017 2022/986/2022
f 356/989/356 983/991/983 2018/992/2018
f 2018/992/2018 2019/993/2019 89/994/89
f 983/991/983 357/995/357 2019/993/2019
f 2019/993/2019 2018/992/2018 983/991/983
f 358/990/358 2021/996/2021 984/997/984
f 984/997/984 2020/998/2020 357/995/357
f 2021/996/2021 85/961/85 2020/998/2020
f 2020/998/2020 984/997/984 2021/996/2021
f 357/995/357 983/991/983 984/997/984
f 984/997/984 982/988/982 358/990/358
f 983/991/983 356/989/356 982/988/982
f 982/988/982 984/997/984 983/991/983
f 89/994/89 2019/993/2019 2023/999/2023
f 2023/999/2023 985/1000/985 359/1001/359
f 2019/993/2019 357/995/357 985/1000/985
f 985/1000/985 2023/999/2023 2019/993/2019
f 359/1001/359 986/1002/986 2024/1003/2024
f 2024/1003/2024 2008/968/2008 87/970/87
f 986/1002/986 351/965/351 2008/968/2008
f 2008/968/2008 2024/1003/2024 986/1002/986
f 357/995/357 2020/998/2020 987/1004/987
f 987/1004/987 2007/963/2007 351/965/351
f 2020/998/2020 85/961/85 2007/963/2007
f 2007/963/2007 987/1004/987 2020/998/2020
f 351/965/351 986/1002/986 987/1004/987
f 987/1004/987 985/1000/985 357/995/357
f 986/1002/986 359/1001/359 985/1000/985
f 985/1000/985 987/1004/987 986/1002/986
f 81/931/81 1993/928/1993 2025/1005/2025
f 2025/1005/2025 988/1006/988 360/1007/360
f 1993/928/1993 344/922/344 988/1006/988
f 988/1006/988 2025/1005/2025 1993/928/1993
f 360/1007/360 989/1008/989 2026/1009/2026
f 2026/1009/2026 2027/1010/2027 90/1011/90
f 989/1008/989 361/1012/361 2027/1010/2027
f 2027/1010/2027 2026/1009/2026 989/1008/989
f 344/922/344 1994/918/1994 990/1013/990
f 990/1013/990 2028/1014/2028 361/1012/361
f 1994/918/1994 80/917/80 2028/1014/2028
f 2028/1014/2028 990/1013/990 1994/918/1994
f 361/1012/361 989/1008/989 990/1013/990
f 990/1013/990 988/1006/988 344/922/344
f 989/1008/989 360/1007/360 988/1006/988
f 988/1006/988 990/1013/990 989/1008/989
f 90/1011/90 2027/1010/2027 2029/1015/2029
f 2029/1015/2029 991/1016/991 362/1017/362
f 2027/1010/2027 361/1012/361 991/1016/991
f 991/1016/991 2029/1015/2029 2027/1010/2027
f 362/1017/362 992/1018/992 2030/1019/2030
f 2030/1019/2030 2018/992/2018 89/994/89
f 992/1018/992 356/989/356 2018/992/2018
f 2018/992/2018 2030/1019/2030 992/1018/992
f 361/1012/361 2028/1014/2028 993/1020/993
f 993/1020/993 2017/987/2017 356/989/356
f 2028/1014/2028 80/917/80 2017/987/2017
f 2017/987/2017 993/1020/993 2028/1014/2028
f 356/989/356 992/1018/992 993/1020/993
f 993/1020/993 991/1016/991 361/1012/361
f 992/1018/992 362/1017/362 991/1016/991
f 991/1016/991 993/1020/993 992/1018/992
f 35/260/35 2005/955/2005 1740/258/1740
f 1740/258/1740 994/1021/994 217/256/217
f 2005/955/2005 350/957/350 994/1021/994
f 994/1021/994 1740/258/1740 2005/955/2005
f 217/256/217 995/1022/995 1739/254/1739
f 1739/254/1739 2031/1023/2031 34/250/34
f 995/1022/995 363/1024/363 2031/1023/2031
f 2031/1023/2031 1739/254/1739 995/1022/995
f 350/957/350 2006/959/2006 996/1025/996
f 996/1025/996 2032/1026/2032 363/1024/363
f 2006/959/2006 81/931/81 2032/1026/2032
f 2032/1026/2032 996/1025/996 2006/959/2006
f 363/1024/363 995/1022/995 996/1025/996
f 996/1025/996 994/1021/994 350/957/350
f 995/1022/995 217/256/217 994/1021/994
f 994/1021/994 996/1025/996 995/1022/995
f 34/250/34 2031/1023/2031 2033/1027/2033
f 2033/1027/2033 997/1028/997 364/1029/364
f 2031/1023/2031 363/1024/363 997/1028/997
f 997/1028/997 2033/1027/2033 2031/1023/2031
f 364/1029/364 998/1030/998 2034/1031/2034
f 2034/1031/2034 2026/1009/2026 90/1011/90
f 998/1030/998 360/1007/360 2026/1009/2026
f 2026/1009/2026 2034/1031/2034 998/1030/998
f 363/1024/363 2032/1026/2032 999/1032/999
f 999/1032/999 2025/1005/2025 360/1007/360
f 2032/1026/2032 81/931/81 2025/1005/2025
f 2025/1005/2025 999/1032/999 2032/1026/2032
f 360/1007/360 998/1030/998 999/1032/999
f 999/1032/999 997/1028/997 363/1024/363
f 998/1030/998 364/1029/364 997/1028/997
f 997/1028/997 999/1032/999 998/1030/998
f 67/797/67 1947/802/1947 2035/1033/2035
f 2035/1033/2035 1000/1034/1000 365/1035/365
f 1947/802/1947 321/804/321 1000/1034/1000
f 1000/1034/1000 2035/1033/2035 1947/802/1947
f 365/1035/365 1001/1036/1001 2036/1037/2036
f 2036/1037/2036 2037/1038/2037 84/942/84
f 1001/1036/1001 366/1039/366 2037/1038/2037
f 2037/1038/2037 2036/1037/2036 1001/1036/1001
f 321/804/321 1948/806/1948 1002/1040/1002
f 1002/1040/1002 2038/1041/2038 366/1039/366
f 1948/806/1948 62/758/62 2038/1041/2038
f 2038/1041/2038 1002/1040/1002 1948/806/1948
f 366/1039/366 1001/1036/1001 1002/1040/1002
f 1002/1040/1002 1000/1034/1000 321/804/321
f 1001/1036/1001 365/1035/365 1000/1034/1000
f 1000/1034/1000 1002/1040/1002 1001/1036/1001
f 84/942/84 2037/1038/2037 2004/943/2004
f 2004/943/2004 1003/1042/1003 349/947/349
f 2037/1038/2037 366/1039/366 1003/1042/1003
f 1003/1042/1003 2004/943/2004 2037/1038/2037
f 349/947/349 1004/1043/1004 2003/952/2003
f 2003/952/2003 2039/1044/2039 83/938/83
f 1004/1043/1004 367/1045/367 2039/1044/2039
f 2039/1044/2039 2003/952/2003 1004/1043/1004
f 366/1039/366 2038/1041/2038 1005/1046/1005
f 1005/1046/1005 2040/1047/2040 367/1045/367
f 2038/1041/2038 62/758/62 2040/1047/2040
f 2040/1047/2040 1005/1046/1005 2038/1041/2038
f 367/1045/367 1004/1043/1004 1005/1046/1005
f 1005/1046/1005 1003/1042/1003 366/1039/366
f 1004/1043/1004 349/947/349 1003/1042/1003
f 1003/1042/1003 1005/1046/1005 1004/1043/1004
f 73/851/73 1969/857/1969 2041/1048/2041
f 2041/1048/2041 1006/1049/1006 368/1050/368
f 1969/857/1969 332/859/332 1006/1049/1006
f 1006/1049/1006 2041/1048/2041 1969/857/1969
f 368/1050/368 1007/1051/1007 2042/1052/2042
f 2042/1052/2042 2043/1053/2043 91/1054/91
f 1007/1051/1007 369/1055/369 2043/1053/2043
f 2043/1053/2043 2042/1052/2042 1007/1051/1007
f 332/859/332 1970/861/1970 1008/1056/1008
f 1008/1056/1008 2044/1057/2044 369/1055/369
f 1970/861/1970 3/863/3 2044/1057/2044
f 2044/1057/2044 1008/1056/1008 1970/861/1970
f 369/1055/369 1007/1051/1007 1008/1056/1008
f 1008/1056/1008 1006/1049/1006 332/859/332
f 1007/1051/1007 368/1050/368 1006/1049/1006
f 1006/1049/1006 1008/1056/1008 1007/1051/1007
f 91/1054/91 2043/1053/2043 2045/1058/2045
f 2045/1058/2045 1009/1059/1009 370/1060/370
f 2043/1053/2043 369/1055/369 1009/1059/1009
f 1009/1059/1009 2045/1058/2045 2043/1053/2043
f 370/1060/370 1010/1061/1010 2046/1062/2046
f 2046/1062/2046 1744/1063/1744 36/1064/36
f 1010/1061/1010 219/1065/219 1744/1063/1744
f 1744/1063/1744 2046/1062/2046 1010/1061/1010
f 369/1055/369 2044/1057/2044 1011/1066/1011
f 1011/1066/1011 1743/1067/1743 219/1065/219
f 2044/1057/2044 3/863/3 1743/1067/1743
f 1743/1067/1743 1011/1066/1011 2044/1057/2044
f 219/1065/219 1010/1061/1010 1011/1066/1011
f 1011/1066/1011 1009/1059/1009 369/1055/369
f 1010/1061/1010 370/1060/370 1009/1059/1009
f 1009/1059/1009 1011/1066/1011 1010/1061/1010
f 92/1068/92 2052/1069/2052 2047/1070/2047
f 2047/1070/2047 1012/1071/1012 371/1072/371
f 2052/1069/2052 373/1073/373 1012/1071/1012
f 1012/1071/1012 2047/1070/2047 2052/1069/2052
f 371/1072/371 1013/1074/1013 2048/1075/2048
f 2048/1075/2048 2049/1076/2049 93/1077/93
f 1013/1074/1013 372/1078/372 2049/1076/2049
f 2049/1076/2049 2048/1075/2048 1013/1074/1013
f 373/1073/373 2051/1079/2051 1014/1080/1014
f 1014/1080/1014 2050/1081/2050 372/1078/372
f 2051/1079/2051 68/808/68 2050/1081/2050
f 2050/1081/2050 1014/1080/1014 2051/1079/2051
f 372/1078/372 1013/1074/1013 1014/1080/1014
f 1014/1080/1014 1012/1071/1012 373/1073/373
f 1013/1074/1013 371/1072/371 1012/1071/1012
f 1012/1071/1012 1014/1080/1014 1013/1074/1013
f 93/1077/93 2049/1076/2049 2053/1082/2053
f 2053/1082/2053 1015/1083/1015 374/1084/374
f 2049/1076/2049 372/1078/372 1015/1083/1015
f 1015/1083/1015 2053/1082/2053 2049/1076/2049
f 374/1084/374 1016/1085/1016 2054/1086/2054
f 2054/1086/2054 1950/815/1950 70/817/70
f 1016/1085/1016 322/812/322 1950/815/1950
f 1950/815/1950 2054/1086/2054 1016/1085/1016
f 372/1078/372 2050/1081/2050 1017/1087/1017
f 1017/1087/1017 1949/810/1949 322/812/322
f 2050/1081/2050 68/808/68 1949/810/1949
f 1949/810/1949 1017/1087/1017 2050/1081/2050
f 322/812/322 1016/1085/1016 1017/1087/1017
f 1017/1087/1017 1015/1083/1015 372/1078/372
f 1016/1085/1016 374/1084/374 1015/1083/1015
f 1015/1083/1015 1017/1087/1017 1016/1085/1016
f 94/1088/94 2060/1089/2060 2055/1090/2055
f 2055/1090/2055 1018/1091/1018 375/1092/375
f 2060/1089/2060 377/1093/377 1018/1091/1018
f 1018/1091/1018 2055/1090/2055 2060/1089/2060
f 375/1092/375 1019/1094/1019 2056/1095/2056
f 2056/1095/2056 2057/1096/2057 96/1097/96
f 1019/1094/1019 376/1098/376 2057/1096/2057
f 2057/1096/2057 2056/1095/2056 1019/1094/1019
f 377/1093/377 2059/1099/2059 1020/1100/1020
f 1020/1100/1020 2058/1101/2058 376/1098/376
f 2059/1099/2059 95/1102/95 2058/1101/2058
f 2058/1101/2058 1020/1100/1020 2059/1099/2059
f 376/1098/376 1019/1094/1019 1020/1100/1020
f 1020/1100/1020 1018/1091/1018 377/1093/377
f 1019/1094/1019 375/1092/375 1018/1091/1018
f 1018/1091/1018 1020/1100/1020 1019/1094/1019
f 96/1097/96 2057/1096/2057 2061/1103/2061
f 2061/1103/2061 1021/1104/1021 378/1105/378
f 2057/1096/2057 376/1098/376 1021/1104/1021
f 1021/1104/1021 2061/1103/2061 2057/1096/2057
f 378/1105/378 1022/1106/1022 2062/1107/2062
f 2062/1107/2062 2063/1108/2063 97/1109/97
f 1022/1106/1022 379/1110/379 2063/1108/2063
f 2063/1108/2063 2062/1107/2062 1022/1106/1022
f 376/1098/376 2058/1101/2058 1023/1111/1023
f 1023/1111/1023 2064/1112/2064 379/1110/379
f 2058/1101/2058 95/1102/95 2064/1112/2064
f 2064/1112/2064 1023/1111/1023 2058/1101/2058
f 379/1110/379 1022/1106/1022 1023/1111/1023
f 1023/1111/1023 1021/1104/1021 376/1098/376
f 1022/1106/1022 378/1105/378 1021/1104/1021
f 1021/1104/1021 1023/1111/1023 1022/1106/1022
f 95/1102/95 2059/1099/2059 2065/1113/2065
f 2065/1113/2065 1024/1114/1024 380/1115/380
f 2059/1099/2059 377/1093/377 1024/1114/1024
f 1024/1114/1024 2065/1113/2065 2059/1099/2059
f 380/1115/380 1025/1116/1025 2066/1117/2066
f 2066/1117/2066 2067/1118/2067 98/1119/98
f 1025/1116/1025 381/1120/381 2067/1118/2067
f 2067/1118/2067 2066/1117/2066 1025/1116/1025
f 377/1093/377 2060/1089/2060 1026/1121/1026
f 1026/1121/1026 2068/1122/2068 381/1120/381
f 2060/1089/2060 94/1088/94 2068/1122/2068
f 2068/1122/2068 1026/1121/1026 2060/1089/2060
f 381/1120/381 1025/1116/1025 1026/1121/1026
f 1026/1121/1026 1024/1114/1024 377/1093/377
f 1025/1116/1025 380/1115/380 1024/1114/1024
f 1024/1114/1024 1026/1121/1026 1025/1116/1025
f 98/1119/98 2067/1118/2067 2069/1123/2069
f 2069/1123/2069 1027/1124/1027 382/1125/382
f 2067/1118/2067 381/1120/381 1027/1124/1027
f 1027/1124/1027 2069/1123/2069 2067/1118/2067
f 382/1125/382 1028/1126/1028 2070/1127/2070
f 2070/1127/2070 2071/1128/2071 99/1129/99
f 1028/1126/1028 383/1130/383 2071/1128/2071
f 2071/1128/2071 2070/1127/2070 1028/1126/1028
f 381/1120/381 2068/1122/2068 1029/1131/1029
f 1029/1131/1029 2072/1132/2072 383/1130/383
f 2068/1122/2068 94/1088/94 2072/1132/2072
f 2072/1132/2072 1029/1131/1029 2068/1122/2068
f 383/1130/383 1028/1126/1028 1029/1131/1029
f 1029/1131/1029 1027/1124/1027 381/1120/381
f 1028/1126/1028 382/1125/382 1027/1124/1027
f 1027/1124/1027 1029/1131/1029 1028/1126/1028
f 78/901/78 2076/1133/2076 1980/899/1980
f 1980/899/1980 1030/1134/1030 337/896/337
f 2076/1133/2076 385/1135/385 1030/1134/1030
f 1030/1134/1030 1980/899/1980 2076/1133/2076
f 337/896/337 1031/1136/1031 1979/894/1979
f 1979/894/1979 2073/1137/2073 76/892/76
f 1031/1136/1031 384/1138/384 2073/1137/2073
f 2073/1137/2073 1979/894/1979 1031/1136/1031
f 385/1135/385 2075/1139/2075 1032/1140/1032
f 1032/1140/1032 2074/1141/2074 384/1138/384
f 2075/1139/2075 92/1068/92 2074/1141/2074
f 2074/1141/2074 1032/1140/1032 2075/1139/2075
f 384/1138/384 1031/1136/1031 1032/1140/1032
f 1032/1140/1032 1030/1134/1030 385/1135/385
f 1031/1136/1031 337/896/337 1030/1134/1030
f 1030/1134/1030 1032/1140/1032 1031/1136/1031
f 76/892/76 2073/1137/2073 2077/1142/2077
f 2077/1142/2077 1033/1143/1033 386/1144/386
f 2073/1137/2073 384/1138/384 1033/1143/1033
f 1033/1143/1033 2077/1142/2077 2073/1137/2073
f 386/1144/386 1034/1145/1034 2078/1146/2078
f 2078/1146/2078 2048/1075/2048 93/1077/93
f 1034/1145/1034 371/1072/371 2048/1075/2048
f 2048/1075/2048 2078/1146/2078 1034/1145/1034
f 384/1138/384 2074/1141/2074 1035/1147/1035
f 1035/1147/1035 2047/1070/2047 371/1072/371
f 2074/1141/2074 92/1068/92 2047/1070/2047
f 2047/1070/2047 1035/1147/1035 2074/1141/2074
f 371/1072/371 1034/1145/1034 1035/1147/1035
f 1035/1147/1035 1033/1143/1033 384/1138/384
f 1034/1145/1034 386/1144/386 1033/1143/1033
f 1033/1143/1033 1035/1147/1035 1034/1145/1034
f 18/867/18 1971/869/1971 1782/1148/1782
f 1782/1148/1782 1036/1149/1036 238/1150/238
f 1971/869/1971 333/871/333 1036/1149/1036
f 1036/1149/1036 1782/1148/1782 1971/869/1971
f 238/1150/238 1037/1151/1037 1781/1152/1781
f 1781/1152/1781 2079/1153/2079 36/1064/36
f 1037/1151/1037 387/1154/387 2079/1153/2079
f 2079/1153/2079 1781/1152/1781 1037/1151/1037
f 333/871/333 1972/874/1972 1038/1155/1038
f 1038/1155/1038 2080/1156/2080 387/1154/387
f 1972/874/1972 74/876/74 2080/1156/2080
f 2080/1156/2080 1038/1155/1038 1972/874/1972
f 387/1154/387 1037/1151/1037 1038/1155/1038
f 1038/1155/1038 1036/1149/1036 333/871/333
f 1037/1151/1037 238/1150/238 1036/1149/1036
f 1036/1149/1036 1038/1155/1038 1037/1151/1037
f 36/1064/36 2079/1153/2079 2046/1062/2046
f 2046/1062/2046 1039/1157/1039 370/1060/370
f 2079/1153/2079 387/1154/387 1039/1157/1039
f 1039/1157/1039 2046/1062/2046 2079/1153/2079
f 370/1060/370 1040/1158/1040 2045/1058/2045
f 2045/1058/2045 2081/1159/2081 91/1054/91
f 1040/1158/1040 388/1160/388 2081/1159/2081
f 2081/1159/2081 2045/1058/2045 1040/1158/1040
f 387/1154/387 2080/1156/2080 1041/1161/1041
f 1041/1161/1041 2082/1162/2082 388/1160/388
f 2080/1156/2080 74/876/74 2082/1162/2082
f 2082/1162/2082 1041/1161/1041 2080/1156/2080
f 388/1160/388 1040/1158/1040 1041/1161/1041
f 1041/1161/1041 1039/1157/1039 387/1154/387
f 1040/1158/1040 370/1060/370 1039/1157/1039
f 1039/1157/1039 1041/1161/1041 1040/1158/1040
f 100/1163/100 2088/1164/2088 2083/1165/2083
f 2083/1165/2083 1042/1166/1042 389/1167/389
f 2088/1164/2088 391/1168/391 1042/1166/1042
f 1042/1166/1042 2083/1165/2083 2088/1164/2088
f 389/1167/389 1043/1169/1043 2084/1170/2084
f 2084/1170/2084 2085/1171/2085 102/1172/102
f 1043/1169/1043 390/1173/390 2085/1171/2085
f 2085/1171/2085 2084/1170/2084 1043/1169/1043
f 391/1168/391 2087/1174/2087 1044/1175/1044
f 1044/1175/1044 2086/1176/2086 390/1173/390
f 2087/1174/2087 101/1177/101 2086/1176/2086
f 2086/1176/2086 1044/1175/1044 2087/1174/2087
f 390/1173/390 1043/1169/1043 1044/1175/1044
f 1044/1175/1044 1042/1166/1042 391/1168/391
f 1043/1169/1043 389/1167/389 1042/1166/1042
f 1042/1166/1042 1044/1175/1044 1043/1169/1043
f 102/1172/102 2085/1171/2085 2089/1178/2089
f 2089/1178/2089 1045/1179/1045 392/1180/392
f 2085/1171/2085 390/1173/390 1045/1179/1045
f 1045/1179/1045 2089/1178/2089 2085/1171/2085
f 392/1180/392 1046/1181/1046 2090/1182/2090
f 2090/1182/2090 2091/1183/2091 103/1184/103
f 1046/1181/1046 393/1185/393 2091/1183/2091
f 2091/1183/2091 2090/1182/2090 1046/1181/1046
f 390/1173/390 2086/1176/2086 1047/1186/1047
f 1047/1186/1047 2092/1187/2092 393/1185/393
f 2086/1176/2086 101/1177/101 2092/1187/2092
f 2092/1187/2092 1047/1186/1047 2086/1176/2086
f 393/1185/393 1046/1181/1046 1047/1186/1047
f 1047/1186/1047 1045/1179/1045 390/1173/390
f 1046/1181/1046 392/1180/392 1045/1179/1045
f 1045/1179/1045 1047/1186/1047 1046/1181/1046
f 104/1188/104 2098/1189/2098 2093/1190/2093
f 2093/1190/2093 1048/1191/1048 394/1192/394
f 2098/1189/2098 396/1193/396 1048/1191/1048
f 1048/1191/1048 2093/1190/2093 2098/1189/2098
f 394/1192/394 1049/1194/1049 2094/1195/2094
f 2094/1195/2094 2095/1196/2095 64/774/64
f 1049/1194/1049 395/1197/395 2095/1196/2095
f 2095/1196/2095 2094/1195/2094 1049/1194/1049
f 396/1193/396 2097/1198/2097 1050/1199/1050
f 1050/1199/1050 2096/1200/2096 395/1197/395
f 2097/1198/2097 105/1201/105 2096/1200/2096
f 2096/1200/2096 1050/1199/1050 2097/1198/2097
f 395/1197/395 1049/1194/1049 1050/1199/1050
f 1050/1199/1050 1048/1191/1048 396/1193/396
f 1049/1194/1049 394/1192/394 1048/1191/1048
f 1048/1191/1048 1050/1199/1050 1049/1194/1049
f 64/774/64 2095/1196/2095 1940/775/1940
f 1940/775/1940 1051/1202/1051 317/779/317
f 2095/1196/2095 395/1197/395 1051/1202/1051
f 1051/1202/1051 1940/775/1940 2095/1196/2095
f 317/779/317 1052/1203/1052 1939/785/1939
f 395/1197/395 2096/1200/2096 1053/1204/1053
f 1053/1204/1053 2099/1205/2099 397/1206/397
f 2096/1200/2096 105/1201/105 2099/1205/2099
f 2099/1205/2099 1053/1204/1053 2096/1200/2096
f 397/1206/397 1052/1203/1052 1053/1204/1053
f 1053/1204/1053 1051/1202/1051 395/1197/395
f 1052/1203/1052 317/779/317 1051/1202/1051
f 1051/1202/1051 1053/1204/1053 1052/1203/1052
f 106/1207/106 2105/1208/2105 2100/1209/2100
f 2100/1209/2100 1054/1210/1054 398/1211/398
f 2105/1208/2105 400/1212/400 1054/1210/1054
f 1054/1210/1054 2100/1209/2100 2105/1208/2105
f 398/1211/398 1055/1213/1055 2101/1214/2101
f 2101/1214/2101 2102/1215/2102 108/1216/108
f 1055/1213/1055 399/1217/399 2102/1215/2102
f 2102/1215/2102 2101/1214/2101 1055/1213/1055
f 400/1212/400 2104/1218/2104 1056/1219/1056
f 1056/1219/1056 2103/1220/2103 399/1217/399
f 2104/1218/2104 107/1221/107 2103/1220/2103
f 2103/1220/2103 1056/1219/1056 2104/1218/2104
f 399/1217/399 1055/1213/1055 1056/1219/1056
f 1056/1219/1056 1054/1210/1054 400/1212/400
f 1055/1213/1055 398/1211/398 1054/1210/1054
f 1054/1210/1054 1056/1219/1056 1055/1213/1055
f 106/1207/106 2100/1209/2100 2106/1222/2106
f 2106/1222/2106 1057/1223/1057 401/1224/401
f 2100/1209/2100 398/1211/398 1057/1223/1057
f 1057/1223/1057 2106/1222/2106 2100/1209/2100
f 401/1224/401 1058/1225/1058 2107/1226/2107
f 2107/1226/2107 2108/1227/2108 97/1109/97
f 1058/1225/1058 402/1228/402 2108/1227/2108
f 2108/1227/2108 2107/1226/2107 1058/1225/1058
f 398/1211/398 2101/1214/2101 1059/1229/1059
f 1059/1229/1059 2109/1230/2109 402/1228/402
f 2101/1214/2101 108/1216/108 2109/1230/2109
f 2109/1230/2109 1059/1229/1059 2101/1214/2101
f 402/1228/402 1058/1225/1058 1059/1229/1059
f 1059/1229/1059 1057/1223/1057 398/1211/398
f 1058/1225/1058 401/1224/401 1057/1223/1057
f 1057/1223/1057 1059/1229/1059 1058/1225/1058
f 97/1109/97 2108/1227/2108 2062/1107/2062
f 2062/1107/2062 1060/1231/1060 378/1105/378
f 2108/1227/2108 402/1228/402 1060/1231/1060
f 1060/1231/1060 2062/1107/2062 2108/1227/2108
f 378/1105/378 1061/1232/1061 2061/1103/2061
f 2061/1103/2061 2110/1233/2110 96/1097/96
f 1061/1232/1061 403/1234/403 2110/1233/2110
f 2110/1233/2110 2061/1103/2061 1061/1232/1061
f 402/1228/402 2109/1230/2109 1062/1235/1062
f 1062/1235/1062 2111/1236/2111 403/1234/403
f 2109/1230/2109 108/1216/108 2111/1236/2111
f 2111/1236/2111 1062/1235/1062 2109/1230/2109
f 403/1234/403 1061/1232/1061 1062/1235/1062
f 1062/1235/1062 1060/1231/1060 402/1228/402
f 1061/1232/1061 378/1105/378 1060/1231/1060
f 1060/1231/1060 1062/1235/1062 1061/1232/1061
f 98/1119/98 2115/1237/2115 2066/1117/2066
f 2066/1117/2066 1063/1238/1063 380/1115/380
f 2115/1237/2115 405/1239/405 1063/1238/1063
f 1063/1238/1063 2066/1117/2066 2115/1237/2115
f 380/1115/380 1064/1240/1064 2065/1113/2065
f 2065/1113/2065 2112/1241/2112 95/1102/95
f 1064/1240/1064 404/1242/404 2112/1241/2112
f 2112/1241/2112 2065/1113/2065 1064/1240/1064
f 405/1239/405 2114/1243/2114 1065/1244/1065
f 1065/1244/1065 2113/1245/2113 404/1242/404
f 2114/1243/2114 88/982/88 2113/1245/2113
f 2113/1245/2113 1065/1244/1065 2114/1243/2114
f 404/1242/404 1064/1240/1064 1065/1244/1065
f 1065/1244/1065 1063/1238/1063 405/1239/405
f 1064/1240/1064 380/1115/380 1063/1238/1063
f 1063/1238/1063 1065/1244/1065 1064/1240/1064
f 95/1102/95 2112/1241/2112 2116/1246/2116
f 2116/1246/2116 1066/1247/1066 406/1248/406
f 2112/1241/2112 404/1242/404 1066/1247/1066
f 1066/1247/1066 2116/1246/2116 2112/1241/2112
f 406/1248/406 1067/1249/1067 2117/1250/2117
f 2117/1250/2117 2016/985/2016 86/975/86
f 1067/1249/1067 355/983/355 2016/985/2016
f 2016/985/2016 2117/1250/2117 1067/1249/1067
f 404/1242/404 2113/1245/2113 1068/1251/1068
f 1068/1251/1068 2015/981/2015 355/983/355
f 2113/1245/2113 88/982/88 2015/981/2015
f 2015/981/2015 1068/1251/1068 2113/1245/2113
f 355/983/355 1067/1249/1067 1068/1251/1068
f 1068/1251/1068 1066/1247/1066 404/1242/404
f 1067/1249/1067 406/1248/406 1066/1247/1066
f 1066/1247/1066 1068/1251/1068 1067/1249/1067
f 20/881/20 1818/455/1818 1978/891/1978
f 1978/891/1978 1069/1252/1069 336/889/336
f 1818/455/1818 257/457/257 1069/1252/1069
f 1069/1252/1069 1978/891/1978 1818/455/1818
f 336/889/336 1070/1253/1070 1977/887/1977
f 1977/887/1977 2118/1254/2118 75/888/75
f 1070/1253/1070 407/1255/407 2118/1254/2118
f 2118/1254/2118 1977/887/1977 1070/1253/1070
f 257/457/257 1819/459/1819 1071/1256/1071
f 1071/1256/1071 2119/1257/2119 407/1255/407
f 1819/459/1819 48/461/48 2119/1257/2119
f 2119/1257/2119 1071/1256/1071 1819/459/1819
f 407/1255/407 1070/1253/1070 1071/1256/1071
f 1071/1256/1071 1069/1252/1069 257/457/257
f 1070/1253/1070 336/889/336 1069/1252/1069
f 1069/1252/1069 1071/1256/1071 1070/1253/1070
f 75/888/75 2118/1254/2118 2120/1258/2120
f 2120/1258/2120 1072/1259/1072 408/1260/408
f 2118/1254/2118 407/1255/407 1072/1259/1072
f 1072/1259/1072 2120/1258/2120 2118/1254/2118
f 408/1260/408 1073/1261/1073 2121/1262/2121
f 2121/1262/2121 2122/1263/2122 109/1264/109
f 1073/1261/1073 409/1265/409 2122/1263/2122
f 2122/1263/2122 2121/1262/2121 1073/1261/1073
f 407/1255/407 2119/1257/2119 1074/1266/1074
f 1074/1266/1074 2123/1267/2123 409/1265/409
f 2119/1257/2119 48/461/48 2123/1267/2123
f 2123/1267/2123 1074/1266/1074 2119/1257/2119
f 409/1265/409 1073/1261/1073 1074/1266/1074
f 1074/1266/1074 1072/1259/1072 407/1255/407
f 1073/1261/1073 408/1260/408 1072/1259/1072
f 1072/1259/1072 1074/1266/1074 1073/1261/1073
f 77/906/77 2127/1268/2127 1988/916/1988
f 1988/916/1988 1075/1269/1075 341/914/341
f 2127/1268/2127 411/1270/411 1075/1269/1075
f 1075/1269/1075 1988/916/1988 2127/1268/2127
f 341/914/341 1076/1271/1076 1987/912/1987
f 1987/912/1987 2124/1272/2124 79/913/79
f 1076/1271/1076 410/1273/410 2124/1272/2124
f 2124/1272/2124 1987/912/1987 1076/1271/1076
f 411/1270/411 2126/1274/2126 1077/1275/1077
f 1077/1275/1077 2125/1276/2125 410/1273/410
f 2126/1274/2126 110/1277/110 2125/1276/2125
f 2125/1276/2125 1077/1275/1077 2126/1274/2126
f 410/1273/410 1076/1271/1076 1077/1275/1077
f 1077/1275/1077 1075/1269/1075 411/1270/411
f 1076/1271/1076 341/914/341 1075/1269/1075
f 1075/1269/1075 1077/1275/1077 1076/1271/1076
f 79/913/79 2124/1272/2124 2128/1278/2128
f 2128/1278/2128 1078/1279/1078 412/1280/412
f 2124/1272/2124 410/1273/410 1078/1279/1078
f 1078/1279/1078 2128/1278/2128 2124/1272/2124
f 412/1280/412 1079/1281/1079 2129/1282/2129
f 2129/1282/2129 2130/1283/2130 111/1284/111
f 1079/1281/1079 413/1285/413 2130/1283/2130
f 2130/1283/2130 2129/1282/2129 1079/1281/1079
f 410/1273/410 2125/1276/2125 1080/1286/1080
f 1080/1286/1080 2131/1287/2131 413/1285/413
f 2125/1276/2125 110/1277/110 2131/1287/2131
f 2131/1287/2131 1080/1286/1080 2125/1276/2125
f 413/1285/413 1079/1281/1079 1080/1286/1080
f 1080/1286/1080 1078/1279/1078 410/1273/410
f 1079/1281/1079 412/1280/412 1078/1279/1078
f 1078/1279/1078 1080/1286/1080 1079/1281/1079
f 112/1288/112 2137/1289/2137 2132/1290/2132
f 2132/1290/2132 1081/1291/1081 414/1292/414
f 2137/1289/2137 416/1293/416 1081/1291/1081
f 1081/1291/1081 2132/1290/2132 2137/1289/2137
f 414/1292/414 1082/1294/1082 2133/1295/2133
f 2133/1295/2133 2134/1296/2134 113/1297/113
f 1082/1294/1082 415/1298/415 2134/1296/2134
f 2134/1296/2134 2133/1295/2133 1082/1294/1082
f 416/1293/416 2136/1299/2136 1083/1300/1083
f 1083/1300/1083 2135/1301/2135 415/1298/415
f 2136/1299/2136 63/770/63 2135/1301/2135
f 2135/1301/2135 1083/1300/1083 2136/1299/2136
f 415/1298/415 1082/1294/1082 1083/1300/1083
f 1083/1300/1083 1081/1291/1081 416/1293/416
f 1082/1294/1082 414/1292/414 1081/1291/1081
f 1081/1291/1081 1083/1300/1083 1082/1294/1082
f 113/1297/113 2134/1296/2134 2138/1302/2138
f 2138/1302/2138 1084/1303/1084 417/1304/417
f 2134/1296/2134 415/1298/415 1084/1303/1084
f 1084/1303/1084 2138/1302/2138 2134/1296/2134
f 417/1304/417 1085/1305/1085 2139/1306/2139
f 2139/1306/2139 1934/773/1934 61/763/61
f 1085/1305/1085 314/771/314 1934/773/1934
f 1934/773/1934 2139/1306/2139 1085/1305/1085
f 415/1298/415 2135/1301/2135 1086/1307/1086
f 1086/1307/1086 1933/769/1933 314/771/314
f 2135/1301/2135 63/770/63 1933/769/1933
f 1933/769/1933 1086/1307/1086 2135/1301/2135
f 314/771/314 1085/1305/1085 1086/1307/1086
f 1086/1307/1086 1084/1303/1084 415/1298/415
f 1085/1305/1085 417/1304/417 1084/1303/1084
f 1084/1303/1084 1086/1307/1086 1085/1305/1085
f 103/1184/103 2091/1183/2091 2140/1308/2140
f 2140/1308/2140 1087/1309/1087 418/1310/418
f 2091/1183/2091 393/1185/393 1087/1309/1087
f 1087/1309/1087 2140/1308/2140 2091/1183/2091
f 418/1310/418 1088/1311/1088 2141/1312/2141
f 2141/1312/2141 2142/1313/2142 114/1314/114
f 1088/1311/1088 419/1315/419 2142/1313/2142
f 2142/1313/2142 2141/1312/2141 1088/1311/1088
f 393/1185/393 2092/1187/2092 1089/1316/1089
f 1089/1316/1089 2143/1317/2143 419/1315/419
f 2092/1187/2092 101/1177/101 2143/1317/2143
f 2143/1317/2143 1089/1316/1089 2092/1187/2092
f 419/1315/419 1088/1311/1088 1089/1316/1089
f 1089/1316/1089 1087/1309/1087 393/1185/393
f 1088/1311/1088 418/1310/418 1087/1309/1087
f 1087/1309/1087 1089/1316/1089 1088/1311/1088
f 114/1314/114 2142/1313/2142 2144/1318/2144
f 2144/1318/2144 1090/1319/1090 420/1320/420
f 2142/1313/2142 419/1315/419 1090/1319/1090
f 1090/1319/1090 2144/1318/2144 2142/1313/2142
f 420/1320/420 1091/1321/1091 2145/1322/2145
f 419/1315/419 2143/1317/2143 1092/1323/1092
f 1092/1323/1092 1090/1319/1090 419/1315/419
f 1091/1321/1091 420/1320/420 1090/1319/1090
f 1090/1319/1090 1092/1323/1092 1091/1321/1091
f 34/250/34 2033/1027/2033 1847/529/1847
f 1847/529/1847 1093/1324/1093 271/527/271
f 2033/1027/2033 364/1029/364 1093/1324/1093
f 1093/1324/1093 1847/529/1847 2033/1027/2033
f 271/527/271 1094/1325/1094 1846/525/1846
f 1846/525/1846 2146/1326/2146 48/461/48
f 1094/1325/1094 421/1327/421 2146/1326/2146
f 2146/1326/2146 1846/525/1846 1094/1325/1094
f 364/1029/364 2034/1031/2034 1095/1328/1095
f 1095/1328/1095 2147/1329/2147 421/1327/421
f 2034/1031/2034 90/1011/90 2147/1329/2147
f 2147/1329/2147 1095/1328/1095 2034/1031/2034
f 421/1327/421 1094/1325/1094 1095/1328/1095
f 1095/1328/1095 1093/1324/1093 364/1029/364
f 1094/1325/1094 271/527/271 1093/1324/1093
f 1093/1324/1093 1095/1328/1095 1094/1325/1094
f 48/461/48 2146/1326/2146 2123/1267/2123
f 2123/1267/2123 1096/1330/1096 409/1265/409
f 2146/1326/2146 421/1327/421 1096/1330/1096
f 1096/1330/1096 2123/1267/2123 2146/1326/2146
f 409/1265/409 1097/1331/1097 2122/1263/2122
f 2122/1263/2122 2148/1332/2148 109/1264/109
f 1097/1331/1097 422/1333/422 2148/1332/2148
f 2148/1332/2148 2122/1263/2122 1097/1331/1097
f 421/1327/421 2147/1329/2147 1098/1334/1098
f 1098/1334/1098 2149/1335/2149 422/1333/422
f 2147/1329/2147 90/1011/90 2149/1335/2149
f 2149/1335/2149 1098/1334/1098 2147/1329/2147
f 422/1333/422 1097/1331/1097 1098/1334/1098
f 1098/1334/1098 1096/1330/1096 421/1327/421
f 1097/1331/1097 409/1265/409 1096/1330/1096
f 1096/1330/1096 1098/1334/1098 1097/1331/1097
f 62/758/62 1931/764/1931 2040/1047/2040
f 2040/1047/2040 1099/1336/1099 367/1045/367
f 1931/764/1931 313/766/313 1099/1336/1099
f 1099/1336/1099 2040/1047/2040 1931/764/1931
f 367/1045/367 1100/1337/1100 2039/1044/2039
f 2039/1044/2039 2150/1338/2150 83/938/83
f 1100/1337/1100 423/1339/423 2150/1338/2150
f 2150/1338/2150 2039/1044/2039 1100/1337/1100
f 313/766/313 1932/768/1932 1101/1340/1101
f 1101/1340/1101 2151/1341/2151 423/1339/423
f 1932/768/1932 63/770/63 2151/1341/2151
f 2151/1341/2151 1101/1340/1101 1932/768/1932
f 423/1339/423 1100/1337/1100 1101/1340/1101
f 1101/1340/1101 1099/1336/1099 313/766/313
f 1100/1337/1100 367/1045/367 1099/1336/1099
f 1099/1336/1099 1101/1340/1101 1100/1337/1100
f 83/938/83 2150/1338/2150 1996/936/1996
f 1996/936/1996 1102/1342/1102 345/934/345
f 2150/1338/2150 423/1339/423 1102/1342/1102
f 1102/1342/1102 1996/936/1996 2150/1338/2150
f 345/934/345 1103/1343/1103 1995/932/1995
f 1995/932/1995 2152/1344/2152 82/926/82
f 1103/1343/1103 424/1345/424 2152/1344/2152
f 2152/1344/2152 1995/932/1995 1103/1343/1103
f 423/1339/423 2151/1341/2151 1104/1346/1104
f 1104/1346/1104 2153/1347/2153 424/1345/424
f 2151/1341/2151 63/770/63 2153/1347/2153
f 2153/1347/2153 1104/1346/1104 2151/1341/2151
f 424/1345/424 1103/1343/1103 1104/1346/1104
f 1104/1346/1104 1102/1342/1102 423/1339/423
f 1103/1343/1103 345/934/345 1102/1342/1102
f 1102/1342/1102 1104/1346/1104 1103/1343/1103
f 90/1011/90 2029/1015/2029 2149/1335/2149
f 2149/1335/2149 1105/1348/1105 422/1333/422
f 2029/1015/2029 362/1017/362 1105/1348/1105
f 1105/1348/1105 2149/1335/2149 2029/1015/2029
f 422/1333/422 1106/1349/1106 2148/1332/2148
f 2148/1332/2148 2154/1350/2154 109/1264/109
f 1106/1349/1106 425/1351/425 2154/1350/2154
f 2154/1350/2154 2148/1332/2148 1106/1349/1106
f 362/1017/362 2030/1019/2030 1107/1352/1107
f 1107/1352/1107 2155/1353/2155 425/1351/425
f 2030/1019/2030 89/994/89 2155/1353/2155
f 2155/1353/2155 1107/1352/1107 2030/1019/2030
f 425/1351/425 1106/1349/1106 1107/1352/1107
f 1107/1352/1107 1105/1348/1105 362/1017/362
f 1106/1349/1106 422/1333/422 1105/1348/1105
f 1105/1348/1105 1107/1352/1107 1106/1349/1106
f 109/1264/109 2154/1350/2154 2156/1354/2156
f 2156/1354/2156 1108/1355/1108 426/1356/426
f 2154/1350/2154 425/1351/425 1108/1355/1108
f 1108/1355/1108 2156/1354/2156 2154/1350/2154
f 426/1356/426 1109/1357/1109 2157/1358/2157
f 2157/1358/2157 2158/1359/2158 110/1277/110
f 1109/1357/1109 427/1360/427 2158/1359/2158
f 2158/1359/2158 2157/1358/2157 1109/1357/1109
f 425/1351/425 2155/1353/2155 1110/1361/1110
f 1110/1361/1110 2159/1362/2159 427/1360/427
f 2155/1353/2155 89/994/89 2159/1362/2159
f 2159/1362/2159 1110/1361/1110 2155/1353/2155
f 427/1360/427 1109/1357/1109 1110/1361/1110
f 1110/1361/1110 1108/1355/1108 425/1351/425
f 1109/1357/1109 426/1356/426 1108/1355/1108
f 1108/1355/1108 1110/1361/1110 1109/1357/1109
f 75/888/75 2120/1258/2120 2160/1363/2160
f 2160/1363/2160 1111/1364/1111 428/1365/428
f 2120/1258/2120 408/1260/408 1111/1364/1111
f 1111/1364/1111 2160/1363/2160 2120/1258/2120
f 428/1365/428 1112/1366/1112 2161/1367/2161
f 2161/1367/2161 2162/1368/2162 77/906/77
f 1112/1366/1112 429/1369/429 2162/1368/2162
f 2162/1368/2162 2161/1367/2161 1112/1366/1112
f 408/1260/408 2121/1262/2121 1113/1370/1113
f 1113/1370/1113 2163/1371/2163 429/1369/429
f 2121/1262/2121 109/1264/109 2163/1371/2163
f 2163/1371/2163 1113/1370/1113 2121/1262/2121
f 429/1369/429 1112/1366/1112 1113/1370/1113
f 1113/1370/1113 1111/1364/1111 408/1260/408
f 1112/1366/1112 428/1365/428 1111/1364/1111
f 1111/1364/1111 1113/1370/1113 1112/1366/1112
f 77/906/77 2162/1368/2162 2127/1268/2127
f 2127/1268/2127 1114/1372/1114 411/1270/411
f 2162/1368/2162 429/1369/429 1114/1372/1114
f 1114/1372/1114 2127/1268/2127 2162/1368/2162
f 411/1270/411 1115/1373/1115 2126/1274/2126
f 2126/1274/2126 2157/1358/2157 110/1277/110
f 1115/1373/1115 426/1356/426 2157/1358/2157
f 2157/1358/2157 2126/1274/2126 1115/1373/1115
f 429/1369/429 2163/1371/2163 1116/1374/1116
f 1116/1374/1116 2156/1354/2156 426/1356/426
f 2163/1371/2163 109/1264/109 2156/1354/2156
f 2156/1354/2156 1116/1374/1116 2163/1371/2163
f 426/1356/426 1115/1373/1115 1116/1374/1116
f 1116/1374/1116 1114/1372/1114 429/1369/429
f 1115/1373/1115 411/1270/411 1114/1372/1114
f 1114/1372/1114 1116/1374/1116 1115/1373/1115
f 74/876/74 1975/882/1975 2164/1375/2164
f 2164/1375/2164 1117/1376/1117 430/1377/430
f 1975/882/1975 335/884/335 1117/1376/1117
f 1117/1376/1117 2164/1375/2164 1975/882/1975
f 430/1377/430 1118/1378/1118 2165/1379/2165
f 2165/1379/2165 2166/1380/2166 76/892/76
f 1118/1378/1118 431/1381/431 2166/1380/2166
f 2166/1380/2166 2165/1379/2165 1118/1378/1118
f 335/884/335 1976/886/1976 1119/1382/1119
f 1119/1382/1119 2167/1383/2167 431/1381/431
f 1976/886/1976 75/888/75 2167/1383/2167
f 2167/1383/2167 1119/1382/1119 1976/886/1976
f 431/1381/431 1118/1378/1118 1119/1382/1119
f 1119/1382/1119 1117/1376/1117 335/884/335
f 1118/1378/1118 430/1377/430 1117/1376/1117
f 1117/1376/1117 1119/1382/1119 1118/1378/1118
f 76/892/76 2166/1380/2166 1984/893/1984
f 1984/893/1984 1120/1384/1120 339/897/339
f 2166/1380/2166 431/1381/431 1120/1384/1120
f 1120/1384/1120 1984/893/1984 2166/1380/2166
f 339/897/339 1121/1385/1121 1983/903/1983
f 1983/903/1983 2161/1367/2161 77/906/77
f 1121/1385/1121 428/1365/428 2161/1367/2161
f 2161/1367/2161 1983/903/1983 1121/1385/1121
f 431/1381/431 2167/1383/2167 1122/1386/1122
f 1122/1386/1122 2160/1363/2160 428/1365/428
f 2167/1383/2167 75/888/75 2160/1363/2160
f 2160/1363/2160 1122/1386/1122 2167/1383/2167
f 428/1365/428 1121/1385/1121 1122/1386/1122
f 1122/1386/1122 1120/1384/1120 431/1381/431
f 1121/1385/1121 339/897/339 1120/1384/1120
f 1120/1384/1120 1122/1386/1122 1121/1385/1121
f 74/876/74 2164/1375/2164 2082/1162/2082
f 2082/1162/2082 1123/1387/1123 388/1160/388
f 2164/1375/2164 430/1377/430 1123/1387/1123
f 1123/1387/1123 2082/1162/2082 2164/1375/2164
f 388/1160/388 1124/1388/1124 2081/1159/2081
f 2081/1159/2081 2168/1389/2168 91/1054/91
f 1124/1388/1124 432/1390/432 2168/1389/2168
f 2168/1389/2168 2081/1159/2081 1124/1388/1124
f 430/1377/430 2165/1379/2165 1125/1391/1125
f 1125/1391/1125 2169/1392/2169 432/1390/432
f 2165/1379/2165 76/892/76 2169/1392/2169
f 2169/1392/2169 1125/1391/1125 2165/1379/2165
f 432/1390/432 1124/1388/1124 1125/1391/1125
f 1125/1391/1125 1123/1387/1123 430/1377/430
f 1124/1388/1124 388/1160/388 1123/1387/1123
f 1123/1387/1123 1125/1391/1125 1124/1388/1124
f 91/1054/91 2168/1389/2168 2170/1393/2170
f 2170/1393/2170 1126/1394/1126 433/1395/433
f 2168/1389/2168 432/1390/432 1126/1394/1126
f 1126/1394/1126 2170/1393/2170 2168/1389/2168
f 433/1395/433 1127/1396/1127 2171/1397/2171
f 2171/1397/2171 2078/1146/2078 93/1077/93
f 1127/1396/1127 386/1144/386 2078/1146/2078
f 2078/1146/2078 2171/1397/2171 1127/1396/1127
f 432/1390/432 2169/1392/2169 1128/1398/1128
f 1128/1398/1128 2077/1142/2077 386/1144/386
f 2169/1392/2169 76/892/76 2077/1142/2077
f 2077/1142/2077 1128/1398/1128 2169/1392/2169
f 386/1144/386 1127/1396/1127 1128/1398/1128
f 1128/1398/1128 1126/1394/1126 432/1390/432
f 1127/1396/1127 433/1395/433 1126/1394/1126
f 1126/1394/1126 1128/1398/1128 1127/1396/1127
f 70/817/70 2175/1399/2175 2054/1086/2054
f 2054/1086/2054 1129/1400/1129 374/1084/374
f 2175/1399/2175 435/1401/435 1129/1400/1129
f 1129/1400/1129 2054/1086/2054 2175/1399/2175
f 374/1084/374 1130/1402/1130 2053/1082/2053
f 2053/1082/2053 2172/1403/2172 93/1077/93
f 1130/1402/1130 434/1404/434 2172/1403/2172
f 2172/1403/2172 2053/1082/2053 1130/1402/1130
f 435/1401/435 2174/1405/2174 1131/1406/1131
f 1131/1406/1131 2173/1407/2173 434/1404/434
f 2174/1405/2174 73/851/73 2173/1407/2173
f 2173/1407/2173 1131/1406/1131 2174/1405/2174
f 434/1404/434 1130/1402/1130 1131/1406/1131
f 1131/1406/1131 1129/1400/1129 435/1401/435
f 1130/1402/1130 374/1084/374 1129/1400/1129
f 1129/1400/1129 1131/1406/1131 1130/1402/1130
f 93/1077/93 2172/1403/2172 2171/1397/2171
f 2171/1397/2171 1132/1408/1132 433/1395/433
f 2172/1403/2172 434/1404/434 1132/1408/1132
f 1132/1408/1132 2171/1397/2171 2172/1403/2172
f 433/1395/433 1133/1409/1133 2170/1393/2170
f 2170/1393/2170 2042/1052/2042 91/1054/91
f 1133/1409/1133 368/1050/368 2042/1052/2042
f 2042/1052/2042 2170/1393/2170 1133/1409/1133
f 434/1404/434 2173/1407/2173 1134/1410/1134
f 1134/1410/1134 2041/1048/2041 368/1050/368
f 2173/1407/2173 73/851/73 2041/1048/2041
f 2041/1048/2041 1134/1410/1134 2173/1407/2173
f 368/1050/368 1133/1409/1133 1134/1410/1134
f 1134/1410/1134 1132/1408/1132 434/1404/434
f 1133/1409/1133 433/1395/433 1132/1408/1132
f 1132/1408/1132 1134/1410/1134 1133/1409/1133
f 71/829/71 1963/844/1963 1956/827/1956
f 1956/827/1956 1135/1411/1135 325/825/325
f 1963/844/1963 329/846/329 1135/1411/1135
f 1135/1411/1135 1956/827/1956 1963/844/1963
f 325/825/325 1136/1412/1136 1955/823/1955
f 1955/823/1955 2175/1399/2175 70/817/70
f 1136/1412/1136 435/1401/435 2175/1399/2175
f 2175/1399/2175 1955/823/1955 1136/1412/1136
f 329/846/329 1964/849/1964 1137/1413/1137
f 1137/1413/1137 2174/1405/2174 435/1401/435
f 1964/849/1964 73/851/73 2174/1405/2174
f 2174/1405/2174 1137/1413/1137 1964/849/1964
f 435/1401/435 1136/1412/1136 1137/1413/1137
f 1137/1413/1137 1135/1411/1135 329/846/329
f 1136/1412/1136 325/825/325 1135/1411/1135
f 1135/1411/1135 1137/1413/1137 1136/1412/1136
f 79/913/79 2128/1278/2128 2176/1414/2176
f 2176/1414/2176 1138/1415/1138 436/1416/436
f 2128/1278/2128 412/1280/412 1138/1415/1138
f 1138/1415/1138 2176/1414/2176 2128/1278/2128
f 436/1416/436 1139/1417/1139 2177/1418/2177
f 2177/1418/2177 2178/1419/2178 88/982/88
f 1139/1417/1139 437/1420/437 2178/1419/2178
f 2178/1419/2178 2177/1418/2177 1139/1417/1139
f 412/1280/412 2129/1282/2129 1140/1421/1140
f 1140/1421/1140 2179/1422/2179 437/1420/437
f 2129/1282/2129 111/1284/111 2179/1422/2179
f 2179/1422/2179 1140/1421/1140 2129/1282/2129
f 437/1420/437 1139/1417/1139 1140/1421/1140
f 1140/1421/1140 1138/1415/1138 412/1280/412
f 1139/1417/1139 436/1416/436 1138/1415/1138
f 1138/1415/1138 1140/1421/1140 1139/1417/1139
f 88/982/88 2178/1419/2178 2014/980/2014
f 2014/980/2014 1141/1423/1141 354/978/354
f 2178/1419/2178 437/1420/437 1141/1423/1141
f 1141/1423/1141 2014/980/2014 2178/1419/2178
f 354/978/354 1142/1424/1142 2013/976/2013
f 2013/976/2013 2180/1425/2180 87/970/87
f 1142/1424/1142 438/1426/438 2180/1425/2180
f 2180/1425/2180 2013/976/2013 1142/1424/1142
f 437/1420/437 2179/1422/2179 1143/1427/1143
f 1143/1427/1143 2181/1428/2181 438/1426/438
f 2179/1422/2179 111/1284/111 2181/1428/2181
f 2181/1428/2181 1143/1427/1143 2179/1422/2179
f 438/1426/438 1142/1424/1142 1143/1427/1143
f 1143/1427/1143 1141/1423/1141 437/1420/437
f 1142/1424/1142 354/978/354 1141/1423/1141
f 1141/1423/1141 1143/1427/1143 1142/1424/1142
f 103/1184/103 2140/1308/2140 2182/1429/2182
f 2182/1429/2182 1144/1430/1144 439/1431/439
f 2140/1308/2140 418/1310/418 1144/1430/1144
f 1144/1430/1144 2182/1429/2182 2140/1308/2140
f 439/1431/439 1145/1432/1145 2183/1433/2183
f 2183/1433/2183 2184/1434/2184 69/822/69
f 1145/1432/1145 440/1435/440 2184/1434/2184
f 2184/1434/2184 2183/1433/2183 1145/1432/1145
f 418/1310/418 2141/1312/2141 1146/1436/1146
f 1146/1436/1146 2185/1437/2185 440/1435/440
f 2141/1312/2141 114/1314/114 2185/1437/2185
f 2185/1437/2185 1146/1436/1146 2141/1312/2141
f 440/1435/440 1145/1432/1145 1146/1436/1146
f 1146/1436/1146 1144/1430/1144 418/1310/418
f 1145/1432/1145 439/1431/439 1144/1430/1144
f 1144/1430/1144 1146/1436/1146 1145/1432/1145
f 69/822/69 2184/1434/2184 1962/833/1962
f 1962/833/1962 1147/1438/1147 328/835/328
f 2184/1434/2184 440/1435/440 1147/1438/1147
f 1147/1438/1147 1962/833/1962 2184/1434/2184
f 328/835/328 1148/1439/1148 1961/839/1961
f 1961/839/1961 2186/1440/2186 72/842/72
f 1148/1439/1148 441/1441/441 2186/1440/2186
f 2186/1440/2186 1961/839/1961 1148/1439/1148
f 440/1435/440 2185/1437/2185 1149/1442/1149
f 1149/1442/1149 2187/1443/2187 441/1441/441
f 2185/1437/2185 114/1314/114 2187/1443/2187
f 2187/1443/2187 1149/1442/1149 2185/1437/2185
f 441/1441/441 1148/1439/1148 1149/1442/1149
f 1149/1442/1149 1147/1438/1147 440/1435/440
f 1148/1439/1148 328/835/328 1147/1438/1147
f 1147/1438/1147 1149/1442/1149 1148/1439/1148
f 72/842/72 2186/1440/2186 2188/1444/2188
f 2188/1444/2188 1150/1445/1150 442/1446/442
f 2186/1440/2186 441/1441/441 1150/1445/1150
f 1150/1445/1150 2188/1444/2188 2186/1440/2186
f 442/1446/442 1151/1447/1151 2189/1448/2189
f 2189/1448/2189 2190/1449/2190 115/1450/115
f 1151/1447/1151 443/1451/443 2190/1449/2190
f 2190/1449/2190 2189/1448/2189 1151/1447/1151
f 441/1441/441 2187/1443/2187 1152/1452/1152
f 1152/1452/1152 2191/1453/2191 443/1451/443
f 2187/1443/2187 114/1314/114 2191/1453/2191
f 2191/1453/2191 1152/1452/1152 2187/1443/2187
f 443/1451/443 1151/1447/1151 1152/1452/1152
f 1152/1452/1152 1150/1445/1150 441/1441/441
f 1151/1447/1151 442/1446/442 1150/1445/1150
f 1150/1445/1150 1152/1452/1152 1151/1447/1151
f 115/1450/115 2190/1449/2190 2192/1454/2192
f 2192/1454/2192 1153/1455/1153 444/1456/444
f 2190/1449/2190 443/1451/443 1153/1455/1153
f 1153/1455/1153 2192/1454/2192 2190/1449/2190
f 444/1456/444 1154/1457/1154 2193/1458/2193
f 2193/1458/2193 2194/1459/2194 116/1460/116
f 1154/1457/1154 445/1461/445 2194/1459/2194
f 2194/1459/2194 2193/1458/2193 1154/1457/1154
f 443/1451/443 2191/1453/2191 1155/1462/1155
f 1155/1462/1155 2195/1463/2195 445/1461/445
f 2191/1453/2191 114/1314/114 2195/1463/2195
f 2195/1463/2195 1155/1462/1155 2191/1453/2191
f 445/1461/445 1154/1457/1154 1155/1462/1155
f 1155/1462/1155 1153/1455/1153 443/1451/443
f 1154/1457/1154 444/1456/444 1153/1455/1153
f 1153/1455/1153 1155/1462/1155 1154/1457/1154
f 110/1277/110 2158/1359/2158 2131/1287/2131
f 2131/1287/2131 1156/1464/1156 413/1285/413
f 2158/1359/2158 427/1360/427 1156/1464/1156
f 1156/1464/1156 2131/1287/2131 2158/1359/2158
f 413/1285/413 1157/1465/1157 2130/1283/2130
f 2130/1283/2130 2196/1466/2196 111/1284/111
f 1157/1465/1157 446/1467/446 2196/1466/2196
f 2196/1466/2196 2130/1283/2130 1157/1465/1157
f 427/1360/427 2159/1362/2159 1158/1468/1158
f 1158/1468/1158 2197/1469/2197 446/1467/446
f 2159/1362/2159 89/994/89 2197/1469/2197
f 2197/1469/2197 1158/1468/1158 2159/1362/2159
f 446/1467/446 1157/1465/1157 1158/1468/1158
f 1158/1468/1158 1156/1464/1156 427/1360/427
f 1157/1465/1157 413/1285/413 1156/1464/1156
f 1156/1464/1156 1158/1468/1158 1157/1465/1157
f 111/1284/111 2196/1466/2196 2181/1428/2181
f 2181/1428/2181 1159/1470/1159 438/1426/438
f 2196/1466/2196 446/1467/446 1159/1470/1159
f 1159/1470/1159 2181/1428/2181 2196/1466/2196
f 438/1426/438 1160/1471/1160 2180/1425/2180
f 2180/1425/2180 2024/1003/2024 87/970/87
f 1160/1471/1160 359/1001/359 2024/1003/2024
f 2024/1003/2024 2180/1425/2180 1160/1471/1160
f 446/1467/446 2197/1469/2197 1161/1472/1161
f 1161/1472/1161 2023/999/2023 359/1001/359
f 2197/1469/2197 89/994/89 2023/999/2023
f 2023/999/2023 1161/1472/1161 2197/1469/2197
f 359/1001/359 1160/1471/1160 1161/1472/1161
f 1161/1472/1161 1159/1470/1159 446/1467/446
f 1160/1471/1160 438/1426/438 1159/1470/1159
f 1159/1470/1159 1161/1472/1161 1160/1471/1160
f 17/856/17 1967/853/1967 1895/1473/1895
f 1895/1473/1895 1162/1474/1162 295/1475/295
f 1967/853/1967 331/847/331 1162/1474/1162
f 1162/1474/1162 1895/1473/1895 1967/853/1967
f 295/1475/295 1163/1476/1163 1894/1477/1894
f 1894/1477/1894 2198/1478/2198 57/1479/57
f 1163/1476/1163 447/1480/447 2198/1478/2198
f 2198/1478/2198 1894/1477/1894 1163/1476/1163
f 331/847/331 1968/843/1968 1164/1481/1164
f 1164/1481/1164 2199/1482/2199 447/1480/447
f 1968/843/1968 71/829/71 2199/1482/2199
f 2199/1482/2199 1164/1481/1164 1968/843/1968
f 447/1480/447 1163/1476/1163 1164/1481/1164
f 1164/1481/1164 1162/1474/1162 331/847/331
f 1163/1476/1163 295/1475/295 1162/1474/1162
f 1162/1474/1162 1164/1481/1164 1163/1476/1163
f 57/1479/57 2198/1478/2198 2200/1483/2200
f 2200/1483/2200 1165/1484/1165 448/1485/448
f 2198/1478/2198 447/1480/447 1165/1484/1165
f 1165/1484/1165 2200/1483/2200 2198/1478/2198
f 448/1485/448 1166/1486/1166 2201/1487/2201
f 2201/1487/2201 1960/841/1960 72/842/72
f 1166/1486/1166 327/838/327 1960/841/1960
f 1960/841/1960 2201/1487/2201 1166/1486/1166
f 447/1480/447 2199/1482/2199 1167/1488/1167
f 1167/1488/1167 1959/837/1959 327/838/327
f 2199/1482/2199 71/829/71 1959/837/1959
f 1959/837/1959 1167/1488/1167 2199/1482/2199
f 327/838/327 1166/1486/1166 1167/1488/1167
f 1167/1488/1167 1165/1484/1165 447/1480/447
f 1166/1486/1166 448/1485/448 1165/1484/1165
f 1165/1484/1165 1167/1488/1167 1166/1486/1166
f 115/1450/115 2205/1489/2205 2189/1448/2189
f 2189/1448/2189 1168/1490/1168 442/1446/442
f 2205/1489/2205 450/1491/450 1168/1490/1168
f 1168/1490/1168 2189/1448/2189 2205/1489/2205
f 442/1446/442 1169/1492/1169 2188/1444/2188
f 2188/1444/2188 2202/1493/2202 72/842/72
f 1169/1492/1169 449/1494/449 2202/1493/2202
f 2202/1493/2202 2188/1444/2188 1169/1492/1169
f 450/1491/450 2204/1495/2204 1170/1496/1170
f 1170/1496/1170 2203/1497/2203 449/1494/449
f 2204/1495/2204 58/1498/58 2203/1497/2203
f 2203/1497/2203 1170/1496/1170 2204/1495/2204
f 449/1494/449 1169/1492/1169 1170/1496/1170
f 1170/1496/1170 1168/1490/1168 450/1491/450
f 1169/1492/1169 442/1446/442 1168/1490/1168
f 1168/1490/1168 1170/1496/1170 1169/1492/1169
f 72/842/72 2202/1493/2202 2201/1487/2201
f 2201/1487/2201 1171/1499/1171 448/1485/448
f 2202/1493/2202 449/1494/449 1171/1499/1171
f 1171/1499/1171 2201/1487/2201 2202/1493/2202
f 448/1485/448 1172/1500/1172 2200/1483/2200
f 2200/1483/2200 1901/1501/1901 57/1479/57
f 1172/1500/1172 298/1502/298 1901/1501/1901
f 1901/1501/1901 2200/1483/2200 1172/1500/1172
f 449/1494/449 2203/1497/2203 1173/1503/1173
f 1173/1503/1173 1900/1504/1900 298/1502/298
f 2203/1497/2203 58/1498/58 1900/1504/1900
f 1900/1504/1900 1173/1503/1173 2203/1497/2203
f 298/1502/298 1172/1500/1172 1173/1503/1173
f 1173/1503/1173 1171/1499/1171 449/1494/449
f 1172/1500/1172 448/1485/448 1171/1499/1171
f 1171/1499/1171 1173/1503/1173 1172/1500/1172
f 103/1184/103 2182/1429/2182 2090/1182/2090
f 2090/1182/2090 1174/1505/1174 392/1180/392
f 2182/1429/2182 439/1431/439 1174/1505/1174
f 1174/1505/1174 2090/1182/2090 2182/1429/2182
f 392/1180/392 1175/1506/1175 2089/1178/2089
f 2089/1178/2089 2206/1507/2206 102/1172/102
f 1175/1506/1175 451/1508/451 2206/1507/2206
f 2206/1507/2206 2089/1178/2089 1175/1506/1175
f 439/1431/439 2183/1433/2183 1176/1509/1176
f 1176/1509/1176 2207/1510/2207 451/1508/451
f 2183/1433/2183 69/822/69 2207/1510/2207
f 2207/1510/2207 1176/1509/1176 2183/1433/2183
f 451/1508/451 1175/1506/1175 1176/1509/1176
f 1176/1509/1176 1174/1505/1174 439/1431/439
f 1175/1506/1175 392/1180/392 1174/1505/1174
f 1174/1505/1174 1176/1509/1176 1175/1506/1175
f 102/1172/102 2206/1507/2206 2208/1511/2208
f 2208/1511/2208 1177/1512/1177 452/1513/452
f 2206/1507/2206 451/1508/451 1177/1512/1177
f 1177/1512/1177 2208/1511/2208 2206/1507/2206
f 452/1513/452 1178/1514/1178 2209/1515/2209
f 2209/1515/2209 1954/809/1954 68/808/68
f 1178/1514/1178 324/813/324 1954/809/1954
f 1954/809/1954 2209/1515/2209 1178/1514/1178
f 451/1508/451 2207/1510/2207 1179/1516/1179
f 1179/1516/1179 1953/819/1953 324/813/324
f 2207/1510/2207 69/822/69 1953/819/1953
f 1953/819/1953 1179/1516/1179 2207/1510/2207
f 324/813/324 1178/1514/1178 1179/1516/1179
f 1179/1516/1179 1177/1512/1177 451/1508/451
f 1178/1514/1178 452/1513/452 1177/1512/1177
f 1177/1512/1177 1179/1516/1179 1178/1514/1178
f 99/1129/99 2215/1517/2215 2210/1518/2210
f 2210/1518/2210 1180/1519/1180 453/1520/453
f 2215/1517/2215 455/1521/455 1180/1519/1180
f 1180/1519/1180 2210/1518/2210 2215/1517/2215
f 453/1520/453 1181/1522/1181 2211/1523/2211
f 2211/1523/2211 2212/1524/2212 92/1068/92
f 1181/1522/1181 454/1525/454 2212/1524/2212
f 2212/1524/2212 2211/1523/2211 1181/1522/1181
f 455/1521/455 2214/1526/2214 1182/1527/1182
f 1182/1527/1182 2213/1528/2213 454/1525/454
f 2214/1526/2214 102/1172/102 2213/1528/2213
f 2213/1528/2213 1182/1527/1182 2214/1526/2214
f 454/1525/454 1181/1522/1181 1182/1527/1182
f 1182/1527/1182 1180/1519/1180 455/1521/455
f 1181/1522/1181 453/1520/453 1180/1519/1180
f 1180/1519/1180 1182/1527/1182 1181/1522/1181
f 92/1068/92 2212/1524/2212 2052/1069/2052
f 2052/1069/2052 1183/1529/1183 373/1073/373
f 2212/1524/2212 454/1525/454 1183/1529/1183
f 1183/1529/1183 2052/1069/2052 2212/1524/2212
f 373/1073/373 1184/1530/1184 2051/1079/2051
f 2051/1079/2051 2209/1515/2209 68/808/68
f 1184/1530/1184 452/1513/452 2209/1515/2209
f 2209/1515/2209 2051/1079/2051 1184/1530/1184
f 454/1525/454 2213/1528/2213 1185/1531/1185
f 1185/1531/1185 2208/1511/2208 452/1513/452
f 2213/1528/2213 102/1172/102 2208/1511/2208
f 2208/1511/2208 1185/1531/1185 2213/1528/2213
f 452/1513/452 1184/1530/1184 1185/1531/1185
f 1185/1531/1185 1183/1529/1183 454/1525/454
f 1184/1530/1184 373/1073/373 1183/1529/1183
f 1183/1529/1183 1185/1531/1185 1184/1530/1184
f 98/1119/98 2069/1123/2069 2216/1532/2216
f 2216/1532/2216 1186/1533/1186 456/1534/456
f 2069/1123/2069 382/1125/382 1186/1533/1186
f 1186/1533/1186 2216/1532/2216 2069/1123/2069
f 456/1534/456 1187/1535/1187 2217/1536/2217
f 2217/1536/2217 2218/1537/2218 78/901/78
f 1187/1535/1187 457/1538/457 2218/1537/2218
f 2218/1537/2218 2217/1536/2217 1187/1535/1187
f 382/1125/382 2070/1127/2070 1188/1539/1188
f 1188/1539/1188 2219/1540/2219 457/1538/457
f 2070/1127/2070 99/1129/99 2219/1540/2219
f 2219/1540/2219 1188/1539/1188 2070/1127/2070
f 457/1538/457 1187/1535/1187 1188/1539/1188
f 1188/1539/1188 1186/1533/1186 382/1125/382
f 1187/1535/1187 456/1534/456 1186/1533/1186
f 1186/1533/1186 1188/1539/1188 1187/1535/1187
f 78/901/78 2218/1537/2218 2076/1133/2076
f 2076/1133/2076 1189/1541/1189 385/1135/385
f 2218/1537/2218 457/1538/457 1189/1541/1189
f 1189/1541/1189 2076/1133/2076 2218/1537/2218
f 385/1135/385 1190/1542/1190 2075/1139/2075
f 2075/1139/2075 2211/1523/2211 92/1068/92
f 1190/1542/1190 453/1520/453 2211/1523/2211
f 2211/1523/2211 2075/1139/2075 1190/1542/1190
f 457/1538/457 2219/1540/2219 1191/1543/1191
f 1191/1543/1191 2210/1518/2210 453/1520/453
f 2219/1540/2219 99/1129/99 2210/1518/2210
f 2210/1518/2210 1191/1543/1191 2219/1540/2219
f 453/1520/453 1190/1542/1190 1191/1543/1191
f 1191/1543/1191 1189/1541/1189 457/1538/457
f 1190/1542/1190 385/1135/385 1189/1541/1189
f 1189/1541/1189 1191/1543/1191 1190/1542/1190
f 78/901/78 1985/907/1985 2217/1536/2217
f 2217/1536/2217 1192/1544/1192 456/1534/456
f 1985/907/1985 340/909/340 1192/1544/1192
f 1192/1544/1192 2217/1536/2217 1985/907/1985
f 456/1534/456 1193/1545/1193 2216/1532/2216
f 2216/1532/2216 2220/1546/2220 98/1119/98
f 1193/1545/1193 458/1547/458 2220/1546/2220
f 2220/1546/2220 2216/1532/2216 1193/1545/1193
f 340/909/340 1986/911/1986 1194/1548/1194
f 1194/1548/1194 2221/1549/2221 458/1547/458
f 1986/911/1986 79/913/79 2221/1549/2221
f 2221/1549/2221 1194/1548/1194 1986/911/1986
f 458/1547/458 1193/1545/1193 1194/1548/1194
f 1194/1548/1194 1192/1544/1192 340/909/340
f 1193/1545/1193 456/1534/456 1192/1544/1192
f 1192/1544/1192 1194/1548/1194 1193/1545/1193
f 98/1119/98 2220/1546/2220 2115/1237/2115
f 2115/1237/2115 1195/1550/1195 405/1239/405
f 2220/1546/2220 458/1547/458 1195/1550/1195
f 1195/1550/1195 2115/1237/2115 2220/1546/2220
f 405/1239/405 1196/1551/1196 2114/1243/2114
f 2114/1243/2114 2177/1418/2177 88/982/88
f 1196/1551/1196 436/1416/436 2177/1418/2177
f 2177/1418/2177 2114/1243/2114 1196/1551/1196
f 458/1547/458 2221/1549/2221 1197/1552/1197
f 1197/1552/1197 2176/1414/2176 436/1416/436
f 2221/1549/2221 79/913/79 2176/1414/2176
f 2176/1414/2176 1197/1552/1197 2221/1549/2221
f 436/1416/436 1196/1551/1196 1197/1552/1197
f 1197/1552/1197 1195/1550/1195 458/1547/458
f 1196/1551/1196 405/1239/405 1195/1550/1195
f 1195/1550/1195 1197/1552/1197 1196/1551/1196
f 94/1088/94 2225/1553/2225 2072/1132/2072
f 2072/1132/2072 1198/1554/1198 383/1130/383
f 2225/1553/2225 460/1555/460 1198/1554/1198
f 1198/1554/1198 2072/1132/2072 2225/1553/2225
f 383/1130/383 1199/1556/1199 2071/1128/2071
f 2071/1128/2071 2222/1557/2222 99/1129/99
f 1199/1556/1199 459/1558/459 2222/1557/2222
f 2222/1557/2222 2071/1128/2071 1199/1556/1199
f 460/1555/460 2224/1559/2224 1200/1560/1200
f 1200/1560/1200 2223/1561/2223 459/1558/459
f 2224/1559/2224 100/1163/100 2223/1561/2223
f 2223/1561/2223 1200/1560/1200 2224/1559/2224
f 459/1558/459 1199/1556/1199 1200/1560/1200
f 1200/1560/1200 1198/1554/1198 460/1555/460
f 1199/1556/1199 383/1130/383 1198/1554/1198
f 1198/1554/1198 1200/1560/1200 1199/1556/1199
f 99/1129/99 2222/1557/2222 2215/1517/2215
f 2215/1517/2215 1201/1562/1201 455/1521/455
f 2222/1557/2222 459/1558/459 1201/1562/1201
f 1201/1562/1201 2215/1517/2215 2222/1557/2222
f 455/1521/455 1202/1563/1202 2214/1526/2214
f 2214/1526/2214 2084/1170/2084 102/1172/102
f 1202/1563/1202 389/1167/389 2084/1170/2084
f 2084/1170/2084 2214/1526/2214 1202/1563/1202
f 459/1558/459 2223/1561/2223 1203/1564/1203
f 1203/1564/1203 2083/1165/2083 389/1167/389
f 2223/1561/2223 100/1163/100 2083/1165/2083
f 2083/1165/2083 1203/1564/1203 2223/1561/2223
f 389/1167/389 1202/1563/1202 1203/1564/1203
f 1203/1564/1203 1201/1562/1201 459/1558/459
f 1202/1563/1202 455/1521/455 1201/1562/1201
f 1201/1562/1201 1203/1564/1203 1202/1563/1202
f 1204/1565/1204 461/1566/461 2226/1567/2226
f 1205/1568/1205 2227/1569/2227 461/1566/461
f 2228/1570/2228 116/1460/116 2227/1569/2227
f 2227/1569/2227 1205/1568/1205 2228/1570/2228
f 461/1566/461 1204/1565/1204 1205/1568/1205
f 2145/1322/2145 1206/1571/1206 420/1320/420
f 2226/1567/2226 461/1566/461 1206/1571/1206
f 1206/1571/1206 2145/1322/2145 2226/1567/2226
f 420/1320/420 1207/1572/1207 2144/1318/2144
f 2144/1318/2144 2195/1463/2195 114/1314/114
f 1207/1572/1207 445/1461/445 2195/1463/2195
f 2195/1463/2195 2144/1318/2144 1207/1572/1207
f 461/1566/461 2227/1569/2227 1208/1573/1208
f 1208/1573/1208 2194/1459/2194 445/1461/445
f 2227/1569/2227 116/1460/116 2194/1459/2194
f 2194/1459/2194 1208/1573/1208 2227/1569/2227
f 445/1461/445 1207/1572/1207 1208/1573/1208
f 1208/1573/1208 1206/1571/1206 461/1566/461
f 1207/1572/1207 420/1320/420 1206/1571/1206
f 1206/1571/1206 1208/1573/1208 1207/1572/1207
f 86/975/86 2011/972/2011 2229/1574/2229
f 2229/1574/2229 1209/1575/1209 462/1576/462
f 2011/972/2011 353/966/353 1209/1575/1209
f 1209/1575/1209 2229/1574/2229 2011/972/2011
f 462/1576/462 1210/1577/1210 2230/1578/2230
f 2230/1578/2230 2231/1579/2231 117/1580/117
f 1210/1577/1210 463/1581/463 2231/1579/2231
f 2231/1579/2231 2230/1578/2230 1210/1577/1210
f 353/966/353 2012/962/2012 1211/1582/1211
f 1211/1582/1211 2232/1583/2232 463/1581/463
f 2012/962/2012 85/961/85 2232/1583/2232
f 2232/1583/2232 1211/1582/1211 2012/962/2012
f 463/1581/463 1210/1577/1210 1211/1582/1211
f 1211/1582/1211 1209/1575/1209 353/966/353
f 1210/1577/1210 462/1576/462 1209/1575/1209
f 1209/1575/1209 1211/1582/1211 1210/1577/1210
f 117/1580/117 2231/1579/2231 2233/1584/2233
f 2233/1584/2233 1212/1585/1212 464/1586/464
f 2231/1579/2231 463/1581/463 1212/1585/1212
f 1212/1585/1212 2233/1584/2233 2231/1579/2231
f 464/1586/464 1213/1587/1213 2234/1588/2234
f 2234/1588/2234 2235/1589/2235 118/1590/118
f 1213/1587/1213 465/1591/465 2235/1589/2235
f 2235/1589/2235 2234/1588/2234 1213/1587/1213
f 463/1581/463 2232/1583/2232 1214/1592/1214
f 1214/1592/1214 2236/1593/2236 465/1591/465
f 2232/1583/2232 85/961/85 2236/1593/2236
f 2236/1593/2236 1214/1592/1214 2232/1583/2232
f 465/1591/465 1213/1587/1213 1214/1592/1214
f 1214/1592/1214 1212/1585/1212 463/1581/463
f 1213/1587/1213 464/1586/464 1212/1585/1212
f 1212/1585/1212 1214/1592/1214 1213/1587/1213
f 82/926/82 2240/1594/2240 1990/924/1990
f 1990/924/1990 1215/1595/1215 342/921/342
f 2240/1594/2240 467/1596/467 1215/1595/1215
f 1215/1595/1215 1990/924/1990 2240/1594/2240
f 342/921/342 1216/1597/1216 1989/919/1989
f 1989/919/1989 2237/1598/2237 80/917/80
f 1216/1597/1216 466/1599/466 2237/1598/2237
f 2237/1598/2237 1989/919/1989 1216/1597/1216
f 467/1596/467 2239/1600/2239 1217/1601/1217
f 1217/1601/1217 2238/1602/2238 466/1599/466
f 2239/1600/2239 118/1590/118 2238/1602/2238
f 2238/1602/2238 1217/1601/1217 2239/1600/2239
f 466/1599/466 1216/1597/1216 1217/1601/1217
f 1217/1601/1217 1215/1595/1215 467/1596/467
f 1216/1597/1216 342/921/342 1215/1595/1215
f 1215/1595/1215 1217/1601/1217 1216/1597/1216
f 80/917/80 2237/1598/2237 2022/986/2022
f 2022/986/2022 1218/1603/1218 358/990/358
f 2237/1598/2237 466/1599/466 1218/1603/1218
f 1218/1603/1218 2022/986/2022 2237/1598/2237
f 358/990/358 1219/1604/1219 2021/996/2021
f 2021/996/2021 2236/1593/2236 85/961/85
f 1219/1604/1219 465/1591/465 2236/1593/2236
f 2236/1593/2236 2021/996/2021 1219/1604/1219
f 466/1599/466 2238/1602/2238 1220/1605/1220
f 1220/1605/1220 2235/1589/2235 465/1591/465
f 2238/1602/2238 118/1590/118 2235/1589/2235
f 2235/1589/2235 1220/1605/1220 2238/1602/2238
f 465/1591/465 1219/1604/1219 1220/1605/1220
f 1220/1605/1220 1218/1603/1218 466/1599/466
f 1219/1604/1219 358/990/358 1218/1603/1218
f 1218/1603/1218 1220/1605/1220 1219/1604/1219
f 119/1606/119 2246/1607/2246 2241/1608/2241
f 2241/1608/2241 1221/1609/1221 468/1610/468
f 2246/1607/2246 470/1611/470 1221/1609/1221
f 1221/1609/1221 2241/1608/2241 2246/1607/2246
f 468/1610/468 1222/1612/1222 2242/1613/2242
f 2242/1613/2242 2243/1614/2243 118/1590/118
f 1222/1612/1222 469/1615/469 2243/1614/2243
f 2243/1614/2243 2242/1613/2242 1222/1612/1222
f 470/1611/470 2245/1616/2245 1223/1617/1223
f 1223/1617/1223 2244/1618/2244 469/1615/469
f 2245/1616/2245 120/1619/120 2244/1618/2244
f 2244/1618/2244 1223/1617/1223 2245/1616/2245
f 469/1615/469 1222/1612/1222 1223/1617/1223
f 1223/1617/1223 1221/1609/1221 470/1611/470
f 1222/1612/1222 468/1610/468 1221/1609/1221
f 1221/1609/1221 1223/1617/1223 1222/1612/1222
f 120/1619/120 2250/1620/2250 2244/1618/2244
f 2244/1618/2244 1224/1621/1224 469/1615/469
f 2250/1620/2250 472/1622/472 1224/1621/1224
f 1224/1621/1224 2244/1618/2244 2250/1620/2250
f 469/1615/469 1225/1623/1225 2243/1614/2243
f 2243/1614/2243 2247/1624/2247 118/1590/118
f 1225/1623/1225 471/1625/471 2247/1624/2247
f 2247/1624/2247 2243/1614/2243 1225/1623/1225
f 472/1622/472 2249/1626/2249 1226/1627/1226
f 1226/1627/1226 2248/1628/2248 471/1625/471
f 2249/1626/2249 121/1629/121 2248/1628/2248
f 2248/1628/2248 1226/1627/1226 2249/1626/2249
f 471/1625/471 1225/1623/1225 1226/1627/1226
f 1226/1627/1226 1224/1621/1224 472/1622/472
f 1225/1623/1225 469/1615/469 1224/1621/1224
f 1224/1621/1224 1226/1627/1226 1225/1623/1225
f 97/1109/97 2254/1630/2254 2107/1226/2107
f 2107/1226/2107 1227/1631/1227 401/1224/401
f 2254/1630/2254 474/1632/474 1227/1631/1227
f 1227/1631/1227 2107/1226/2107 2254/1630/2254
f 401/1224/401 1228/1633/1228 2106/1222/2106
f 2106/1222/2106 2251/1634/2251 106/1207/106
f 1228/1633/1228 473/1635/473 2251/1634/2251
f 2251/1634/2251 2106/1222/2106 1228/1633/1228
f 474/1632/474 2253/1636/2253 1229/1637/1229
f 1229/1637/1229 2252/1638/2252 473/1635/473
f 2253/1636/2253 117/1580/117 2252/1638/2252
f 2252/1638/2252 1229/1637/1229 2253/1636/2253
f 473/1635/473 1228/1633/1228 1229/1637/1229
f 1229/1637/1229 1227/1631/1227 474/1632/474
f 1228/1633/1228 401/1224/401 1227/1631/1227
f 1227/1631/1227 1229/1637/1229 1228/1633/1228
f 106/1207/106 2251/1634/2251 2255/1639/2255
f 2255/1639/2255 1230/1640/1230 475/1641/475
f 2251/1634/2251 473/1635/473 1230/1640/1230
f 1230/1640/1230 2255/1639/2255 2251/1634/2251
f 475/1641/475 1231/1642/1231 2256/1643/2256
f 2256/1643/2256 2257/1644/2257 122/1645/122
f 1231/1642/1231 476/1646/476 2257/1644/2257
f 2257/1644/2257 2256/1643/2256 1231/1642/1231
f 473/1635/473 2252/1638/2252 1232/1647/1232
f 1232/1647/1232 2258/1648/2258 476/1646/476
f 2252/1638/2252 117/1580/117 2258/1648/2258
f 2258/1648/2258 1232/1647/1232 2252/1638/2252
f 476/1646/476 1231/1642/1231 1232/1647/1232
f 1232/1647/1232 1230/1640/1230 473/1635/473
f 1231/1642/1231 475/1641/475 1230/1640/1230
f 1230/1640/1230 1232/1647/1232 1231/1642/1231
f 95/1102/95 2116/1246/2116 2064/1112/2064
f 2064/1112/2064 1233/1649/1233 379/1110/379
f 2116/1246/2116 406/1248/406 1233/1649/1233
f 1233/1649/1233 2064/1112/2064 2116/1246/2116
f 379/1110/379 1234/1650/1234 2063/1108/2063
f 2063/1108/2063 2259/1651/2259 97/1109/97
f 1234/1650/1234 477/1652/477 2259/1651/2259
f 2259/1651/2259 2063/1108/2063 1234/1650/1234
f 406/1248/406 2117/1250/2117 1235/1653/1235
f 1235/1653/1235 2260/1654/2260 477/1652/477
f 2117/1250/2117 86/975/86 2260/1654/2260
f 2260/1654/2260 1235/1653/1235 2117/1250/2117
f 477/1652/477 1234/1650/1234 1235/1653/1235
f 1235/1653/1235 1233/1649/1233 406/1248/406
f 1234/1650/1234 379/1110/379 1233/1649/1233
f 1233/1649/1233 1235/1653/1235 1234/1650/1234
f 97/1109/97 2259/1651/2259 2254/1630/2254
f 2254/1630/2254 1236/1655/1236 474/1632/474
f 2259/1651/2259 477/1652/477 1236/1655/1236
f 1236/1655/1236 2254/1630/2254 2259/1651/2259
f 474/1632/474 1237/1656/1237 2253/1636/2253
f 2253/1636/2253 2230/1578/2230 117/1580/117
f 1237/1656/1237 462/1576/462 2230/1578/2230
f 2230/1578/2230 2253/1636/2253 1237/1656/1237
f 477/1652/477 2260/1654/2260 1238/1657/1238
f 1238/1657/1238 2229/1574/2229 462/1576/462
f 2260/1654/2260 86/975/86 2229/1574/2229
f 2229/1574/2229 1238/1657/1238 2260/1654/2260
f 462/1576/462 1237/1656/1237 1238/1657/1238
f 1238/1657/1238 1236/1655/1236 477/1652/477
f 1237/1656/1237 474/1632/474 1236/1655/1236
f 1236/1655/1236 1238/1657/1238 1237/1656/1237
f 63/770/63 2136/1299/2136 2153/1347/2153
f 2153/1347/2153 1239/1658/1239 424/1345/424
f 2136/1299/2136 416/1293/416 1239/1658/1239
f 1239/1658/1239 2153/1347/2153 2136/1299/2136
f 424/1345/424 1240/1659/1240 2152/1344/2152
f 2152/1344/2152 2261/1660/2261 82/926/82
f 1240/1659/1240 478/1661/478 2261/1660/2261
f 2261/1660/2261 2152/1344/2152 1240/1659/1240
f 416/1293/416 2137/1289/2137 1241/1662/1241
f 1241/1662/1241 2262/1663/2262 478/1661/478
f 2137/1289/2137 112/1288/112 2262/1663/2262
f 2262/1663/2262 1241/1662/1241 2137/1289/2137
f 478/1661/478 1240/1659/1240 1241/1662/1241
f 1241/1662/1241 1239/1658/1239 416/1293/416
f 1240/1659/1240 424/1345/424 1239/1658/1239
f 1239/1658/1239 1241/1662/1241 1240/1659/1240
f 112/1288/112 2266/1664/2266 2262/1663/2262
f 2262/1663/2262 1242/1665/1242 478/1661/478
f 2266/1664/2266 480/1666/480 1242/1665/1242
f 1242/1665/1242 2262/1663/2262 2266/1664/2266
f 478/1661/478 1243/1667/1243 2261/1660/2261
f 2261/1660/2261 2263/1668/2263 82/926/82
f 1243/1667/1243 479/1669/479 2263/1668/2263
f 2263/1668/2263 2261/1660/2261 1243/1667/1243
f 480/1666/480 2265/1670/2265 1244/1671/1244
f 1244/1671/1244 2264/1672/2264 479/1669/479
f 2265/1670/2265 123/1673/123 2264/1672/2264
f 2264/1672/2264 1244/1671/1244 2265/1670/2265
f 479/1669/479 1243/1667/1243 1244/1671/1244
f 1244/1671/1244 1242/1665/1242 480/1666/480
f 1243/1667/1243 478/1661/478 1242/1665/1242
f 1242/1665/1242 1244/1671/1244 1243/1667/1243
f 117/1580/117 2233/1584/2233 2258/1648/2258
f 2258/1648/2258 1245/1674/1245 476/1646/476
f 2233/1584/2233 464/1586/464 1245/1674/1245
f 1245/1674/1245 2258/1648/2258 2233/1584/2233
f 476/1646/476 1246/1675/1246 2257/1644/2257
f 2257/1644/2257 2267/1676/2267 122/1645/122
f 1246/1675/1246 481/1677/481 2267/1676/2267
f 2267/1676/2267 2257/1644/2257 1246/1675/1246
f 464/1586/464 2234/1588/2234 1247/1678/1247
f 1247/1678/1247 2268/1679/2268 481/1677/481
f 2234/1588/2234 118/1590/118 2268/1679/2268
f 2268/1679/2268 1247/1678/1247 2234/1588/2234
f 481/1677/481 1246/1675/1246 1247/1678/1247
f 1247/1678/1247 1245/1674/1245 464/1586/464
f 1246/1675/1246 476/1646/476 1245/1674/1245
f 1245/1674/1245 1247/1678/1247 1246/1675/1246
f 122/1645/122 2267/1676/2267 2269/1680/2269
f 2269/1680/2269 1248/1681/1248 482/1682/482
f 2267/1676/2267 481/1677/481 1248/1681/1248
f 1248/1681/1248 2269/1680/2269 2267/1676/2267
f 482/1682/482 1249/1683/1249 2270/1684/2270
f 2270/1684/2270 2248/1628/2248 121/1629/121
f 1249/1683/1249 471/1625/471 2248/1628/2248
f 2248/1628/2248 2270/1684/2270 1249/1683/1249
f 481/1677/481 2268/1679/2268 1250/1685/1250
f 1250/1685/1250 2247/1624/2247 471/1625/471
f 2268/1679/2268 118/1590/118 2247/1624/2247
f 2247/1624/2247 1250/1685/1250 2268/1679/2268
f 471/1625/471 1249/1683/1249 1250/1685/1250
f 1250/1685/1250 1248/1681/1248 481/1677/481
f 1249/1683/1249 482/1682/482 1248/1681/1248
f 1248/1681/1248 1250/1685/1250 1249/1683/1249
f 124/1686/124 2276/1687/2276 2271/1688/2271
f 2271/1688/2271 1251/1689/1251 483/1690/483
f 2276/1687/2276 485/1691/485 1251/1689/1251
f 1251/1689/1251 2271/1688/2271 2276/1687/2276
f 483/1690/483 1252/1692/1252 2272/1693/2272
f 2272/1693/2272 2273/1694/2273 121/1629/121
f 1252/1692/1252 484/1695/484 2273/1694/2273
f 2273/1694/2273 2272/1693/2272 1252/1692/1252
f 485/1691/485 2275/1696/2275 1253/1697/1253
f 1253/1697/1253 2274/1698/2274 484/1695/484
f 2275/1696/2275 125/1699/125 2274/1698/2274
f 2274/1698/2274 1253/1697/1253 2275/1696/2275
f 484/1695/484 1252/1692/1252 1253/1697/1253
f 1253/1697/1253 1251/1689/1251 485/1691/485
f 1252/1692/1252 483/1690/483 1251/1689/1251
f 1251/1689/1251 1253/1697/1253 1252/1692/1252
f 121/1629/121 2273/1694/2273 2270/1684/2270
f 2270/1684/2270 1254/1700/1254 482/1682/482
f 2273/1694/2273 484/1695/484 1254/1700/1254
f 1254/1700/1254 2270/1684/2270 2273/1694/2273
f 482/1682/482 1255/1701/1255 2269/1680/2269
f 2269/1680/2269 2277/1702/2277 122/1645/122
f 1255/1701/1255 486/1703/486 2277/1702/2277
f 2277/1702/2277 2269/1680/2269 1255/1701/1255
f 484/1695/484 2274/1698/2274 1256/1704/1256
f 1256/1704/1256 2278/1705/2278 486/1703/486
f 2274/1698/2274 125/1699/125 2278/1705/2278
f 2278/1705/2278 1256/1704/1256 2274/1698/2274
f 486/1703/486 1255/1701/1255 1256/1704/1256
f 1256/1704/1256 1254/1700/1254 484/1695/484
f 1255/1701/1255 482/1682/482 1254/1700/1254
f 1254/1700/1254 1256/1704/1256 1255/1701/1255
f 121/1629/121 2249/1626/2249 2272/1693/2272
f 2272/1693/2272 1257/1706/1257 483/1690/483
f 2249/1626/2249 472/1622/472 1257/1706/1257
f 1257/1706/1257 2272/1693/2272 2249/1626/2249
f 483/1690/483 1258/1707/1258 2271/1688/2271
f 2271/1688/2271 2279/1708/2279 124/1686/124
f 1258/1707/1258 487/1709/487 2279/1708/2279
f 2279/1708/2279 2271/1688/2271 1258/1707/1258
f 472/1622/472 2250/1620/2250 1259/1710/1259
f 1259/1710/1259 2280/1711/2280 487/1709/487
f 2250/1620/2250 120/1619/120 2280/1711/2280
f 2280/1711/2280 1259/1710/1259 2250/1620/2250
f 487/1709/487 1258/1707/1258 1259/1710/1259
f 1259/1710/1259 1257/1706/1257 472/1622/472
f 1258/1707/1258 483/1690/483 1257/1706/1257
f 1257/1706/1257 1259/1710/1259 1258/1707/1258
f 124/1686/124 2279/1708/2279 2281/1712/2281
f 2281/1712/2281 1260/1713/1260 488/1714/488
f 2279/1708/2279 487/1709/487 1260/1713/1260
f 1260/1713/1260 2281/1712/2281 2279/1708/2279
f 488/1714/488 1261/1715/1261 2282/1716/2282
f 2282/1716/2282 2283/1717/2283 126/1718/126
f 1261/1715/1261 489/1719/489 2283/1717/2283
f 2283/1717/2283 2282/1716/2282 1261/1715/1261
f 487/1709/487 2280/1711/2280 1262/1720/1262
f 1262/1720/1262 2284/1721/2284 489/1719/489
f 2280/1711/2280 120/1619/120 2284/1721/2284
f 2284/1721/2284 1262/1720/1262 2280/1711/2280
f 489/1719/489 1261/1715/1261 1262/1720/1262
f 1262/1720/1262 1260/1713/1260 487/1709/487
f 1261/1715/1261 488/1714/488 1260/1713/1260
f 1260/1713/1260 1262/1720/1262 1261/1715/1261
f 127/1722/127 2290/1723/2290 2285/1724/2285
f 2285/1724/2285 1263/1725/1263 490/1726/490
f 2290/1723/2290 492/1727/492 1263/1725/1263
f 1263/1725/1263 2285/1724/2285 2290/1723/2290
f 490/1726/490 1264/1728/1264 2286/1729/2286
f 2286/1729/2286 2287/1730/2287 119/1606/119
f 1264/1728/1264 491/1731/491 2287/1730/2287
f 2287/1730/2287 2286/1729/2286 1264/1728/1264
f 492/1727/492 2289/1732/2289 1265/1733/1265
f 1265/1733/1265 2288/1734/2288 491/1731/491
f 2289/1732/2289 126/1718/126 2288/1734/2288
f 2288/1734/2288 1265/1733/1265 2289/1732/2289
f 491/1731/491 1264/1728/1264 1265/1733/1265
f 1265/1733/1265 1263/1725/1263 492/1727/492
f 1264/1728/1264 490/1726/490 1263/1725/1263
f 1263/1725/1263 1265/1733/1265 1264/1728/1264
f 119/1606/119 2287/1730/2287 2246/1607/2246
f 2246/1607/2246 1266/1735/1266 470/1611/470
f 2287/1730/2287 491/1731/491 1266/1735/1266
f 1266/1735/1266 2246/1607/2246 2287/1730/2287
f 470/1611/470 1267/1736/1267 2245/1616/2245
f 2245/1616/2245 2284/1721/2284 120/1619/120
f 1267/1736/1267 489/1719/489 2284/1721/2284
f 2284/1721/2284 2245/1616/2245 1267/1736/1267
f 491/1731/491 2288/1734/2288 1268/1737/1268
f 1268/1737/1268 2283/1717/2283 489/1719/489
f 2288/1734/2288 126/1718/126 2283/1717/2283
f 2283/1717/2283 1268/1737/1268 2288/1734/2288
f 489/1719/489 1267/1736/1267 1268/1737/1268
f 1268/1737/1268 1266/1735/1266 491/1731/491
f 1267/1736/1267 470/1611/470 1266/1735/1266
f 1266/1735/1266 1268/1737/1268 1267/1736/1267
f 119/1606/119 2294/1738/2294 2286/1729/2286
f 2286/1729/2286 1269/1739/1269 490/1726/490
f 2294/1738/2294 494/1740/494 1269/1739/1269
f 1269/1739/1269 2286/1729/2286 2294/1738/2294
f 490/1726/490 1270/1741/1270 2285/1724/2285
f 2285/1724/2285 2291/1742/2291 127/1722/127
f 1270/1741/1270 493/1743/493 2291/1742/2291
f 2291/1742/2291 2285/1724/2285 1270/1741/1270
f 494/1740/494 2293/1744/2293 1271/1745/1271
f 1271/1745/1271 2292/1746/2292 493/1743/493
f 2293/1744/2293 123/1673/123 2292/1746/2292
f 2292/1746/2292 1271/1745/1271 2293/1744/2293
f 493/1743/493 1270/1741/1270 1271/1745/1271
f 1271/1745/1271 1269/1739/1269 494/1740/494
f 1270/1741/1270 490/1726/490 1269/1739/1269
f 1269/1739/1269 1271/1745/1271 1270/1741/1270
f 127/1722/127 2291/1742/2291 2295/1747/2295
f 2295/1747/2295 1272/1748/1272 495/1749/495
f 2291/1742/2291 493/1743/493 1272/1748/1272
f 1272/1748/1272 2295/1747/2295 2291/1742/2291
f 495/1749/495 1273/1750/1273 2296/1751/2296
f 2296/1751/2296 2297/1752/2297 128/1753/128
f 1273/1750/1273 496/1754/496 2297/1752/2297
f 2297/1752/2297 2296/1751/2296 1273/1750/1273
f 493/1743/493 2292/1746/2292 1274/1755/1274
f 1274/1755/1274 2298/1756/2298 496/1754/496
f 2292/1746/2292 123/1673/123 2298/1756/2298
f 2298/1756/2298 1274/1755/1274 2292/1746/2292
f 496/1754/496 1273/1750/1273 1274/1755/1274
f 1274/1755/1274 1272/1748/1272 493/1743/493
f 1273/1750/1273 495/1749/495 1272/1748/1272
f 1272/1748/1272 1274/1755/1274 1273/1750/1273
f 113/1297/113 2302/1757/2302 2133/1295/2133
f 2133/1295/2133 1275/1758/1275 414/1292/414
f 2302/1757/2302 498/1759/498 1275/1758/1275
f 1275/1758/1275 2133/1295/2133 2302/1757/2302
f 414/1292/414 1276/1760/1276 2132/1290/2132
f 2132/1290/2132 2299/1761/2299 112/1288/112
f 1276/1760/1276 497/1762/497 2299/1761/2299
f 2299/1761/2299 2132/1290/2132 1276/1760/1276
f 498/1759/498 2301/1763/2301 1277/1764/1277
f 1277/1764/1277 2300/1765/2300 497/1762/497
f 2301/1763/2301 128/1753/128 2300/1765/2300
f 2300/1765/2300 1277/1764/1277 2301/1763/2301
f 497/1762/497 1276/1760/1276 1277/1764/1277
f 1277/1764/1277 1275/1758/1275 498/1759/498
f 1276/1760/1276 414/1292/414 1275/1758/1275
f 1275/1758/1275 1277/1764/1277 1276/1760/1276
f 112/1288/112 2299/1761/2299 2266/1664/2266
f 2266/1664/2266 1278/1766/1278 480/1666/480
f 2299/1761/2299 497/1762/497 1278/1766/1278
f 1278/1766/1278 2266/1664/2266 2299/1761/2299
f 480/1666/480 1279/1767/1279 2265/1670/2265
f 2265/1670/2265 2298/1756/2298 123/1673/123
f 1279/1767/1279 496/1754/496 2298/1756/2298
f 2298/1756/2298 2265/1670/2265 1279/1767/1279
f 497/1762/497 2300/1765/2300 1280/1768/1280
f 1280/1768/1280 2297/1752/2297 496/1754/496
f 2300/1765/2300 128/1753/128 2297/1752/2297
f 2297/1752/2297 1280/1768/1280 2300/1765/2300
f 496/1754/496 1279/1767/1279 1280/1768/1280
f 1280/1768/1280 1278/1766/1278 497/1762/497
f 1279/1767/1279 480/1666/480 1278/1766/1278
f 1278/1766/1278 1280/1768/1280 1279/1767/1279
f 118/1590/118 2239/1600/2239 2242/1613/2242
f 2242/1613/2242 1281/1769/1281 468/1610/468
f 2239/1600/2239 467/1596/467 1281/1769/1281
f 1281/1769/1281 2242/1613/2242 2239/1600/2239
f 468/1610/468 1282/1770/1282 2241/1608/2241
f 2241/1608/2241 2303/1771/2303 119/1606/119
f 1282/1770/1282 499/1772/499 2303/1771/2303
f 2303/1771/2303 2241/1608/2241 1282/1770/1282
f 467/1596/467 2240/1594/2240 1283/1773/1283
f 1283/1773/1283 2304/1774/2304 499/1772/499
f 2240/1594/2240 82/926/82 2304/1774/2304
f 2304/1774/2304 1283/1773/1283 2240/1594/2240
f 499/1772/499 1282/1770/1282 1283/1773/1283
f 1283/1773/1283 1281/1769/1281 467/1596/467
f 1282/1770/1282 468/1610/468 1281/1769/1281
f 1281/1769/1281 1283/1773/1283 1282/1770/1282
f 119/1606/119 2303/1771/2303 2294/1738/2294
f 2294/1738/2294 1284/1775/1284 494/1740/494
f 2303/1771/2303 499/1772/499 1284/1775/1284
f 1284/1775/1284 2294/1738/2294 2303/1771/2303
f 494/1740/494 1285/1776/1285 2293/1744/2293
f 2293/1744/2293 2264/1672/2264 123/1673/123
f 1285/1776/1285 479/1669/479 2264/1672/2264
f 2264/1672/2264 2293/1744/2293 1285/1776/1285
f 499/1772/499 2304/1774/2304 1286/1777/1286
f 1286/1777/1286 2263/1668/2263 479/1669/479
f 2304/1774/2304 82/926/82 2263/1668/2263
f 2263/1668/2263 1286/1777/1286 2304/1774/2304
f 479/1669/479 1285/1776/1285 1286/1777/1286
f 1286/1777/1286 1284/1775/1284 499/1772/499
f 1285/1776/1285 494/1740/494 1284/1775/1284
f 1284/1775/1284 1286/1777/1286 1285/1776/1285
f 129/1778/129 2310/1779/2310 2305/1780/2305
f 2305/1780/2305 1287/1781/1287 500/1782/500
f 2310/1779/2310 502/1783/502 1287/1781/1287
f 1287/1781/1287 2305/1780/2305 2310/1779/2310
f 500/1782/500 1288/1784/1288 2306/1785/2306
f 2306/1785/2306 2307/1786/2307 131/1787/131
f 1288/1784/1288 501/1788/501 2307/1786/2307
f 2307/1786/2307 2306/1785/2306 1288/1784/1288
f 502/1783/502 2309/1789/2309 1289/1790/1289
f 1289/1790/1289 2308/1791/2308 501/1788/501
f 2309/1789/2309 130/1792/130 2308/1791/2308
f 2308/1791/2308 1289/1790/1289 2309/1789/2309
f 501/1788/501 1288/1784/1288 1289/1790/1289
f 1289/1790/1289 1287/1781/1287 502/1783/502
f 1288/1784/1288 500/1782/500 1287/1781/1287
f 1287/1781/1287 1289/1790/1289 1288/1784/1288
f 131/1787/131 2307/1786/2307 2311/1793/2311
f 2311/1793/2311 1290/1794/1290 503/1795/503
f 2307/1786/2307 501/1788/501 1290/1794/1290
f 1290/1794/1290 2311/1793/2311 2307/1786/2307
f 503/1795/503 1291/1796/1291 2312/1797/2312
f 2312/1797/2312 2313/1798/2313 132/1799/132
f 1291/1796/1291 504/1800/504 2313/1798/2313
f 2313/1798/2313 2312/1797/2312 1291/1796/1291
f 501/1788/501 2308/1791/2308 1292/1801/1292
f 1292/1801/1292 2314/1802/2314 504/1800/504
f 2308/1791/2308 130/1792/130 2314/1802/2314
f 2314/1802/2314 1292/1801/1292 2308/1791/2308
f 504/1800/504 1291/1796/1291 1292/1801/1292
f 1292/1801/1292 1290/1794/1290 501/1788/501
f 1291/1796/1291 503/1795/503 1290/1794/1290
f 1290/1794/1290 1292/1801/1292 1291/1796/1291
f 66/788/66 1941/790/1941 2315/1803/2315
f 2315/1803/2315 1293/1804/1293 505/1805/505
f 1941/790/1941 318/792/318 1293/1804/1293
f 1293/1804/1293 2315/1803/2315 1941/790/1941
f 505/1805/505 1294/1806/1294 2316/1807/2316
f 2316/1807/2316 2317/1808/2317 129/1778/129
f 1294/1806/1294 506/1809/506 2317/1808/2317
f 2317/1808/2317 2316/1807/2316 1294/1806/1294
f 318/792/318 1942/795/1942 1295/1810/1295
f 1295/1810/1295 2318/1811/2318 506/1809/506
f 1942/795/1942 67/797/67 2318/1811/2318
f 2318/1811/2318 1295/1810/1295 1942/795/1942
f 506/1809/506 1294/1806/1294 1295/1810/1295
f 1295/1810/1295 1293/1804/1293 318/792/318
f 1294/1806/1294 505/1805/505 1293/1804/1293
f 1293/1804/1293 1295/1810/1295 1294/1806/1294
f 129/1778/129 2317/1808/2317 2310/1779/2310
f 2310/1779/2310 1296/1812/1296 502/1783/502
f 2317/1808/2317 506/1809/506 1296/1812/1296
f 1296/1812/1296 2310/1779/2310 2317/1808/2317
f 502/1783/502 1297/1813/1297 2309/1789/2309
f 2309/1789/2309 2319/1814/2319 130/1792/130
f 1297/1813/1297 507/1815/507 2319/1814/2319
f 2319/1814/2319 2309/1789/2309 1297/1813/1297
f 506/1809/506 2318/1811/2318 1298/1816/1298
f 1298/1816/1298 2320/1817/2320 507/1815/507
f 2318/1811/2318 67/797/67 2320/1817/2320
f 2320/1817/2320 1298/1816/1298 2318/1811/2318
f 507/1815/507 1297/1813/1297 1298/1816/1298
f 1298/1816/1298 1296/1812/1296 506/1809/506
f 1297/1813/1297 502/1783/502 1296/1812/1296
f 1296/1812/1296 1298/1816/1298 1297/1813/1297
f 32/224/32 2324/1818/2324 1742/263/1742
f 1742/263/1742 1299/1819/1299 218/261/218
f 2324/1818/2324 509/1820/509 1299/1819/1299
f 1299/1819/1299 1742/263/1742 2324/1818/2324
f 218/261/218 1300/1821/1300 1741/259/1741
f 1741/259/1741 2321/1822/2321 35/260/35
f 1300/1821/1300 508/1823/508 2321/1822/2321
f 2321/1822/2321 1741/259/1741 1300/1821/1300
f 509/1820/509 2323/1824/2323 1301/1825/1301
f 1301/1825/1301 2322/1826/2322 508/1823/508
f 2323/1824/2323 133/1827/133 2322/1826/2322
f 2322/1826/2322 1301/1825/1301 2323/1824/2323
f 508/1823/508 1300/1821/1300 1301/1825/1301
f 1301/1825/1301 1299/1819/1299 509/1820/509
f 1300/1821/1300 218/261/218 1299/1819/1299
f 1299/1819/1299 1301/1825/1301 1300/1821/1300
f 35/260/35 2321/1822/2321 2000/949/2000
f 2000/949/2000 1302/1828/1302 347/946/347
f 2321/1822/2321 508/1823/508 1302/1828/1302
f 1302/1828/1302 2000/949/2000 2321/1822/2321
f 347/946/347 1303/1829/1303 1999/944/1999
f 1999/944/1999 2325/1830/2325 84/942/84
f 1303/1829/1303 510/1831/510 2325/1830/2325
f 2325/1830/2325 1999/944/1999 1303/1829/1303
f 508/1823/508 2322/1826/2322 1304/1832/1304
f 1304/1832/1304 2326/1833/2326 510/1831/510
f 2322/1826/2322 133/1827/133 2326/1833/2326
f 2326/1833/2326 1304/1832/1304 2322/1826/2322
f 510/1831/510 1303/1829/1303 1304/1832/1304
f 1304/1832/1304 1302/1828/1302 508/1823/508
f 1303/1829/1303 347/946/347 1302/1828/1302
f 1302/1828/1302 1304/1832/1304 1303/1829/1303
f 67/797/67 2035/1033/2035 2320/1817/2320
f 2320/1817/2320 1305/1834/1305 507/1815/507
f 2035/1033/2035 365/1035/365 1305/1834/1305
f 1305/1834/1305 2320/1817/2320 2035/1033/2035
f 507/1815/507 1306/1835/1306 2319/1814/2319
f 2319/1814/2319 2327/1836/2327 130/1792/130
f 1306/1835/1306 511/1837/511 2327/1836/2327
f 2327/1836/2327 2319/1814/2319 1306/1835/1306
f 365/1035/365 2036/1037/2036 1307/1838/1307
f 1307/1838/1307 2328/1839/2328 511/1837/511
f 2036/1037/2036 84/942/84 2328/1839/2328
f 2328/1839/2328 1307/1838/1307 2036/1037/2036
f 511/1837/511 1306/1835/1306 1307/1838/1307
f 1307/1838/1307 1305/1834/1305 365/1035/365
f 1306/1835/1306 507/1815/507 1305/1834/1305
f 1305/1834/1305 1307/1838/1307 1306/1835/1306
f 130/1792/130 2327/1836/2327 2329/1840/2329
f 2329/1840/2329 1308/1841/1308 512/1842/512
f 2327/1836/2327 511/1837/511 1308/1841/1308
f 1308/1841/1308 2329/1840/2329 2327/1836/2327
f 512/1842/512 1309/1843/1309 2330/1844/2330
f 2330/1844/2330 2326/1833/2326 133/1827/133
f 1309/1843/1309 510/1831/510 2326/1833/2326
f 2326/1833/2326 2330/1844/2330 1309/1843/1309
f 511/1837/511 2328/1839/2328 1310/1845/1310
f 1310/1845/1310 2325/1830/2325 510/1831/510
f 2328/1839/2328 84/942/84 2325/1830/2325
f 2325/1830/2325 1310/1845/1310 2328/1839/2328
f 510/1831/510 1309/1843/1309 1310/1845/1310
f 1310/1845/1310 1308/1841/1308 511/1837/511
f 1309/1843/1309 512/1842/512 1308/1841/1308
f 1308/1841/1308 1310/1845/1310 1309/1843/1309
f 131/1787/131 2311/1793/2311 2331/1846/2331
f 2331/1846/2331 1311/1847/1311 513/1848/513
f 2311/1793/2311 503/1795/503 1311/1847/1311
f 1311/1847/1311 2331/1846/2331 2311/1793/2311
f 513/1848/513 1312/1849/1312 2332/1850/2332
f 2332/1850/2332 2333/1851/2333 134/1852/134
f 1312/1849/1312 514/1853/514 2333/1851/2333
f 2333/1851/2333 2332/1850/2332 1312/1849/1312
f 503/1795/503 2312/1797/2312 1313/1854/1313
f 1313/1854/1313 2334/1855/2334 514/1853/514
f 2312/1797/2312 132/1799/132 2334/1855/2334
f 2334/1855/2334 1313/1854/1313 2312/1797/2312
f 514/1853/514 1312/1849/1312 1313/1854/1313
f 1313/1854/1313 1311/1847/1311 503/1795/503
f 1312/1849/1312 513/1848/513 1311/1847/1311
f 1311/1847/1311 1313/1854/1313 1312/1849/1312
f 134/1852/134 2333/1851/2333 2335/1856/2335
f 2335/1856/2335 1314/1857/1314 515/1858/515
f 2333/1851/2333 514/1853/514 1314/1857/1314
f 1314/1857/1314 2335/1856/2335 2333/1851/2333
f 515/1858/515 1315/1859/1315 2336/1860/2336
f 2336/1860/2336 2337/1861/2337 135/1862/135
f 1315/1859/1315 516/1863/516 2337/1861/2337
f 2337/1861/2337 2336/1860/2336 1315/1859/1315
f 514/1853/514 2334/1855/2334 1316/1864/1316
f 1316/1864/1316 2338/1865/2338 516/1863/516
f 2334/1855/2334 132/1799/132 2338/1865/2338
f 2338/1865/2338 1316/1864/1316 2334/1855/2334
f 516/1863/516 1315/1859/1315 1316/1864/1316
f 1316/1864/1316 1314/1857/1314 514/1853/514
f 1315/1859/1315 515/1858/515 1314/1857/1314
f 1314/1857/1314 1316/1864/1316 1315/1859/1315
f 136/1866/136 2344/1867/2344 2339/1868/2339
f 2339/1868/2339 1317/1869/1317 517/1870/517
f 2344/1867/2344 519/1871/519 1317/1869/1317
f 1317/1869/1317 2339/1868/2339 2344/1867/2344
f 517/1870/517 1318/1872/1318 2340/1873/2340
f 2340/1873/2340 2341/1874/2341 135/1862/135
f 1318/1872/1318 518/1875/518 2341/1874/2341
f 2341/1874/2341 2340/1873/2340 1318/1872/1318
f 519/1871/519 2343/1876/2343 1319/1877/1319
f 1319/1877/1319 2342/1878/2342 518/1875/518
f 2343/1876/2343 137/1879/137 2342/1878/2342
f 2342/1878/2342 1319/1877/1319 2343/1876/2343
f 518/1875/518 1318/1872/1318 1319/1877/1319
f 1319/1877/1319 1317/1869/1317 519/1871/519
f 1318/1872/1318 517/1870/517 1317/1869/1317
f 1317/1869/1317 1319/1877/1319 1318/1872/1318
f 135/1862/135 2341/1874/2341 2336/1860/2336
f 2336/1860/2336 1320/1880/1320 515/1858/515
f 2341/1874/2341 518/1875/518 1320/1880/1320
f 1320/1880/1320 2336/1860/2336 2341/1874/2341
f 515/1858/515 1321/1881/1321 2335/1856/2335
f 2335/1856/2335 2345/1882/2345 134/1852/134
f 1321/1881/1321 520/1883/520 2345/1882/2345
f 2345/1882/2345 2335/1856/2335 1321/1881/1321
f 518/1875/518 2342/1878/2342 1322/1884/1322
f 1322/1884/1322 2346/1885/2346 520/1883/520
f 2342/1878/2342 137/1879/137 2346/1885/2346
f 2346/1885/2346 1322/1884/1322 2342/1878/2342
f 520/1883/520 1321/1881/1321 1322/1884/1322
f 1322/1884/1322 1320/1880/1320 518/1875/518
f 1321/1881/1321 515/1858/515 1320/1880/1320
f 1320/1880/1320 1322/1884/1322 1321/1881/1321
f 138/1886/138 2352/1887/2352 2347/1888/2347
f 2347/1888/2347 1323/1889/1323 521/1890/521
f 2352/1887/2352 523/1891/523 1323/1889/1323
f 1323/1889/1323 2347/1888/2347 2352/1887/2352
f 521/1890/521 1324/1892/1324 2348/1893/2348
f 2348/1893/2348 2349/1894/2349 46/414/46
f 1324/1892/1324 522/1895/522 2349/1894/2349
f 2349/1894/2349 2348/1893/2348 1324/1892/1324
f 523/1891/523 2351/1896/2351 1325/1897/1325
f 1325/1897/1325 2350/1898/2350 522/1895/522
f 2351/1896/2351 26/179/26 2350/1898/2350
f 2350/1898/2350 1325/1897/1325 2351/1896/2351
f 522/1895/522 1324/1892/1324 1325/1897/1325
f 1325/1897/1325 1323/1889/1323 523/1891/523
f 1324/1892/1324 521/1890/521 1323/1889/1323
f 1323/1889/1323 1325/1897/1325 1324/1892/1324
f 46/414/46 2349/1894/2349 1813/441/1813
f 1813/441/1813 1326/1899/1326 254/439/254
f 2349/1894/2349 522/1895/522 1326/1899/1326
f 1326/1899/1326 1813/441/1813 2349/1894/2349
f 254/439/254 1327/1900/1327 1812/437/1812
f 1812/437/1812 1710/186/1710 28/188/28
f 1327/1900/1327 202/183/202 1710/186/1710
f 1710/186/1710 1812/437/1812 1327/1900/1327
f 522/1895/522 2350/1898/2350 1328/1901/1328
f 1328/1901/1328 1709/181/1709 202/183/202
f 2350/1898/2350 26/179/26 1709/181/1709
f 1709/181/1709 1328/1901/1328 2350/1898/2350
f 202/183/202 1327/1900/1327 1328/1901/1328
f 1328/1901/1328 1326/1899/1326 522/1895/522
f 1327/1900/1327 254/439/254 1326/1899/1326
f 1326/1899/1326 1328/1901/1328 1327/1900/1327
f 133/1827/133 2323/1824/2323 2353/1902/2353
f 2353/1902/2353 1329/1903/1329 524/1904/524
f 2323/1824/2323 509/1820/509 1329/1903/1329
f 1329/1903/1329 2353/1902/2353 2323/1824/2323
f 524/1904/524 1330/1905/1330 2354/1906/2354
f 2354/1906/2354 2355/1907/2355 139/1908/139
f 1330/1905/1330 525/1909/525 2355/1907/2355
f 2355/1907/2355 2354/1906/2354 1330/1905/1330
f 509/1820/509 2324/1818/2324 1331/1910/1331
f 1331/1910/1331 2356/1911/2356 525/1909/525
f 2324/1818/2324 32/224/32 2356/1911/2356
f 2356/1911/2356 1331/1910/1331 2324/1818/2324
f 525/1909/525 1330/1905/1330 1331/1910/1331
f 1331/1910/1331 1329/1903/1329 509/1820/509
f 1330/1905/1330 524/1904/524 1329/1903/1329
f 1329/1903/1329 1331/1910/1331 1330/1905/1330
f 139/1908/139 2355/1907/2355 2357/1912/2357
f 2357/1912/2357 1332/1913/1332 526/1914/526
f 2355/1907/2355 525/1909/525 1332/1913/1332
f 1332/1913/1332 2357/1912/2357 2355/1907/2355
f 526/1914/526 1333/1915/1333 2358/1916/2358
f 2358/1916/2358 1728/231/1728 31/220/31
f 1333/1915/1333 211/228/211 1728/231/1728
f 1728/231/1728 2358/1916/2358 1333/1915/1333
f 525/1909/525 2356/1911/2356 1334/1917/1334
f 1334/1917/1334 1727/226/1727 211/228/211
f 2356/1911/2356 32/224/32 1727/226/1727
f 1727/226/1727 1334/1917/1334 2356/1911/2356
f 211/228/211 1333/1915/1333 1334/1917/1334
f 1334/1917/1334 1332/1913/1332 525/1909/525
f 1333/1915/1333 526/1914/526 1332/1913/1332
f 1332/1913/1332 1334/1917/1334 1333/1915/1333
f 26/179/26 2351/1896/2351 1726/223/1726
f 1726/223/1726 1335/1918/1335 210/221/210
f 2351/1896/2351 523/1891/523 1335/1918/1335
f 1335/1918/1335 1726/223/1726 2351/1896/2351
f 210/221/210 1336/1919/1336 1725/219/1725
f 1725/219/1725 2359/1920/2359 31/220/31
f 1336/1919/1336 527/1921/527 2359/1920/2359
f 2359/1920/2359 1725/219/1725 1336/1919/1336
f 523/1891/523 2352/1887/2352 1337/1922/1337
f 1337/1922/1337 2360/1923/2360 527/1921/527
f 2352/1887/2352 138/1886/138 2360/1923/2360
f 2360/1923/2360 1337/1922/1337 2352/1887/2352
f 527/1921/527 1336/1919/1336 1337/1922/1337
f 1337/1922/1337 1335/1918/1335 523/1891/523
f 1336/1919/1336 210/221/210 1335/1918/1335
f 1335/1918/1335 1337/1922/1337 1336/1919/1336
f 31/220/31 2359/1920/2359 2358/1916/2358
f 2358/1916/2358 1338/1924/1338 526/1914/526
f 2359/1920/2359 527/1921/527 1338/1924/1338
f 1338/1924/1338 2358/1916/2358 2359/1920/2359
f 526/1914/526 1339/1925/1339 2357/1912/2357
f 2357/1912/2357 2361/1926/2361 139/1908/139
f 1339/1925/1339 528/1927/528 2361/1926/2361
f 2361/1926/2361 2357/1912/2357 1339/1925/1339
f 527/1921/527 2360/1923/2360 1340/1928/1340
f 1340/1928/1340 2362/1929/2362 528/1927/528
f 2360/1923/2360 138/1886/138 2362/1929/2362
f 2362/1929/2362 1340/1928/1340 2360/1923/2360
f 528/1927/528 1339/1925/1339 1340/1928/1340
f 1340/1928/1340 1338/1924/1338 527/1921/527
f 1339/1925/1339 526/1914/526 1338/1924/1338
f 1338/1924/1338 1340/1928/1340 1339/1925/1339
f 130/1792/130 2329/1840/2329 2314/1802/2314
f 2314/1802/2314 1341/1930/1341 504/1800/504
f 2329/1840/2329 512/1842/512 1341/1930/1341
f 1341/1930/1341 2314/1802/2314 2329/1840/2329
f 504/1800/504 1342/1931/1342 2313/1798/2313
f 2313/1798/2313 2363/1932/2363 132/1799/132
f 1342/1931/1342 529/1933/529 2363/1932/2363
f 2363/1932/2363 2313/1798/2313 1342/1931/1342
f 512/1842/512 2330/1844/2330 1343/1934/1343
f 1343/1934/1343 2364/1935/2364 529/1933/529
f 2330/1844/2330 133/1827/133 2364/1935/2364
f 2364/1935/2364 1343/1934/1343 2330/1844/2330
f 529/1933/529 1342/1931/1342 1343/1934/1343
f 1343/1934/1343 1341/1930/1341 512/1842/512
f 1342/1931/1342 504/1800/504 1341/1930/1341
f 1341/1930/1341 1343/1934/1343 1342/1931/1342
f 132/1799/132 2363/1932/2363 2365/1936/2365
f 2365/1936/2365 1344/1937/1344 530/1938/530
f 2363/1932/2363 529/1933/529 1344/1937/1344
f 1344/1937/1344 2365/1936/2365 2363/1932/2363
f 530/1938/530 1345/1939/1345 2366/1940/2366
f 2366/1940/2366 2354/1906/2354 139/1908/139
f 1345/1939/1345 524/1904/524 2354/1906/2354
f 2354/1906/2354 2366/1940/2366 1345/1939/1345
f 529/1933/529 2364/1935/2364 1346/1941/1346
f 1346/1941/1346 2353/1902/2353 524/1904/524
f 2364/1935/2364 133/1827/133 2353/1902/2353
f 2353/1902/2353 1346/1941/1346 2364/1935/2364
f 524/1904/524 1345/1939/1345 1346/1941/1346
f 1346/1941/1346 1344/1937/1344 529/1933/529
f 1345/1939/1345 530/1938/530 1344/1937/1344
f 1344/1937/1344 1346/1941/1346 1345/1939/1345
f 140/1942/140 2372/1943/2372 2367/1944/2367
f 2367/1944/2367 1347/1945/1347 531/1946/531
f 2372/1943/2372 533/1947/533 1347/1945/1347
f 1347/1945/1347 2367/1944/2367 2372/1943/2372
f 531/1946/531 1348/1948/1348 2368/1949/2368
f 2368/1949/2368 2369/1950/2369 141/1951/141
f 1348/1948/1348 532/1952/532 2369/1950/2369
f 2369/1950/2369 2368/1949/2368 1348/1948/1348
f 533/1947/533 2371/1953/2371 1349/1954/1349
f 1349/1954/1349 2370/1955/2370 532/1952/532
f 2371/1953/2371 138/1886/138 2370/1955/2370
f 2370/1955/2370 1349/1954/1349 2371/1953/2371
f 532/1952/532 1348/1948/1348 1349/1954/1349
f 1349/1954/1349 1347/1945/1347 533/1947/533
f 1348/1948/1348 531/1946/531 1347/1945/1347
f 1347/1945/1347 1349/1954/1349 1348/1948/1348
f 138/1886/138 2376/1956/2376 2370/1955/2370
f 2370/1955/2370 1350/1957/1350 532/1952/532
f 2376/1956/2376 535/1958/535 1350/1957/1350
f 1350/1957/1350 2370/1955/2370 2376/1956/2376
f 532/1952/532 1351/1959/1351 2369/1950/2369
f 2369/1950/2369 2373/1960/2373 141/1951/141
f 1351/1959/1351 534/1961/534 2373/1960/2373
f 2373/1960/2373 2369/1950/2369 1351/1959/1351
f 535/1958/535 2375/1962/2375 1352/1963/1352
f 1352/1963/1352 2374/1964/2374 534/1961/534
f 2375/1962/2375 142/1965/142 2374/1964/2374
f 2374/1964/2374 1352/1963/1352 2375/1962/2375
f 534/1961/534 1351/1959/1351 1352/1963/1352
f 1352/1963/1352 1350/1957/1350 535/1958/535
f 1351/1959/1351 532/1952/532 1350/1957/1350
f 1350/1957/1350 1352/1963/1352 1351/1959/1351
f 46/414/46 1804/418/1804 2348/1893/2348
f 2348/1893/2348 1353/1966/1353 521/1890/521
f 1804/418/1804 250/420/250 1353/1966/1353
f 1353/1966/1353 2348/1893/2348 1804/418/1804
f 521/1890/521 1354/1967/1354 2347/1888/2347
f 2347/1888/2347 2377/1968/2377 138/1886/138
f 1354/1967/1354 536/1969/536 2377/1968/2377
f 2377/1968/2377 2347/1888/2347 1354/1967/1354
f 250/420/250 1805/422/1805 1355/1970/1355
f 1355/1970/1355 2378/1971/2378 536/1969/536
f 1805/422/1805 47/424/47 2378/1971/2378
f 2378/1971/2378 1355/1970/1355 1805/422/1805
f 536/1969/536 1354/1967/1354 1355/1970/1355
f 1355/1970/1355 1353/1966/1353 250/420/250
f 1354/1967/1354 521/1890/521 1353/1966/1353
f 1353/1966/1353 1355/1970/1355 1354/1967/1354
f 138/1886/138 2377/1968/2377 2376/1956/2376
f 2376/1956/2376 1356/1972/1356 535/1958/535
f 2377/1968/2377 536/1969/536 1356/1972/1356
f 1356/1972/1356 2376/1956/2376 2377/1968/2377
f 535/1958/535 1357/1973/1357 2375/1962/2375
f 2375/1962/2375 2379/1974/2379 142/1965/142
f 1357/1973/1357 537/1975/537 2379/1974/2379
f 2379/1974/2379 2375/1962/2375 1357/1973/1357
f 536/1969/536 2378/1971/2378 1358/1976/1358
f 1358/1976/1358 2380/1977/2380 537/1975/537
f 2378/1971/2378 47/424/47 2380/1977/2380
f 2380/1977/2380 1358/1976/1358 2378/1971/2378
f 537/1975/537 1357/1973/1357 1358/1976/1358
f 1358/1976/1358 1356/1972/1356 536/1969/536
f 1357/1973/1357 535/1958/535 1356/1972/1356
f 1356/1972/1356 1358/1976/1358 1357/1973/1357
f 143/1978/143 2386/1979/2386 2381/1980/2381
f 2381/1980/2381 1359/1981/1359 538/1982/538
f 2386/1979/2386 540/1983/540 1359/1981/1359
f 1359/1981/1359 2381/1980/2381 2386/1979/2386
f 538/1982/538 1360/1984/1360 2382/1985/2382
f 2382/1985/2382 2383/1986/2383 144/1987/144
f 1360/1984/1360 539/1988/539 2383/1986/2383
f 2383/1986/2383 2382/1985/2382 1360/1984/1360
f 540/1983/540 2385/1989/2385 1361/1990/1361
f 1361/1990/1361 2384/1991/2384 539/1988/539
f 2385/1989/2385 142/1965/142 2384/1991/2384
f 2384/1991/2384 1361/1990/1361 2385/1989/2385
f 539/1988/539 1360/1984/1360 1361/1990/1361
f 1361/1990/1361 1359/1981/1359 540/1983/540
f 1360/1984/1360 538/1982/538 1359/1981/1359
f 1359/1981/1359 1361/1990/1361 1360/1984/1360
f 144/1987/144 2383/1986/2383 2387/1992/2387
f 2387/1992/2387 1362/1993/1362 541/1994/541
f 2383/1986/2383 539/1988/539 1362/1993/1362
f 1362/1993/1362 2387/1992/2387 2383/1986/2383
f 541/1994/541 1363/1995/1363 2388/1996/2388
f 2388/1996/2388 2380/1977/2380 47/424/47
f 1363/1995/1363 537/1975/537 2380/1977/2380
f 2380/1977/2380 2388/1996/2388 1363/1995/1363
f 539/1988/539 2384/1991/2384 1364/1997/1364
f 1364/1997/1364 2379/1974/2379 537/1975/537
f 2384/1991/2384 142/1965/142 2379/1974/2379
f 2379/1974/2379 1364/1997/1364 2384/1991/2384
f 537/1975/537 1363/1995/1363 1364/1997/1364
f 1364/1997/1364 1362/1993/1362 539/1988/539
f 1363/1995/1363 541/1994/541 1362/1993/1362
f 1362/1993/1362 1364/1997/1364 1363/1995/1363
f 142/1965/142 2385/1989/2385 2374/1964/2374
f 2374/1964/2374 1365/1998/1365 534/1961/534
f 2385/1989/2385 540/1983/540 1365/1998/1365
f 1365/1998/1365 2374/1964/2374 2385/1989/2385
f 534/1961/534 1366/1999/1366 2373/1960/2373
f 2373/1960/2373 2389/2000/2389 141/1951/141
f 1366/1999/1366 542/2001/542 2389/2000/2389
f 2389/2000/2389 2373/1960/2373 1366/1999/1366
f 540/1983/540 2386/1979/2386 1367/2002/1367
f 1367/2002/1367 2390/2003/2390 542/2001/542
f 2386/1979/2386 143/1978/143 2390/2003/2390
f 2390/2003/2390 1367/2002/1367 2386/1979/2386
f 542/2001/542 1366/1999/1366 1367/2002/1367
f 1367/2002/1367 1365/1998/1365 540/1983/540
f 1366/1999/1366 534/1961/534 1365/1998/1365
f 1365/1998/1365 1367/2002/1367 1366/1999/1366
f 141/1951/141 2389/2000/2389 2391/2004/2391
f 2391/2004/2391 1368/2005/1368 543/2006/543
f 2389/2000/2389 542/2001/542 1368/2005/1368
f 1368/2005/1368 2391/2004/2391 2389/2000/2389
f 543/2006/543 1369/2007/1369 2392/2008/2392
f 2392/2008/2392 2393/2009/2393 145/2010/145
f 1369/2007/1369 544/2011/544 2393/2009/2393
f 2393/2009/2393 2392/2008/2392 1369/2007/1369
f 542/2001/542 2390/2003/2390 1370/2012/1370
f 1370/2012/1370 2394/2013/2394 544/2011/544
f 2390/2003/2390 143/1978/143 2394/2013/2394
f 2394/2013/2394 1370/2012/1370 2390/2003/2390
f 544/2011/544 1369/2007/1369 1370/2012/1370
f 1370/2012/1370 1368/2005/1368 542/2001/542
f 1369/2007/1369 543/2006/543 1368/2005/1368
f 1368/2005/1368 1370/2012/1370 1369/2007/1369
f 146/2014/146 2400/2015/2400 2395/2016/2395
f 2395/2016/2395 1371/2017/1371 545/2018/545
f 2400/2015/2400 547/2019/547 1371/2017/1371
f 1371/2017/1371 2395/2016/2395 2400/2015/2400
f 545/2018/545 1372/2020/1372 2396/2021/2396
f 2396/2021/2396 2397/2022/2397 145/2010/145
f 1372/2020/1372 546/2023/546 2397/2022/2397
f 2397/2022/2397 2396/2021/2396 1372/2020/1372
f 547/2019/547 2399/2024/2399 1373/2025/1373
f 1373/2025/1373 2398/2026/2398 546/2023/546
f 2399/2024/2399 140/1942/140 2398/2026/2398
f 2398/2026/2398 1373/2025/1373 2399/2024/2399
f 546/2023/546 1372/2020/1372 1373/2025/1373
f 1373/2025/1373 1371/2017/1371 547/2019/547
f 1372/2020/1372 545/2018/545 1371/2017/1371
f 1371/2017/1371 1373/2025/1373 1372/2020/1372
f 145/2010/145 2397/2022/2397 2392/2008/2392
f 2392/2008/2392 1374/2027/1374 543/2006/543
f 2397/2022/2397 546/2023/546 1374/2027/1374
f 1374/2027/1374 2392/2008/2392 2397/2022/2397
f 543/2006/543 1375/2028/1375 2391/2004/2391
f 2391/2004/2391 2368/1949/2368 141/1951/141
f 1375/2028/1375 531/1946/531 2368/1949/2368
f 2368/1949/2368 2391/2004/2391 1375/2028/1375
f 546/2023/546 2398/2026/2398 1376/2029/1376
f 1376/2029/1376 2367/1944/2367 531/1946/531
f 2398/2026/2398 140/1942/140 2367/1944/2367
f 2367/1944/2367 1376/2029/1376 2398/2026/2398
f 531/1946/531 1375/2028/1375 1376/2029/1376
f 1376/2029/1376 1374/2027/1374 546/2023/546
f 1375/2028/1375 543/2006/543 1374/2027/1374
f 1374/2027/1374 1376/2029/1376 1375/2028/1375
f 137/1879/137 2343/1876/2343 2401/2030/2401
f 2401/2030/2401 1377/2031/1377 548/2032/548
f 2343/1876/2343 519/1871/519 1377/2031/1377
f 1377/2031/1377 2401/2030/2401 2343/1876/2343
f 548/2032/548 1378/2033/1378 2402/2034/2402
f 2402/2034/2402 2403/2035/2403 146/2014/146
f 1378/2033/1378 549/2036/549 2403/2035/2403
f 2403/2035/2403 2402/2034/2402 1378/2033/1378
f 519/1871/519 2344/1867/2344 1379/2037/1379
f 1379/2037/1379 2404/2038/2404 549/2036/549
f 2344/1867/2344 136/1866/136 2404/2038/2404
f 2404/2038/2404 1379/2037/1379 2344/1867/2344
f 549/2036/549 1378/2033/1378 1379/2037/1379
f 1379/2037/1379 1377/2031/1377 519/1871/519
f 1378/2033/1378 548/2032/548 1377/2031/1377
f 1377/2031/1377 1379/2037/1379 1378/2033/1378
f 146/2014/146 2403/2035/2403 2400/2015/2400
f 2400/2015/2400 1380/2039/1380 547/2019/547
f 2403/2035/2403 549/2036/549 1380/2039/1380
f 1380/2039/1380 2400/2015/2400 2403/2035/2403
f 547/2019/547 1381/2040/1381 2399/2024/2399
f 2399/2024/2399 2405/2041/2405 140/1942/140
f 1381/2040/1381 550/2042/550 2405/2041/2405
f 2405/2041/2405 2399/2024/2399 1381/2040/1381
f 549/2036/549 2404/2038/2404 1382/2043/1382
f 1382/2043/1382 2406/2044/2406 550/2042/550
f 2404/2038/2404 136/1866/136 2406/2044/2406
f 2406/2044/2406 1382/2043/1382 2404/2038/2404
f 550/2042/550 1381/2040/1381 1382/2043/1382
f 1382/2043/1382 1380/2039/1380 549/2036/549
f 1381/2040/1381 547/2019/547 1380/2039/1380
f 1380/2039/1380 1382/2043/1382 1381/2040/1381
f 132/1799/132 2365/1936/2365 2338/1865/2338
f 2338/1865/2338 1383/2045/1383 516/1863/516
f 2365/1936/2365 530/1938/530 1383/2045/1383
f 1383/2045/1383 2338/1865/2338 2365/1936/2365
f 516/1863/516 1384/2046/1384 2337/1861/2337
f 2337/1861/2337 2407/2047/2407 135/1862/135
f 1384/2046/1384 551/2048/551 2407/2047/2407
f 2407/2047/2407 2337/1861/2337 1384/2046/1384
f 530/1938/530 2366/1940/2366 1385/2049/1385
f 1385/2049/1385 2408/2050/2408 551/2048/551
f 2366/1940/2366 139/1908/139 2408/2050/2408
f 2408/2050/2408 1385/2049/1385 2366/1940/2366
f 551/2048/551 1384/2046/1384 1385/2049/1385
f 1385/2049/1385 1383/2045/1383 530/1938/530
f 1384/2046/1384 516/1863/516 1383/2045/1383
f 1383/2045/1383 1385/2049/1385 1384/2046/1384
f 135/1862/135 2407/2047/2407 2340/1873/2340
f 2340/1873/2340 1386/2051/1386 517/1870/517
f 2407/2047/2407 551/2048/551 1386/2051/1386
f 1386/2051/1386 2340/1873/2340 2407/2047/2407
f 517/1870/517 1387/2052/1387 2339/1868/2339
f 2339/1868/2339 2409/2053/2409 136/1866/136
f 1387/2052/1387 552/2054/552 2409/2053/2409
f 2409/2053/2409 2339/1868/2339 1387/2052/1387
f 551/2048/551 2408/2050/2408 1388/2055/1388
f 1388/2055/1388 2410/2056/2410 552/2054/552
f 2408/2050/2408 139/1908/139 2410/2056/2410
f 2410/2056/2410 1388/2055/1388 2408/2050/2408
f 552/2054/552 1387/2052/1387 1388/2055/1388
f 1388/2055/1388 1386/2051/1386 551/2048/551
f 1387/2052/1387 517/1870/517 1386/2051/1386
f 1386/2051/1386 1388/2055/1388 1387/2052/1387
f 138/1886/138 2371/1953/2371 2362/1929/2362
f 2362/1929/2362 1389/2057/1389 528/1927/528
f 2371/1953/2371 533/1947/533 1389/2057/1389
f 1389/2057/1389 2362/1929/2362 2371/1953/2371
f 528/1927/528 1390/2058/1390 2361/1926/2361
f 2361/1926/2361 2411/2059/2411 139/1908/139
f 1390/2058/1390 553/2060/553 2411/2059/2411
f 2411/2059/2411 2361/1926/2361 1390/2058/1390
f 533/1947/533 2372/1943/2372 1391/2061/1391
f 1391/2061/1391 2412/2062/2412 553/2060/553
f 2372/1943/2372 140/1942/140 2412/2062/2412
f 2412/2062/2412 1391/2061/1391 2372/1943/2372
f 553/2060/553 1390/2058/1390 1391/2061/1391
f 1391/2061/1391 1389/2057/1389 533/1947/533
f 1390/2058/1390 528/1927/528 1389/2057/1389
f 1389/2057/1389 1391/2061/1391 1390/2058/1390
f 139/1908/139 2411/2059/2411 2410/2056/2410
f 2410/2056/2410 1392/2063/1392 552/2054/552
f 2411/2059/2411 553/2060/553 1392/2063/1392
f 1392/2063/1392 2410/2056/2410 2411/2059/2411
f 552/2054/552 1393/2064/1393 2409/2053/2409
f 2409/2053/2409 2406/2044/2406 136/1866/136
f 1393/2064/1393 550/2042/550 2406/2044/2406
f 2406/2044/2406 2409/2053/2409 1393/2064/1393
f 553/2060/553 2412/2062/2412 1394/2065/1394
f 1394/2065/1394 2405/2041/2405 550/2042/550
f 2412/2062/2412 140/1942/140 2405/2041/2405
f 2405/2041/2405 1394/2065/1394 2412/2062/2412
f 550/2042/550 1393/2064/1393 1394/2065/1394
f 1394/2065/1394 1392/2063/1392 553/2060/553
f 1393/2064/1393 552/2054/552 1392/2063/1392
f 1392/2063/1392 1394/2065/1394 1393/2064/1393
f 147/2066/147 2418/2067/2418 2413/2068/2413
f 2413/2068/2413 1395/2069/1395 554/2070/554
f 2418/2067/2418 556/2071/556 1395/2069/1395
f 1395/2069/1395 2413/2068/2413 2418/2067/2418
f 554/2070/554 1396/2072/1396 2414/2073/2414
f 2414/2073/2414 2415/2074/2415 148/2075/148
f 1396/2072/1396 555/2076/555 2415/2074/2415
f 2415/2074/2415 2414/2073/2414 1396/2072/1396
f 556/2071/556 2417/2077/2417 1397/2078/1397
f 1397/2078/1397 2416/2079/2416 555/2076/555
f 2417/2077/2417 108/1216/108 2416/2079/2416
f 2416/2079/2416 1397/2078/1397 2417/2077/2417
f 555/2076/555 1396/2072/1396 1397/2078/1397
f 1397/2078/1397 1395/2069/1395 556/2071/556
f 1396/2072/1396 554/2070/554 1395/2069/1395
f 1395/2069/1395 1397/2078/1397 1396/2072/1396
f 148/2075/148 2415/2074/2415 2419/2080/2419
f 2419/2080/2419 1398/2081/1398 557/2082/557
f 2415/2074/2415 555/2076/555 1398/2081/1398
f 1398/2081/1398 2419/2080/2419 2415/2074/2415
f 557/2082/557 1399/2083/1399 2420/2084/2420
f 2420/2084/2420 2103/1220/2103 107/1221/107
f 1399/2083/1399 399/1217/399 2103/1220/2103
f 2103/1220/2103 2420/2084/2420 1399/2083/1399
f 555/2076/555 2416/2079/2416 1400/2085/1400
f 1400/2085/1400 2102/1215/2102 399/1217/399
f 2416/2079/2416 108/1216/108 2102/1215/2102
f 2102/1215/2102 1400/2085/1400 2416/2079/2416
f 399/1217/399 1399/2083/1399 1400/2085/1400
f 1400/2085/1400 1398/2081/1398 555/2076/555
f 1399/2083/1399 557/2082/557 1398/2081/1398
f 1398/2081/1398 1400/2085/1400 1399/2083/1399
f 147/2066/147 2413/2068/2413 2421/2086/2421
f 2421/2086/2421 1401/2087/1401 558/2088/558
f 2413/2068/2413 554/2070/554 1401/2087/1401
f 1401/2087/1401 2421/2086/2421 2413/2068/2413
f 558/2088/558 1402/2089/1402 2422/2090/2422
f 2422/2090/2422 2423/2091/2423 104/1188/104
f 1402/2089/1402 559/2092/559 2423/2091/2423
f 2423/2091/2423 2422/2090/2422 1402/2089/1402
f 554/2070/554 2414/2073/2414 1403/2093/1403
f 1403/2093/1403 2424/2094/2424 559/2092/559
f 2414/2073/2414 148/2075/148 2424/2094/2424
f 2424/2094/2424 1403/2093/1403 2414/2073/2414
f 559/2092/559 1402/2089/1402 1403/2093/1403
f 1403/2093/1403 1401/2087/1401 554/2070/554
f 1402/2089/1402 558/2088/558 1401/2087/1401
f 1401/2087/1401 1403/2093/1403 1402/2089/1402
f 104/1188/104 2423/2091/2423 2098/1189/2098
f 2098/1189/2098 1404/2095/1404 396/1193/396
f 2423/2091/2423 559/2092/559 1404/2095/1404
f 1404/2095/1404 2098/1189/2098 2423/2091/2423
f 396/1193/396 1405/2096/1405 2097/1198/2097
f 2097/1198/2097 2425/2097/2425 105/1201/105
f 1405/2096/1405 560/2098/560 2425/2097/2425
f 2425/2097/2425 2097/1198/2097 1405/2096/1405
f 559/2092/559 2424/2094/2424 1406/2099/1406
f 1406/2099/1406 2426/2100/2426 560/2098/560
f 2424/2094/2424 148/2075/148 2426/2100/2426
f 2426/2100/2426 1406/2099/1406 2424/2094/2424
f 560/2098/560 1405/2096/1405 1406/2099/1406
f 1406/2099/1406 1404/2095/1404 559/2092/559
f 1405/2096/1405 396/1193/396 1404/2095/1404
f 1404/2095/1404 1406/2099/1406 1405/2096/1405
f 108/1216/108 2417/2077/2417 2111/1236/2111
f 2111/1236/2111 1407/2101/1407 403/1234/403
f 2417/2077/2417 556/2071/556 1407/2101/1407
f 1407/2101/1407 2111/1236/2111 2417/2077/2417
f 403/1234/403 1408/2102/1408 2110/1233/2110
f 2110/1233/2110 2427/2103/2427 96/1097/96
f 1408/2102/1408 561/2104/561 2427/2103/2427
f 2427/2103/2427 2110/1233/2110 1408/2102/1408
f 556/2071/556 2418/2067/2418 1409/2105/1409
f 1409/2105/1409 2428/2106/2428 561/2104/561
f 2418/2067/2418 147/2066/147 2428/2106/2428
f 2428/2106/2428 1409/2105/1409 2418/2067/2418
f 561/2104/561 1408/2102/1408 1409/2105/1409
f 1409/2105/1409 1407/2101/1407 556/2071/556
f 1408/2102/1408 403/1234/403 1407/2101/1407
f 1407/2101/1407 1409/2105/1409 1408/2102/1408
f 96/1097/96 2427/2103/2427 2429/2107/2429
f 2429/2107/2429 1410/2108/1410 562/2109/562
f 2427/2103/2427 561/2104/561 1410/2108/1410
f 1410/2108/1410 2429/2107/2429 2427/2103/2427
f 562/2109/562 1411/2110/1411 2430/2111/2430
f 2430/2111/2430 2431/2112/2431 149/2113/149
f 1411/2110/1411 563/2114/563 2431/2112/2431
f 2431/2112/2431 2430/2111/2430 1411/2110/1411
f 561/2104/561 2428/2106/2428 1412/2115/1412
f 1412/2115/1412 2432/2116/2432 563/2114/563
f 2428/2106/2428 147/2066/147 2432/2116/2432
f 2432/2116/2432 1412/2115/1412 2428/2106/2428
f 563/2114/563 1411/2110/1411 1412/2115/1412
f 1412/2115/1412 1410/2108/1410 561/2104/561
f 1411/2110/1411 562/2109/562 1410/2108/1410
f 1410/2108/1410 1412/2115/1412 1411/2110/1411
f 96/1097/96 2429/2107/2429 2056/1095/2056
f 2056/1095/2056 1413/2117/1413 375/1092/375
f 2429/2107/2429 562/2109/562 1413/2117/1413
f 1413/2117/1413 2056/1095/2056 2429/2107/2429
f 375/1092/375 1414/2118/1414 2055/1090/2055
f 2055/1090/2055 2433/2119/2433 94/1088/94
f 1414/2118/1414 564/2120/564 2433/2119/2433
f 2433/2119/2433 2055/1090/2055 1414/2118/1414
f 562/2109/562 2430/2111/2430 1415/2121/1415
f 1415/2121/1415 2434/2122/2434 564/2120/564
f 2430/2111/2430 149/2113/149 2434/2122/2434
f 2434/2122/2434 1415/2121/1415 2430/2111/2430
f 564/2120/564 1414/2118/1414 1415/2121/1415
f 1415/2121/1415 1413/2117/1413 562/2109/562
f 1414/2118/1414 375/1092/375 1413/2117/1413
f 1413/2117/1413 1415/2121/1415 1414/2118/1414
f 94/1088/94 2433/2119/2433 2225/1553/2225
f 2225/1553/2225 1416/2123/1416 460/1555/460
f 2433/2119/2433 564/2120/564 1416/2123/1416
f 1416/2123/1416 2225/1553/2225 2433/2119/2433
f 460/1555/460 1417/2124/1417 2224/1559/2224
f 2224/1559/2224 2435/2125/2435 100/1163/100
f 1417/2124/1417 565/2126/565 2435/2125/2435
f 2435/2125/2435 2224/1559/2224 1417/2124/1417
f 564/2120/564 2434/2122/2434 1418/2127/1418
f 1418/2127/1418 2436/2128/2436 565/2126/565
f 2434/2122/2434 149/2113/149 2436/2128/2436
f 2436/2128/2436 1418/2127/1418 2434/2122/2434
f 565/2126/565 1417/2124/1417 1418/2127/1418
f 1418/2127/1418 1416/2123/1416 564/2120/564
f 1417/2124/1417 460/1555/460 1416/2123/1416
f 1416/2123/1416 1418/2127/1418 1417/2124/1417
f 52/495/52 1834/497/1834 1909/702/1909
f 1909/702/1909 1419/2129/1419 302/700/302
f 1834/497/1834 265/499/265 1419/2129/1419
f 1419/2129/1419 1909/702/1909 1834/497/1834
f 302/700/302 1420/2130/1420 1908/698/1908
f 1908/698/1908 2438/2131/2438 59/694/59
f 1420/2130/1420 566/2132/566 2438/2131/2438
f 2438/2131/2438 1908/698/1908 1420/2130/1420
f 265/499/265 1835/502/1835 1421/2133/1421
f 1421/2133/1421 2439/2134/2439 566/2132/566
f 1835/502/1835 54/504/54 2439/2134/2439
f 2439/2134/2439 1421/2133/1421 1835/502/1835
f 566/2132/566 1420/2130/1420 1421/2133/1421
f 1421/2133/1421 1419/2129/1419 265/499/265
f 1420/2130/1420 302/700/302 1419/2129/1419
f 1419/2129/1419 1421/2133/1421 1420/2130/1420
f 59/694/59 2438/2131/2438 2440/2135/2440
f 2440/2135/2440 1422/2136/1422 567/2137/567
f 2438/2131/2438 566/2132/566 1422/2136/1422
f 1422/2136/1422 2440/2135/2440 2438/2131/2438
f 567/2137/567 1423/2138/1423 2441/2139/2441
f 2441/2139/2441 2442/2140/2442 150/2141/150
f 1423/2138/1423 568/2142/568 2442/2140/2442
f 2442/2140/2442 2441/2139/2441 1423/2138/1423
f 566/2132/566 2439/2134/2439 1424/2143/1424
f 1424/2143/1424 2443/2144/2443 568/2142/568
f 2439/2134/2439 54/504/54 2443/2144/2443
f 2443/2144/2443 1424/2143/1424 2439/2134/2439
f 568/2142/568 1423/2138/1423 1424/2143/1424
f 1424/2143/1424 1422/2136/1422 566/2132/566
f 1423/2138/1423 567/2137/567 1422/2136/1422
f 1422/2136/1422 1424/2143/1424 1423/2138/1423
f 6/25/6 1796/399/1796 1644/23/1644
f 1644/23/1644 1425/2145/1425 169/20/169
f 1796/399/1796 246/395/246 1425/2145/1425
f 1425/2145/1425 1644/23/1644 1796/399/1796
f 169/20/169 1426/2146/1426 1643/18/1643
f 1643/18/1643 2444/2147/2444 4/16/4
f 1426/2146/1426 569/2148/569 2444/2147/2444
f 2444/2147/2444 1643/18/1643 1426/2146/1426
f 246/395/246 1797/393/1797 1427/2149/1427
f 1427/2149/1427 2445/2150/2445 569/2148/569
f 1797/393/1797 41/303/41 2445/2150/2445
f 2445/2150/2445 1427/2149/1427 1797/393/1797
f 569/2148/569 1426/2146/1426 1427/2149/1427
f 1427/2149/1427 1425/2145/1425 246/395/246
f 1426/2146/1426 169/20/169 1425/2145/1425
f 1425/2145/1425 1427/2149/1427 1426/2146/1426
f 4/16/4 2444/2147/2444 2446/2151/2446
f 2446/2151/2446 1428/2152/1428 570/2153/570
f 2444/2147/2444 569/2148/569 1428/2152/1428
f 1428/2152/1428 2446/2151/2446 2444/2147/2444
f 570/2153/570 1429/2154/1429 2447/2155/2447
f 2447/2155/2447 2448/2156/2448 151/2157/151
f 1429/2154/1429 571/2158/571 2448/2156/2448
f 2448/2156/2448 2447/2155/2447 1429/2154/1429
f 569/2148/569 2445/2150/2445 1430/2159/1430
f 1430/2159/1430 2449/2160/2449 571/2158/571
f 2445/2150/2445 41/303/41 2449/2160/2449
f 2449/2160/2449 1430/2159/1430 2445/2150/2445
f 571/2158/571 1429/2154/1429 1430/2159/1430
f 1430/2159/1430 1428/2152/1428 569/2148/569
f 1429/2154/1429 570/2153/570 1428/2152/1428
f 1428/2152/1428 1430/2159/1430 1429/2154/1429
f 41/303/41 1761/309/1761 2449/2160/2449
f 2449/2160/2449 1431/2161/1431 571/2158/571
f 1761/309/1761 228/311/228 1431/2161/1431
f 1431/2161/1431 2449/2160/2449 1761/309/1761
f 571/2158/571 1432/2162/1432 2448/2156/2448
f 2448/2156/2448 2450/2163/2450 151/2157/151
f 1432/2162/1432 572/2164/572 2450/2163/2450
f 2450/2163/2450 2448/2156/2448 1432/2162/1432
f 228/311/228 1762/313/1762 1433/2165/1433
f 1433/2165/1433 2451/2166/2451 572/2164/572
f 1762/313/1762 42/315/42 2451/2166/2451
f 2451/2166/2451 1433/2165/1433 1762/313/1762
f 572/2164/572 1432/2162/1432 1433/2165/1433
f 1433/2165/1433 1431/2161/1431 228/311/228
f 1432/2162/1432 571/2158/571 1431/2161/1431
f 1431/2161/1431 1433/2165/1433 1432/2162/1432
f 151/2157/151 2450/2163/2450 2452/2167/2452
f 2452/2167/2452 1434/2168/1434 573/2169/573
f 2450/2163/2450 572/2164/572 1434/2168/1434
f 1434/2168/1434 2452/2167/2452 2450/2163/2450
f 573/2169/573 1435/2170/1435 2453/2171/2453
f 2453/2171/2453 2454/2172/2454 150/2141/150
f 1435/2170/1435 574/2173/574 2454/2172/2454
f 2454/2172/2454 2453/2171/2453 1435/2170/1435
f 572/2164/572 2451/2166/2451 1436/2174/1436
f 1436/2174/1436 2455/2175/2455 574/2173/574
f 2451/2166/2451 42/315/42 2455/2175/2455
f 2455/2175/2455 1436/2174/1436 2451/2166/2451
f 574/2173/574 1435/2170/1435 1436/2174/1436
f 1436/2174/1436 1434/2168/1434 572/2164/572
f 1435/2170/1435 573/2169/573 1434/2168/1434
f 1434/2168/1434 1436/2174/1436 1435/2170/1435
f 42/315/42 1769/330/1769 2455/2175/2455
f 2455/2175/2455 1437/2176/1437 574/2173/574
f 1769/330/1769 232/324/232 1437/2176/1437
f 1437/2176/1437 2455/2175/2455 1769/330/1769
f 574/2173/574 1438/2177/1438 2454/2172/2454
f 2454/2172/2454 2456/2178/2456 150/2141/150
f 1438/2177/1438 575/2179/575 2456/2178/2456
f 2456/2178/2456 2454/2172/2454 1438/2177/1438
f 232/324/232 1770/320/1770 1439/2180/1439
f 1439/2180/1439 2457/2181/2457 575/2179/575
f 1770/320/1770 43/319/43 2457/2181/2457
f 2457/2181/2457 1439/2180/1439 1770/320/1770
f 575/2179/575 1438/2177/1438 1439/2180/1439
f 1439/2180/1439 1437/2176/1437 232/324/232
f 1438/2177/1438 574/2173/574 1437/2176/1437
f 1437/2176/1437 1439/2180/1439 1438/2177/1438
f 150/2141/150 2456/2178/2456 2441/2139/2441
f 2441/2139/2441 1440/2182/1440 567/2137/567
f 2456/2178/2456 575/2179/575 1440/2182/1440
f 1440/2182/1440 2441/2139/2441 2456/2178/2456
f 567/2137/567 1441/2183/1441 2440/2135/2440
f 2440/2135/2440 1911/710/1911 59/694/59
f 1441/2183/1441 303/707/303 1911/710/1911
f 1911/710/1911 2440/2135/2440 1441/2183/1441
f 575/2179/575 2457/2181/2457 1442/2184/1442
f 1442/2184/1442 1910/705/1910 303/707/303
f 2457/2181/2457 43/319/43 1910/705/1910
f 1910/705/1910 1442/2184/1442 2457/2181/2457
f 303/707/303 1441/2183/1441 1442/2184/1442
f 1442/2184/1442 1440/2182/1440 575/2179/575
f 1441/2183/1441 567/2137/567 1440/2182/1440
f 1440/2182/1440 1442/2184/1442 1441/2183/1441
f 9/50/9 1659/55/1659 2437/2185/2437
f 1659/55/1659 177/57/177 1443/2186/1443
f 1443/2186/1443 2437/2185/2437 1659/55/1659
f 177/57/177 1660/59/1660 1444/2187/1444
f 1660/59/1660 4/16/4 2458/2188/2458
f 2458/2188/2458 1444/2187/1444 1660/59/1660
f 1444/2187/1444 1443/2186/1443 177/57/177
f 2458/2188/2458 4/16/4 2459/2189/2459
f 2460/2190/2460 2447/2155/2447 151/2157/151
f 1445/2191/1445 570/2153/570 2447/2155/2447
f 2447/2155/2447 2460/2190/2460 1445/2191/1445
f 1446/2192/1446 2446/2151/2446 570/2153/570
f 2459/2189/2459 4/16/4 2446/2151/2446
f 2446/2151/2446 1446/2192/1446 2459/2189/2459
f 570/2153/570 1445/2191/1445 1446/2192/1446
f 150/2141/150 2442/2140/2442 2461/2193/2461
f 2460/2190/2460 151/2157/151 2462/2194/2462
f 2461/2193/2461 2453/2171/2453 150/2141/150
f 1447/2195/1447 573/2169/573 2453/2171/2453
f 2453/2171/2453 2461/2193/2461 1447/2195/1447
f 1448/2196/1448 2452/2167/2452 573/2169/573
f 2462/2194/2462 151/2157/151 2452/2167/2452
f 2452/2167/2452 1448/2196/1448 2462/2194/2462
f 573/2169/573 1447/2195/1447 1448/2196/1448
f 11/74/11 2468/2197/2468 2463/2198/2463
f 2463/2198/2463 1449/2199/1449 576/2200/576
f 2468/2197/2468 578/2201/578 1449/2199/1449
f 1449/2199/1449 2463/2198/2463 2468/2197/2468
f 576/2200/576 1450/2202/1450 2464/2203/2464
f 1450/2202/1450 577/2204/577 2465/2205/2465
f 2465/2205/2465 2464/2203/2464 1450/2202/1450
f 578/2201/578 2467/2206/2467 1451/2207/1451
f 1451/2207/1451 2466/2208/2466 577/2204/577
f 2467/2206/2467 152/2209/152 2466/2208/2466
f 2466/2208/2466 1451/2207/1451 2467/2206/2467
f 577/2204/577 1450/2202/1450 1451/2207/1451
f 1451/2207/1451 1449/2199/1449 578/2201/578
f 1450/2202/1450 576/2200/576 1449/2199/1449
f 1449/2199/1449 1451/2207/1451 1450/2202/1450
f 1663/70/1663 179/69/179 1452/2210/1452
f 1453/2211/1453 576/2200/576 2464/2203/2464
f 179/69/179 1664/73/1664 1454/2212/1454
f 1454/2212/1454 2463/2198/2463 576/2200/576
f 1664/73/1664 11/74/11 2463/2198/2463
f 2463/2198/2463 1454/2212/1454 1664/73/1664
f 576/2200/576 1453/2211/1453 1454/2212/1454
f 1454/2212/1454 1452/2210/1452 179/69/179
f 1452/2210/1452 1454/2212/1454 1453/2211/1453
f 65/783/65 1937/782/1937 2471/2213/2471
f 2471/2213/2471 1455/2214/1455 580/2215/580
f 1937/782/1937 316/784/316 1455/2214/1455
f 1455/2214/1455 2471/2213/2471 1937/782/1937
f 580/2215/580 1456/2216/1456 2472/2217/2472
f 316/784/316 1938/787/1938 1457/2218/1457
f 1457/2218/1457 1455/2214/1455 316/784/316
f 1456/2216/1456 580/2215/580 1455/2214/1455
f 1455/2214/1455 1457/2218/1457 1456/2216/1456
f 2472/2217/2472 1458/2219/1458 580/2215/580
f 2474/2220/2474 581/2221/581 1458/2219/1458
f 1458/2219/1458 2472/2217/2472 2474/2220/2474
f 580/2215/580 1459/2222/1459 2471/2213/2471
f 2471/2213/2471 2470/2223/2470 65/783/65
f 1459/2222/1459 579/2224/579 2470/2223/2470
f 2470/2223/2470 2471/2213/2471 1459/2222/1459
f 581/2221/581 2473/2225/2473 1460/2226/1460
f 1460/2226/1460 2469/2227/2469 579/2224/579
f 2473/2225/2473 153/2228/153 2469/2227/2469
f 2469/2227/2469 1460/2226/1460 2473/2225/2473
f 579/2224/579 1459/2222/1459 1460/2226/1460
f 1460/2226/1460 1458/2219/1458 581/2221/581
f 1459/2222/1459 580/2215/580 1458/2219/1458
f 1458/2219/1458 1460/2226/1460 1459/2222/1459
f 1922/740/1922 55/627/55 2475/2229/2475
f 2477/2230/2477 2478/2231/2478 155/2232/155
f 1461/2233/1461 582/2234/582 2478/2231/2478
f 2478/2231/2478 2477/2230/2477 1461/2233/1461
f 1462/2235/1462 2479/2236/2479 582/2234/582
f 2475/2229/2475 55/627/55 2479/2236/2479
f 2479/2236/2479 1462/2235/1462 2475/2229/2475
f 582/2234/582 1461/2233/1461 1462/2235/1462
f 2477/2230/2477 155/2232/155 2480/2237/2480
f 2476/2238/2476 2481/2239/2481 154/2240/154
f 1463/2241/1463 583/2242/583 2481/2239/2481
f 2481/2239/2481 2476/2238/2476 1463/2241/1463
f 1464/2243/1464 2482/2244/2482 583/2242/583
f 2480/2237/2480 155/2232/155 2482/2244/2482
f 2482/2244/2482 1464/2243/1464 2480/2237/2480
f 583/2242/583 1463/2241/1463 1464/2243/1464
f 156/2245/156 2488/2246/2488 2483/2247/2483
f 2483/2247/2483 1465/2248/1465 584/2249/584
f 2488/2246/2488 586/2250/586 1465/2248/1465
f 1465/2248/1465 2483/2247/2483 2488/2246/2488
f 584/2249/584 1466/2251/1466 2484/2252/2484
f 2484/2252/2484 2485/2253/2485 56/636/56
f 1466/2251/1466 585/2254/585 2485/2253/2485
f 2485/2253/2485 2484/2252/2484 1466/2251/1466
f 586/2250/586 2487/2255/2487 1467/2256/1467
f 1467/2256/1467 2486/2257/2486 585/2254/585
f 2487/2255/2487 155/2232/155 2486/2257/2486
f 2486/2257/2486 1467/2256/1467 2487/2255/2487
f 585/2254/585 1466/2251/1466 1467/2256/1467
f 1467/2256/1467 1465/2248/1465 586/2250/586
f 1466/2251/1466 584/2249/584 1465/2248/1465
f 1465/2248/1465 1467/2256/1467 1466/2251/1466
f 56/636/56 2485/2253/2485 1883/634/1883
f 1883/634/1883 1468/2258/1468 289/631/289
f 2485/2253/2485 585/2254/585 1468/2258/1468
f 1468/2258/1468 1883/634/1883 2485/2253/2485
f 289/631/289 1469/2259/1469 1882/629/1882
f 1882/629/1882 2479/2236/2479 55/627/55
f 1469/2259/1469 582/2234/582 2479/2236/2479
f 2479/2236/2479 1882/629/1882 1469/2259/1469
f 585/2254/585 2486/2257/2486 1470/2260/1470
f 1470/2260/1470 2478/2231/2478 582/2234/582
f 2486/2257/2486 155/2232/155 2478/2231/2478
f 2478/2231/2478 1470/2260/1470 2486/2257/2486
f 582/2234/582 1469/2259/1469 1470/2260/1470
f 1470/2260/1470 1468/2258/1468 585/2254/585
f 1469/2259/1469 289/631/289 1468/2258/1468
f 1468/2258/1468 1470/2260/1470 1469/2259/1469
f 157/2261/157 2494/2262/2494 2489/2263/2489
f 2489/2263/2489 1471/2264/1471 587/2265/587
f 2494/2262/2494 589/2266/589 1471/2264/1471
f 1471/2264/1471 2489/2263/2489 2494/2262/2494
f 587/2265/587 1472/2267/1472 2490/2268/2490
f 2490/2268/2490 2491/2269/2491 156/2245/156
f 1472/2267/1472 588/2270/588 2491/2269/2491
f 2491/2269/2491 2490/2268/2490 1472/2267/1472
f 589/2266/589 2493/2271/2493 1473/2272/1473
f 1473/2272/1473 2492/2273/2492 588/2270/588
f 2493/2271/2493 154/2240/154 2492/2273/2492
f 2492/2273/2492 1473/2272/1473 2493/2271/2493
f 588/2270/588 1472/2267/1472 1473/2272/1473
f 1473/2272/1473 1471/2264/1471 589/2266/589
f 1472/2267/1472 587/2265/587 1471/2264/1471
f 1471/2264/1471 1473/2272/1473 1472/2267/1472
f 156/2245/156 2491/2269/2491 2488/2246/2488
f 2488/2246/2488 1474/2274/1474 586/2250/586
f 2491/2269/2491 588/2270/588 1474/2274/1474
f 1474/2274/1474 2488/2246/2488 2491/2269/2491
f 586/2250/586 1475/2275/1475 2487/2255/2487
f 2487/2255/2487 2482/2244/2482 155/2232/155
f 1475/2275/1475 583/2242/583 2482/2244/2482
f 2482/2244/2482 2487/2255/2487 1475/2275/1475
f 588/2270/588 2492/2273/2492 1476/2276/1476
f 1476/2276/1476 2481/2239/2481 583/2242/583
f 2492/2273/2492 154/2240/154 2481/2239/2481
f 2481/2239/2481 1476/2276/1476 2492/2273/2492
f 583/2242/583 1475/2275/1475 1476/2276/1476
f 1476/2276/1476 1474/2274/1474 588/2270/588
f 1475/2275/1475 586/2250/586 1474/2274/1474
f 1474/2274/1474 1476/2276/1476 1475/2275/1475
f 158/2277/158 2500/2278/2500 2495/2279/2495
f 2495/2279/2495 1477/2280/1477 590/2281/590
f 2500/2278/2500 592/2282/592 1477/2280/1477
f 1477/2280/1477 2495/2279/2495 2500/2278/2500
f 590/2281/590 1478/2283/1478 2496/2284/2496
f 2496/2284/2496 2497/2285/2497 58/681/58
f 1478/2283/1478 591/2286/591 2497/2285/2497
f 2497/2285/2497 2496/2284/2496 1478/2283/1478
f 592/2282/592 2499/2287/2499 1479/2288/1479
f 1479/2288/1479 2498/2289/2498 591/2286/591
f 2499/2287/2499 156/2245/156 2498/2289/2498
f 2498/2289/2498 1479/2288/1479 2499/2287/2499
f 591/2286/591 1478/2283/1478 1479/2288/1479
f 1479/2288/1479 1477/2280/1477 592/2282/592
f 1478/2283/1478 590/2281/590 1477/2280/1477
f 1477/2280/1477 1479/2288/1479 1478/2283/1478
f 58/681/58 2497/2285/2497 1903/687/1903
f 1903/687/1903 1480/2290/1480 299/685/299
f 2497/2285/2497 591/2286/591 1480/2290/1480
f 1480/2290/1480 1903/687/1903 2497/2285/2497
f 299/685/299 1481/2291/1481 1902/684/1902
f 1902/684/1902 2484/2252/2484 56/636/56
f 1481/2291/1481 584/2249/584 2484/2252/2484
f 2484/2252/2484 1902/684/1902 1481/2291/1481
f 591/2286/591 2498/2289/2498 1482/2292/1482
f 1482/2292/1482 2483/2247/2483 584/2249/584
f 2498/2289/2498 156/2245/156 2483/2247/2483
f 2483/2247/2483 1482/2292/1482 2498/2289/2498
f 584/2249/584 1481/2291/1481 1482/2292/1482
f 1482/2292/1482 1480/2290/1480 591/2286/591
f 1481/2291/1481 299/685/299 1480/2290/1480
f 1480/2290/1480 1482/2292/1482 1481/2291/1481
f 159/2293/159 2506/2294/2506 2501/2295/2501
f 2501/2295/2501 1483/2296/1483 593/2297/593
f 2506/2294/2506 595/2298/595 1483/2296/1483
f 1483/2296/1483 2501/2295/2501 2506/2294/2506
f 593/2297/593 1484/2299/1484 2502/2300/2502
f 2502/2300/2502 2503/2301/2503 158/2277/158
f 1484/2299/1484 594/2302/594 2503/2301/2503
f 2503/2301/2503 2502/2300/2502 1484/2299/1484
f 595/2298/595 2505/2303/2505 1485/2304/1485
f 1485/2304/1485 2504/2305/2504 594/2302/594
f 2505/2303/2505 157/2261/157 2504/2305/2504
f 2504/2305/2504 1485/2304/1485 2505/2303/2505
f 594/2302/594 1484/2299/1484 1485/2304/1485
f 1485/2304/1485 1483/2296/1483 595/2298/595
f 1484/2299/1484 593/2297/593 1483/2296/1483
f 1483/2296/1483 1485/2304/1485 1484/2299/1484
f 158/2277/158 2503/2301/2503 2500/2278/2500
f 2500/2278/2500 1486/2306/1486 592/2282/592
f 2503/2301/2503 594/2302/594 1486/2306/1486
f 1486/2306/1486 2500/2278/2500 2503/2301/2503
f 592/2282/592 1487/2307/1487 2499/2287/2499
f 2499/2287/2499 2490/2268/2490 156/2245/156
f 1487/2307/1487 587/2265/587 2490/2268/2490
f 2490/2268/2490 2499/2287/2499 1487/2307/1487
f 594/2302/594 2504/2305/2504 1488/2308/1488
f 1488/2308/1488 2489/2263/2489 587/2265/587
f 2504/2305/2504 157/2261/157 2489/2263/2489
f 2489/2263/2489 1488/2308/1488 2504/2305/2504
f 587/2265/587 1487/2307/1487 1488/2308/1488
f 1488/2308/1488 1486/2306/1486 594/2302/594
f 1487/2307/1487 592/2282/592 1486/2306/1486
f 1486/2306/1486 1488/2308/1488 1487/2307/1487
f 161/2309/161 2511/2310/2511 2508/2311/2508
f 2511/2310/2511 596/2312/596 1489/2313/1489
f 1489/2313/1489 2508/2311/2508 2511/2310/2511
f 596/2312/596 2510/2314/2510 1490/2315/1490
f 2510/2314/2510 116/1460/116 2509/2316/2509
f 2509/2316/2509 1490/2315/1490 2510/2314/2510
f 1490/2315/1490 1489/2313/1489 596/2312/596
f 2509/2316/2509 116/1460/116 2228/1570/2228
f 160/2317/160 2514/2318/2514 2507/2319/2507
f 2514/2318/2514 597/2320/597 1491/2321/1491
f 1491/2321/1491 2507/2319/2507 2514/2318/2514
f 597/2320/597 2513/2322/2513 1492/2323/1492
f 2513/2322/2513 161/2309/161 2512/2324/2512
f 2512/2324/2512 1492/2323/1492 2513/2322/2513
f 1492/2323/1492 1491/2321/1491 597/2320/597
f 2512/2324/2512 161/2309/161 2508/2311/2508
f 162/2325/162 2520/2326/2520 2515/2327/2515
f 2515/2327/2515 1493/2328/1493 598/2329/598
f 2520/2326/2520 600/2330/600 1493/2328/1493
f 1493/2328/1493 2515/2327/2515 2520/2326/2520
f 598/2329/598 1494/2331/1494 2516/2332/2516
f 2516/2332/2516 2517/2333/2517 161/2309/161
f 1494/2331/1494 599/2334/599 2517/2333/2517
f 2517/2333/2517 2516/2332/2516 1494/2331/1494
f 600/2330/600 2519/2335/2519 1495/2336/1495
f 1495/2336/1495 2518/2337/2518 599/2334/599
f 2519/2335/2519 115/1450/115 2518/2337/2518
f 2518/2337/2518 1495/2336/1495 2519/2335/2519
f 599/2334/599 1494/2331/1494 1495/2336/1495
f 1495/2336/1495 1493/2328/1493 600/2330/600
f 1494/2331/1494 598/2329/598 1493/2328/1493
f 1493/2328/1493 1495/2336/1495 1494/2331/1494
f 161/2309/161 2517/2333/2517 2511/2310/2511
f 2511/2310/2511 1496/2338/1496 596/2312/596
f 2517/2333/2517 599/2334/599 1496/2338/1496
f 1496/2338/1496 2511/2310/2511 2517/2333/2517
f 596/2312/596 1497/2339/1497 2510/2314/2510
f 2510/2314/2510 2193/1458/2193 116/1460/116
f 1497/2339/1497 444/1456/444 2193/1458/2193
f 2193/1458/2193 2510/2314/2510 1497/2339/1497
f 599/2334/599 2518/2337/2518 1498/2340/1498
f 1498/2340/1498 2192/1454/2192 444/1456/444
f 2518/2337/2518 115/1450/115 2192/1454/2192
f 2192/1454/2192 1498/2340/1498 2518/2337/2518
f 444/1456/444 1497/2339/1497 1498/2340/1498
f 1498/2340/1498 1496/2338/1496 599/2334/599
f 1497/2339/1497 596/2312/596 1496/2338/1496
f 1496/2338/1496 1498/2340/1498 1497/2339/1497
f 163/2341/163 2526/2342/2526 2521/2343/2521
f 2521/2343/2521 1499/2344/1499 601/2345/601
f 2526/2342/2526 603/2346/603 1499/2344/1499
f 1499/2344/1499 2521/2343/2521 2526/2342/2526
f 601/2345/601 1500/2347/1500 2522/2348/2522
f 2522/2348/2522 2523/2349/2523 160/2317/160
f 1500/2347/1500 602/2350/602 2523/2349/2523
f 2523/2349/2523 2522/2348/2522 1500/2347/1500
f 603/2346/603 2525/2351/2525 1501/2352/1501
f 1501/2352/1501 2524/2353/2524 602/2350/602
f 2525/2351/2525 162/2325/162 2524/2353/2524
f 2524/2353/2524 1501/2352/1501 2525/2351/2525
f 602/2350/602 1500/2347/1500 1501/2352/1501
f 1501/2352/1501 1499/2344/1499 603/2346/603
f 1500/2347/1500 601/2345/601 1499/2344/1499
f 1499/2344/1499 1501/2352/1501 1500/2347/1500
f 160/2317/160 2523/2349/2523 2514/2318/2514
f 2514/2318/2514 1502/2354/1502 597/2320/597
f 2523/2349/2523 602/2350/602 1502/2354/1502
f 1502/2354/1502 2514/2318/2514 2523/2349/2523
f 597/2320/597 1503/2355/1503 2513/2322/2513
f 2513/2322/2513 2516/2332/2516 161/2309/161
f 1503/2355/1503 598/2329/598 2516/2332/2516
f 2516/2332/2516 2513/2322/2513 1503/2355/1503
f 602/2350/602 2524/2353/2524 1504/2356/1504
f 1504/2356/1504 2515/2327/2515 598/2329/598
f 2524/2353/2524 162/2325/162 2515/2327/2515
f 2515/2327/2515 1504/2356/1504 2524/2353/2524
f 598/2329/598 1503/2355/1503 1504/2356/1504
f 1504/2356/1504 1502/2354/1502 602/2350/602
f 1503/2355/1503 597/2320/597 1502/2354/1502
f 1502/2354/1502 1504/2356/1504 1503/2355/1503
f 158/2357/158 2495/2358/2495 2527/2359/2527
f 2527/2359/2527 1505/2360/1505 604/2361/604
f 2495/2358/2495 590/2362/590 1505/2360/1505
f 1505/2360/1505 2527/2359/2527 2495/2358/2495
f 604/2361/604 1506/2363/1506 2528/2364/2528
f 2528/2364/2528 2529/2365/2529 162/2325/162
f 1506/2363/1506 605/2366/605 2529/2365/2529
f 2529/2365/2529 2528/2364/2528 1506/2363/1506
f 590/2362/590 2496/2367/2496 1507/2368/1507
f 1507/2368/1507 2530/2369/2530 605/2366/605
f 2496/2367/2496 58/1498/58 2530/2369/2530
f 2530/2369/2530 1507/2368/1507 2496/2367/2496
f 605/2366/605 1506/2363/1506 1507/2368/1507
f 1507/2368/1507 1505/2360/1505 590/2362/590
f 1506/2363/1506 604/2361/604 1505/2360/1505
f 1505/2360/1505 1507/2368/1507 1506/2363/1506
f 162/2325/162 2529/2365/2529 2520/2326/2520
f 2520/2326/2520 1508/2370/1508 600/2330/600
f 2529/2365/2529 605/2366/605 1508/2370/1508
f 1508/2370/1508 2520/2326/2520 2529/2365/2529
f 600/2330/600 1509/2371/1509 2519/2335/2519
f 2519/2335/2519 2205/1489/2205 115/1450/115
f 1509/2371/1509 450/1491/450 2205/1489/2205
f 2205/1489/2205 2519/2335/2519 1509/2371/1509
f 605/2366/605 2530/2369/2530 1510/2372/1510
f 1510/2372/1510 2204/1495/2204 450/1491/450
f 2530/2369/2530 58/1498/58 2204/1495/2204
f 2204/1495/2204 1510/2372/1510 2530/2369/2530
f 450/1491/450 1509/2371/1509 1510/2372/1510
f 1510/2372/1510 1508/2370/1508 605/2366/605
f 1509/2371/1509 600/2330/600 1508/2370/1508
f 1508/2370/1508 1510/2372/1510 1509/2371/1509
f 159/2373/159 2501/2374/2501 2531/2375/2531
f 2531/2375/2531 1511/2376/1511 606/2377/606
f 2501/2374/2501 593/2378/593 1511/2376/1511
f 1511/2376/1511 2531/2375/2531 2501/2374/2501
f 606/2377/606 1512/2379/1512 2532/2380/2532
f 2532/2380/2532 2533/2381/2533 163/2341/163
f 1512/2379/1512 607/2382/607 2533/2381/2533
f 2533/2381/2533 2532/2380/2532 1512/2379/1512
f 593/2378/593 2502/2383/2502 1513/2384/1513
f 1513/2384/1513 2534/2385/2534 607/2382/607
f 2502/2383/2502 158/2357/158 2534/2385/2534
f 2534/2385/2534 1513/2384/1513 2502/2383/2502
f 607/2382/607 1512/2379/1512 1513/2384/1513
f 1513/2384/1513 1511/2376/1511 593/2378/593
f 1512/2379/1512 606/2377/606 1511/2376/1511
f 1511/2376/1511 1513/2384/1513 1512/2379/1512
f 163/2341/163 2533/2381/2533 2526/2342/2526
f 2526/2342/2526 1514/2386/1514 603/2346/603
f 2533/2381/2533 607/2382/607 1514/2386/1514
f 1514/2386/1514 2526/2342/2526 2533/2381/2533
f 603/2346/603 1515/2387/1515 2525/2351/2525
f 2525/2351/2525 2528/2364/2528 162/2325/162
f 1515/2387/1515 604/2361/604 2528/2364/2528
f 2528/2364/2528 2525/2351/2525 1515/2387/1515
f 607/2382/607 2534/2385/2534 1516/2388/1516
f 1516/2388/1516 2527/2359/2527 604/2361/604
f 2534/2385/2534 158/2357/158 2527/2359/2527
f 2527/2359/2527 1516/2388/1516 2534/2385/2534
f 604/2361/604 1515/2387/1515 1516/2388/1516
f 1516/2388/1516 1514/2386/1514 607/2382/607
f 1515/2387/1515 603/2346/603 1514/2386/1514
f 1514/2386/1514 1516/2388/1516 1515/2387/1515
f 152/2209/152 2538/2389/2538 2535/2390/2535
f 2535/2390/2535 1517/2391/1517 608/2392/608
f 2538/2389/2538 609/2393/609 1517/2391/1517
f 1517/2391/1517 2535/2390/2535 2538/2389/2538
f 608/2392/608 1518/2394/1518 2536/2395/2536
f 609/2393/609 2537/2396/2537 1519/2397/1519
f 1519/2397/1519 1517/2391/1517 609/2393/609
f 1518/2394/1518 608/2392/608 1517/2391/1517
f 1517/2391/1517 1519/2397/1519 1518/2394/1518
f 610/2398/610 1521/2399/1521 2539/2400/2539
f 2539/2400/2539 1652/40/1652 5/30/5
f 1521/2399/1521 173/38/173 1652/40/1652
f 1652/40/1652 2539/2400/2539 1521/2399/1521
f 611/2401/611 2540/2402/2540 1522/2403/1522
f 1522/2403/1522 1651/36/1651 173/38/173
f 2540/2402/2540 7/37/7 1651/36/1651
f 1651/36/1651 1522/2403/1522 2540/2402/2540
f 173/38/173 1521/2399/1521 1522/2403/1522
f 1522/2403/1522 1520/2404/1520 611/2401/611
f 1521/2399/1521 610/2398/610 1520/2404/1520
f 1520/2404/1520 1522/2403/1522 1521/2399/1521
f 176/46/176 1523/2405/1523 1657/52/1657
f 1657/52/1657 2539/2400/2539 5/30/5
f 1523/2405/1523 610/2398/610 2539/2400/2539
f 2539/2400/2539 1657/52/1657 1523/2405/1523
f 2465/2205/2465 577/2204/577 1524/2406/1524
f 1525/2407/1525 608/2392/608 2536/2395/2536
f 577/2204/577 2466/2208/2466 1526/2408/1526
f 1526/2408/1526 2535/2390/2535 608/2392/608
f 2466/2208/2466 152/2209/152 2535/2390/2535
f 2535/2390/2535 1526/2408/1526 2466/2208/2466
f 608/2392/608 1525/2407/1525 1526/2408/1526
f 1526/2408/1526 1524/2406/1524 577/2204/577
f 1524/2406/1524 1526/2408/1526 1525/2407/1525
f 2541/2409/2541 1527/2410/1527 612/2411/612
f 612/2411/612 1528/2412/1528 2542/2413/2542
f 2542/2413/2542 2543/2414/2543 153/2228/153
f 1528/2412/1528 613/2415/613 2543/2414/2543
f 2543/2414/2543 2542/2413/2542 1528/2412/1528
f 1529/2416/1529 2544/2417/2544 613/2415/613
f 613/2415/613 1528/2412/1528 1529/2416/1529
f 1528/2412/1528 612/2411/612 1527/2410/1527
f 1527/2410/1527 1529/2416/1529 1528/2412/1528
f 148/2075/148 2419/2080/2419 2545/2418/2545
f 2545/2418/2545 1530/2419/1530 614/2420/614
f 2419/2080/2419 557/2082/557 1530/2419/1530
f 1530/2419/1530 2545/2418/2545 2419/2080/2419
f 557/2082/557 2420/2084/2420 1532/2421/1532
f 1532/2421/1532 2546/2422/2546 615/2423/615
f 2420/2084/2420 107/1221/107 2546/2422/2546
f 2546/2422/2546 1532/2421/1532 2420/2084/2420
f 615/2423/615 1531/2424/1531 1532/2421/1532
f 1532/2421/1532 1530/2419/1530 557/2082/557
f 1531/2424/1531 614/2420/614 1530/2419/1530
f 1530/2419/1530 1532/2421/1532 1531/2424/1531
f 614/2420/614 1533/2425/1533 2545/2418/2545
f 2545/2418/2545 2426/2100/2426 148/2075/148
f 1533/2425/1533 560/2098/560 2426/2100/2426
f 2426/2100/2426 2545/2418/2545 1533/2425/1533
f 2541/2409/2541 612/2411/612 1534/2426/1534
f 1535/2427/1535 581/2221/581 2474/2220/2474
f 612/2411/612 2542/2413/2542 1536/2428/1536
f 1536/2428/1536 2473/2225/2473 581/2221/581
f 2542/2413/2542 153/2228/153 2473/2225/2473
f 2473/2225/2473 1536/2428/1536 2542/2413/2542
f 581/2221/581 1535/2427/1535 1536/2428/1536
f 1536/2428/1536 1534/2426/1534 612/2411/612
f 1534/2426/1534 1536/2428/1536 1535/2427/1535
f 615/2423/615 2546/2422/2546 1537/2429/1537
f 1537/2429/1537 2547/2430/2547 616/2431/616
f 2546/2422/2546 107/1221/107 2547/2430/2547
f 2547/2430/2547 1537/2429/1537 2546/2422/2546
f 164/2432/164 2551/2433/2551 2548/2434/2548
f 2548/2434/2548 1538/2435/1538 617/2436/617
f 2551/2433/2551 618/2437/618 1538/2435/1538
f 1538/2435/1538 2548/2434/2548 2551/2433/2551
f 617/2436/617 1539/2438/1539 2549/2439/2549
f 2549/2439/2549 2105/1208/2105 106/1207/106
f 1539/2438/1539 400/1212/400 2105/1208/2105
f 2105/1208/2105 2549/2439/2549 1539/2438/1539
f 618/2437/618 2550/2440/2550 1540/2441/1540
f 1540/2441/1540 2104/1218/2104 400/1212/400
f 2550/2440/2550 107/1221/107 2104/1218/2104
f 2104/1218/2104 1540/2441/1540 2550/2440/2550
f 400/1212/400 1539/2438/1539 1540/2441/1540
f 1540/2441/1540 1538/2435/1538 618/2437/618
f 1539/2438/1539 617/2436/617 1538/2435/1538
f 1538/2435/1538 1540/2441/1540 1539/2438/1539
f 107/1221/107 2550/2440/2550 2547/2430/2547
f 2547/2430/2547 1541/2442/1541 616/2431/616
f 2550/2440/2550 618/2437/618 1541/2442/1541
f 1541/2442/1541 2547/2430/2547 2550/2440/2550
f 618/2437/618 2551/2433/2551 1543/2443/1543
f 1543/2443/1543 2552/2444/2552 619/2445/619
f 2551/2433/2551 164/2432/164 2552/2444/2552
f 2552/2444/2552 1543/2443/1543 2551/2433/2551
f 619/2445/619 1542/2446/1542 1543/2443/1543
f 1543/2443/1543 1541/2442/1541 618/2437/618
f 1542/2446/1542 616/2431/616 1541/2442/1541
f 1541/2442/1541 1543/2443/1543 1542/2446/1542
f 619/2445/619 2552/2444/2552 1544/2447/1544
f 1544/2447/1544 2553/2448/2553 620/2449/620
f 2552/2444/2552 164/2432/164 2553/2448/2553
f 2553/2448/2553 1544/2447/1544 2552/2444/2552
f 125/1699/125 2556/2450/2556 2554/2451/2554
f 2554/2451/2554 1545/2452/1545 621/2453/621
f 2556/2450/2556 622/2454/622 1545/2452/1545
f 1545/2452/1545 2554/2451/2554 2556/2450/2556
f 621/2453/621 1546/2455/1546 2555/2456/2555
f 2555/2456/2555 2553/2448/2553 164/2432/164
f 1546/2455/1546 620/2449/620 2553/2448/2553
f 2553/2448/2553 2555/2456/2555 1546/2455/1546
f 620/2449/620 1546/2455/1546 1547/2457/1547
f 1547/2457/1547 1545/2452/1545 622/2454/622
f 1546/2455/1546 621/2453/621 1545/2452/1545
f 1545/2452/1545 1547/2457/1547 1546/2455/1546
f 106/1207/106 2255/1639/2255 2549/2439/2549
f 2549/2439/2549 1548/2458/1548 617/2436/617
f 2255/1639/2255 475/1641/475 1548/2458/1548
f 1548/2458/1548 2549/2439/2549 2255/1639/2255
f 617/2436/617 1549/2459/1549 2548/2434/2548
f 2548/2434/2548 2557/2460/2557 164/2432/164
f 1549/2459/1549 623/2461/623 2557/2460/2557
f 2557/2460/2557 2548/2434/2548 1549/2459/1549
f 475/1641/475 2256/1643/2256 1550/2462/1550
f 1550/2462/1550 2558/2463/2558 623/2461/623
f 2256/1643/2256 122/1645/122 2558/2463/2558
f 2558/2463/2558 1550/2462/1550 2256/1643/2256
f 623/2461/623 1549/2459/1549 1550/2462/1550
f 1550/2462/1550 1548/2458/1548 475/1641/475
f 1549/2459/1549 617/2436/617 1548/2458/1548
f 1548/2458/1548 1550/2462/1550 1549/2459/1549
f 164/2432/164 2557/2460/2557 2555/2456/2555
f 2555/2456/2555 1551/2464/1551 621/2453/621
f 2557/2460/2557 623/2461/623 1551/2464/1551
f 1551/2464/1551 2555/2456/2555 2557/2460/2557
f 621/2453/621 1552/2465/1552 2554/2451/2554
f 2554/2451/2554 2278/1705/2278 125/1699/125
f 1552/2465/1552 486/1703/486 2278/1705/2278
f 2278/1705/2278 2554/2451/2554 1552/2465/1552
f 623/2461/623 2558/2463/2558 1553/2466/1553
f 1553/2466/1553 2277/1702/2277 486/1703/486
f 2558/2463/2558 122/1645/122 2277/1702/2277
f 2277/1702/2277 1553/2466/1553 2558/2463/2558
f 486/1703/486 1552/2465/1552 1553/2466/1553
f 1553/2466/1553 1551/2464/1551 623/2461/623
f 1552/2465/1552 621/2453/621 1551/2464/1551
f 1551/2464/1551 1553/2466/1553 1552/2465/1552
f 624/2467/624 1554/2468/1554 2559/2469/2559
f 2559/2469/2559 2556/2450/2556 125/1699/125
f 1554/2468/1554 622/2454/622 2556/2450/2556
f 2556/2450/2556 2559/2469/2559 1554/2468/1554
f 625/2470/625 1555/2471/1555 2560/2472/2560
f 2560/2472/2560 2561/2473/2561 124/1686/124
f 1555/2471/1555 626/2474/626 2561/2473/2561
f 2561/2473/2561 2560/2472/2560 1555/2471/1555
f 124/1686/124 2561/2473/2561 2276/1687/2276
f 2276/1687/2276 1556/2475/1556 485/1691/485
f 2561/2473/2561 626/2474/626 1556/2475/1556
f 1556/2475/1556 2276/1687/2276 2561/2473/2561
f 485/1691/485 1557/2476/1557 2275/1696/2275
f 2275/1696/2275 2559/2469/2559 125/1699/125
f 1557/2476/1557 624/2467/624 2559/2469/2559
f 2559/2469/2559 2275/1696/2275 1557/2476/1557
f 624/2467/624 1557/2476/1557 1558/2477/1558
f 1558/2477/1558 1556/2475/1556 626/2474/626
f 1557/2476/1557 485/1691/485 1556/2475/1556
f 1556/2475/1556 1558/2477/1558 1557/2476/1557
f 124/1686/124 2281/1712/2281 2560/2472/2560
f 2560/2472/2560 1559/2478/1559 625/2470/625
f 2281/1712/2281 488/1714/488 1559/2478/1559
f 1559/2478/1559 2560/2472/2560 2281/1712/2281
f 488/1714/488 2282/1716/2282 1561/2479/1561
f 1561/2479/1561 2562/2480/2562 627/2481/627
f 2282/1716/2282 126/1718/126 2562/2480/2562
f 2562/2480/2562 1561/2479/1561 2282/1716/2282
f 627/2481/627 1560/2482/1560 1561/2479/1561
f 1561/2479/1561 1559/2478/1559 488/1714/488
f 1560/2482/1560 625/2470/625 1559/2478/1559
f 1559/2478/1559 1561/2479/1561 1560/2482/1560
f 627/2481/627 2562/2480/2562 1562/2483/1562
f 1562/2483/1562 2563/2484/2563 628/2485/628
f 2562/2480/2562 126/1718/126 2563/2484/2563
f 2563/2484/2563 1562/2483/1562 2562/2480/2562
f 127/1722/127 2564/2486/2564 2290/1723/2290
f 2290/1723/2290 1563/2487/1563 492/1727/492
f 2564/2486/2564 629/2488/629 1563/2487/1563
f 1563/2487/1563 2290/1723/2290 2564/2486/2564
f 492/1727/492 1564/2489/1564 2289/1732/2289
f 2289/1732/2289 2563/2484/2563 126/1718/126
f 1564/2489/1564 628/2485/628 2563/2484/2563
f 2563/2484/2563 2289/1732/2289 1564/2489/1564
f 628/2485/628 1564/2489/1564 1565/2490/1565
f 1565/2490/1565 1563/2487/1563 629/2488/629
f 1564/2489/1564 492/1727/492 1563/2487/1563
f 1563/2487/1563 1565/2490/1565 1564/2489/1564
f 60/749/60 2566/2491/2566 1930/750/1930
f 1930/750/1930 1566/2492/1566 312/754/312
f 2566/2491/2566 631/2493/631 1566/2492/1566
f 1566/2492/1566 1930/750/1930 2566/2491/2566
f 312/754/312 1567/2494/1567 1929/760/1929
f 1929/760/1929 2565/2495/2565 61/763/61
f 1567/2494/1567 630/2496/630 2565/2495/2565
f 2565/2495/2565 1929/760/1929 1567/2494/1567
f 630/2496/630 1567/2494/1567 1568/2497/1568
f 1568/2497/1568 1566/2492/1566 631/2493/631
f 1567/2494/1567 312/754/312 1566/2492/1566
f 1566/2492/1566 1568/2497/1568 1567/2494/1567
f 630/2496/630 1569/2498/1569 2565/2495/2565
f 2565/2495/2565 2567/2499/2567 61/763/61
f 1569/2498/1569 632/2500/632 2567/2499/2567
f 2567/2499/2567 2565/2495/2565 1569/2498/1569
f 61/763/61 2567/2499/2567 2139/1306/2139
f 2139/1306/2139 1570/2501/1570 417/1304/417
f 2567/2499/2567 632/2500/632 1570/2501/1570
f 1570/2501/1570 2139/1306/2139 2567/2499/2567
f 417/1304/417 1571/2502/1571 2138/1302/2138
f 2138/1302/2138 2568/2503/2568 113/1297/113
f 1571/2502/1571 633/2504/633 2568/2503/2568
f 2568/2503/2568 2138/1302/2138 1571/2502/1571
f 633/2504/633 1571/2502/1571 1572/2505/1572
f 1572/2505/1572 1570/2501/1570 632/2500/632
f 1571/2502/1571 417/1304/417 1570/2501/1570
f 1570/2501/1570 1572/2505/1572 1571/2502/1571
f 634/2506/634 1573/2507/1573 2569/2508/2569
f 2569/2508/2569 2564/2486/2564 127/1722/127
f 1573/2507/1573 629/2488/629 2564/2486/2564
f 2564/2486/2564 2569/2508/2569 1573/2507/1573
f 635/2509/635 1574/2510/1574 2570/2511/2570
f 2570/2511/2570 2571/2512/2571 128/1753/128
f 1574/2510/1574 636/2513/636 2571/2512/2571
f 2571/2512/2571 2570/2511/2570 1574/2510/1574
f 128/1753/128 2571/2512/2571 2296/1751/2296
f 2296/1751/2296 1575/2514/1575 495/1749/495
f 2571/2512/2571 636/2513/636 1575/2514/1575
f 1575/2514/1575 2296/1751/2296 2571/2512/2571
f 495/1749/495 1576/2515/1576 2295/1747/2295
f 2295/1747/2295 2569/2508/2569 127/1722/127
f 1576/2515/1576 634/2506/634 2569/2508/2569
f 2569/2508/2569 2295/1747/2295 1576/2515/1576
f 634/2506/634 1576/2515/1576 1577/2516/1577
f 1577/2516/1577 1575/2514/1575 636/2513/636
f 1576/2515/1576 495/1749/495 1575/2514/1575
f 1575/2514/1575 1577/2516/1577 1576/2515/1576
f 633/2504/633 1578/2517/1578 2568/2503/2568
f 2568/2503/2568 2572/2518/2572 113/1297/113
f 1578/2517/1578 637/2519/637 2572/2518/2572
f 2572/2518/2572 2568/2503/2568 1578/2517/1578
f 113/1297/113 2572/2518/2572 2302/1757/2302
f 2302/1757/2302 1579/2520/1579 498/1759/498
f 2572/2518/2572 637/2519/637 1579/2520/1579
f 1579/2520/1579 2302/1757/2302 2572/2518/2572
f 498/1759/498 1580/2521/1580 2301/1763/2301
f 2301/1763/2301 2570/2511/2570 128/1753/128
f 1580/2521/1580 635/2509/635 2570/2511/2570
f 2570/2511/2570 2301/1763/2301 1580/2521/1580
f 635/2509/635 1580/2521/1580 1581/2522/1581
f 1581/2522/1581 1579/2520/1579 637/2519/637
f 1580/2521/1580 498/1759/498 1579/2520/1579
f 1579/2520/1579 1581/2522/1581 1580/2521/1580
f 165/2523/165 2576/2524/2576 2573/2525/2573
f 2573/2525/2573 1582/2526/1582 638/2527/638
f 2576/2524/2576 639/2528/639 1582/2526/1582
f 1582/2526/1582 2573/2525/2573 2576/2524/2576
f 638/2527/638 1583/2529/1583 2574/2530/2574
f 2574/2530/2574 1793/383/1793 7/37/7
f 1583/2529/1583 244/385/244 1793/383/1793
f 1793/383/1793 2574/2530/2574 1583/2529/1583
f 639/2528/639 2575/2531/2575 1584/2532/1584
f 1584/2532/1584 1792/389/1792 244/385/244
f 2575/2531/2575 45/392/45 1792/389/1792
f 1792/389/1792 1584/2532/1584 2575/2531/2575
f 244/385/244 1583/2529/1583 1584/2532/1584
f 1584/2532/1584 1582/2526/1582 639/2528/639
f 1583/2529/1583 638/2527/638 1582/2526/1582
f 1582/2526/1582 1584/2532/1584 1583/2529/1583
f 45/392/45 2575/2531/2575 1807/427/1807
f 1807/427/1807 1585/2533/1585 251/425/251
f 2575/2531/2575 639/2528/639 1585/2533/1585
f 1585/2533/1585 1807/427/1807 2575/2531/2575
f 251/425/251 1586/2534/1586 1806/423/1806
f 1806/423/1806 2577/2535/2577 47/424/47
f 1586/2534/1586 640/2536/640 2577/2535/2577
f 2577/2535/2577 1806/423/1806 1586/2534/1586
f 639/2528/639 2576/2524/2576 1587/2537/1587
f 1587/2537/1587 2578/2538/2578 640/2536/640
f 2576/2524/2576 165/2523/165 2578/2538/2578
f 2578/2538/2578 1587/2537/1587 2576/2524/2576
f 640/2536/640 1586/2534/1586 1587/2537/1587
f 1587/2537/1587 1585/2533/1585 639/2528/639
f 1586/2534/1586 251/425/251 1585/2533/1585
f 1585/2533/1585 1587/2537/1587 1586/2534/1586
f 47/424/47 2577/2535/2577 2388/1996/2388
f 2388/1996/2388 1588/2539/1588 541/1994/541
f 2577/2535/2577 640/2536/640 1588/2539/1588
f 1588/2539/1588 2388/1996/2388 2577/2535/2577
f 541/1994/541 1589/2540/1589 2387/1992/2387
f 2387/1992/2387 2579/2541/2579 144/1987/144
f 1589/2540/1589 641/2542/641 2579/2541/2579
f 2579/2541/2579 2387/1992/2387 1589/2540/1589
f 640/2536/640 2578/2538/2578 1590/2543/1590
f 1590/2543/1590 2580/2544/2580 641/2542/641
f 2578/2538/2578 165/2523/165 2580/2544/2580
f 2580/2544/2580 1590/2543/1590 2578/2538/2578
f 641/2542/641 1589/2540/1589 1590/2543/1590
f 1590/2543/1590 1588/2539/1588 640/2536/640
f 1589/2540/1589 541/1994/541 1588/2539/1588
f 1588/2539/1588 1590/2543/1590 1589/2540/1589
f 60/749/60 1945/799/1945 2581/2545/2581
f 2581/2545/2581 1591/2546/1591 642/2547/642
f 1945/799/1945 320/793/320 1591/2546/1591
f 1591/2546/1591 2581/2545/2581 1945/799/1945
f 320/793/320 1946/789/1946 1593/2548/1593
f 1593/2548/1593 2582/2549/2582 643/2550/643
f 1946/789/1946 66/788/66 2582/2549/2582
f 2582/2549/2582 1593/2548/1593 1946/789/1946
f 643/2550/643 1592/2551/1592 1593/2548/1593
f 1593/2548/1593 1591/2546/1591 320/793/320
f 1592/2551/1592 642/2547/642 1591/2546/1591
f 1591/2546/1591 1593/2548/1593 1592/2551/1592
f 643/2550/643 2582/2549/2582 1594/2552/1594
f 1594/2552/1594 2583/2553/2583 644/2554/644
f 2582/2549/2582 66/788/66 2583/2553/2583
f 2583/2553/2583 1594/2552/1594 2582/2549/2582
f 642/2547/642 1595/2555/1595 2581/2545/2581
f 2581/2545/2581 2566/2491/2566 60/749/60
f 1595/2555/1595 631/2493/631 2566/2491/2566
f 2566/2491/2566 2581/2545/2581 1595/2555/1595
f 129/1778/129 2585/2556/2585 2316/1807/2316
f 2316/1807/2316 1596/2557/1596 505/1805/505
f 2585/2556/2585 646/2558/646 1596/2557/1596
f 1596/2557/1596 2316/1807/2316 2585/2556/2585
f 505/1805/505 1597/2559/1597 2315/1803/2315
f 2315/1803/2315 2584/2560/2584 66/788/66
f 1597/2559/1597 645/2561/645 2584/2560/2584
f 2584/2560/2584 2315/1803/2315 1597/2559/1597
f 645/2561/645 1597/2559/1597 1598/2562/1598
f 1598/2562/1598 1596/2557/1596 646/2558/646
f 1597/2559/1597 505/1805/505 1596/2557/1596
f 1596/2557/1596 1598/2562/1598 1597/2559/1597
f 66/788/66 2584/2560/2584 2583/2553/2583
f 2583/2553/2583 1599/2563/1599 644/2554/644
f 2584/2560/2584 645/2561/645 1599/2563/1599
f 1599/2563/1599 2583/2553/2583 2584/2560/2584
f 647/2564/647 1601/2565/1601 2586/2566/2586
f 2586/2566/2586 2574/2530/2574 7/37/7
f 1601/2565/1601 638/2527/638 2574/2530/2574
f 2574/2530/2574 2586/2566/2586 1601/2565/1601
f 648/2567/648 2587/2568/2587 1602/2569/1602
f 1602/2569/1602 2573/2525/2573 638/2527/638
f 2587/2568/2587 165/2523/165 2573/2525/2573
f 2573/2525/2573 1602/2569/1602 2587/2568/2587
f 638/2527/638 1601/2565/1601 1602/2569/1602
f 1602/2569/1602 1600/2570/1600 648/2567/648
f 1601/2565/1601 647/2564/647 1600/2570/1600
f 1600/2570/1600 1602/2569/1602 1601/2565/1601
f 647/2564/647 2586/2566/2586 1603/2571/1603
f 1603/2571/1603 2540/2402/2540 611/2401/611
f 2586/2566/2586 7/37/7 2540/2402/2540
f 2540/2402/2540 1603/2571/1603 2586/2566/2586
f 649/2572/649 2588/2573/2588 1604/2574/1604
f 1604/2574/1604 2587/2568/2587 648/2567/648
f 2588/2573/2588 165/2523/165 2587/2568/2587
f 2587/2568/2587 1604/2574/1604 2588/2573/2588
f 165/2523/165 2588/2573/2588 2580/2544/2580
f 2580/2544/2580 1605/2575/1605 641/2542/641
f 2588/2573/2588 649/2572/649 1605/2575/1605
f 1605/2575/1605 2580/2544/2580 2588/2573/2588
f 641/2542/641 1606/2576/1606 2579/2541/2579
f 2579/2541/2579 2589/2577/2589 144/1987/144
f 1606/2576/1606 650/2578/650 2589/2577/2589
f 650/2578/650 1606/2576/1606 1607/2579/1607
f 1607/2579/1607 1605/2575/1605 649/2572/649
f 1606/2576/1606 641/2542/641 1605/2575/1605
f 1605/2575/1605 1607/2579/1607 1606/2576/1606
f 144/1987/144 2589/2577/2589 2590/2580/2590
f 2590/2580/2590 1608/2581/1608 651/2582/651
f 2589/2577/2589 650/2578/650 1608/2581/1608
f 1608/2581/1608 2590/2580/2590 2589/2577/2589
f 653/2583/653 2592/2584/2592 1609/2585/1609
f 1609/2585/1609 2591/2586/2591 652/2587/652
f 2592/2584/2592 143/1978/143 2591/2586/2591
f 2591/2586/2591 1609/2585/1609 2592/2584/2592
f 651/2582/651 1611/2588/1611 2590/2580/2590
f 2590/2580/2590 2382/1985/2382 144/1987/144
f 1611/2588/1611 538/1982/538 2382/1985/2382
f 2382/1985/2382 2590/2580/2590 1611/2588/1611
f 652/2587/652 2591/2586/2591 1612/2589/1612
f 1612/2589/1612 2381/1980/2381 538/1982/538
f 2591/2586/2591 143/1978/143 2381/1980/2381
f 2381/1980/2381 1612/2589/1612 2591/2586/2591
f 538/1982/538 1611/2588/1611 1612/2589/1612
f 1612/2589/1612 1610/2590/1610 652/2587/652
f 1611/2588/1611 651/2582/651 1610/2590/1610
f 1610/2590/1610 1612/2589/1612 1611/2588/1611
f 143/1978/143 2592/2584/2592 2394/2013/2394
f 2394/2013/2394 1613/2591/1613 544/2011/544
f 2592/2584/2592 653/2583/653 1613/2591/1613
f 1613/2591/1613 2394/2013/2394 2592/2584/2592
f 544/2011/544 1614/2592/1614 2393/2009/2393
f 2393/2009/2393 2593/2593/2593 145/2010/145
f 1614/2592/1614 654/2594/654 2593/2593/2593
f 2593/2593/2593 2393/2009/2393 1614/2592/1614
f 654/2594/654 1614/2592/1614 1615/2595/1615
f 1615/2595/1615 1613/2591/1613 653/2583/653
f 1614/2592/1614 544/2011/544 1613/2591/1613
f 1613/2591/1613 1615/2595/1615 1614/2592/1614
f 145/2010/145 2593/2593/2593 2594/2596/2594
f 2594/2596/2594 1616/2597/1616 655/2598/655
f 2593/2593/2593 654/2594/654 1616/2597/1616
f 1616/2597/1616 2594/2596/2594 2593/2593/2593
f 145/2010/145 2594/2596/2594 2396/2021/2396
f 2396/2021/2396 1617/2599/1617 545/2018/545
f 2594/2596/2594 655/2598/655 1617/2599/1617
f 1617/2599/1617 2396/2021/2396 2594/2596/2594
f 545/2018/545 1618/2600/1618 2395/2016/2395
f 2395/2016/2395 2595/2601/2595 146/2014/146
f 1618/2600/1618 656/2602/656 2595/2601/2595
f 656/2602/656 1618/2600/1618 1619/2603/1619
f 1619/2603/1619 1617/2599/1617 655/2598/655
f 1618/2600/1618 545/2018/545 1617/2599/1617
f 1617/2599/1617 1619/2603/1619 1618/2600/1618
f 658/2604/658 2597/2605/2597 1620/2606/1620
f 1620/2606/1620 2596/2607/2596 657/2608/657
f 2597/2605/2597 131/1787/131 2596/2607/2596
f 2596/2607/2596 1620/2606/1620 2597/2605/2597
f 131/1787/131 2597/2605/2597 2306/1785/2306
f 2306/1785/2306 1621/2609/1621 500/1782/500
f 2597/2605/2597 658/2604/658 1621/2609/1621
f 1621/2609/1621 2306/1785/2306 2597/2605/2597
f 500/1782/500 1622/2610/1622 2305/1780/2305
f 2305/1780/2305 2598/2611/2598 129/1778/129
f 1622/2610/1622 659/2612/659 2598/2611/2598
f 2598/2611/2598 2305/1780/2305 1622/2610/1622
f 659/2612/659 1622/2610/1622 1623/2613/1623
f 1623/2613/1623 1621/2609/1621 658/2604/658
f 1622/2610/1622 500/1782/500 1621/2609/1621
f 1621/2609/1621 1623/2613/1623 1622/2610/1622
f 129/1778/129 2598/2611/2598 2585/2556/2585
f 2585/2556/2585 1624/2614/1624 646/2558/646
f 2598/2611/2598 659/2612/659 1624/2614/1624
f 1624/2614/1624 2585/2556/2585 2598/2611/2598
f 660/2615/660 1626/2616/1626 2599/2617/2599
f 2599/2617/2599 2332/1850/2332 134/1852/134
f 1626/2616/1626 513/1848/513 2332/1850/2332
f 2332/1850/2332 2599/2617/2599 1626/2616/1626
f 657/2608/657 2596/2607/2596 1627/2618/1627
f 1627/2618/1627 2331/1846/2331 513/1848/513
f 2596/2607/2596 131/1787/131 2331/1846/2331
f 2331/1846/2331 1627/2618/1627 2596/2607/2596
f 513/1848/513 1626/2616/1626 1627/2618/1627
f 1627/2618/1627 1625/2619/1625 657/2608/657
f 1626/2616/1626 660/2615/660 1625/2619/1625
f 1625/2619/1625 1627/2618/1627 1626/2616/1626
f 137/1879/137 2601/2620/2601 2346/1885/2346
f 2346/1885/2346 1628/2621/1628 520/1883/520
f 2601/2620/2601 662/2622/662 1628/2621/1628
f 1628/2621/1628 2346/1885/2346 2601/2620/2601
f 520/1883/520 1629/2623/1629 2345/1882/2345
f 2345/1882/2345 2600/2624/2600 134/1852/134
f 1629/2623/1629 661/2625/661 2600/2624/2600
f 2600/2624/2600 2345/1882/2345 1629/2623/1629
f 661/2625/661 1629/2623/1629 1630/2626/1630
f 1630/2626/1630 1628/2621/1628 662/2622/662
f 1629/2623/1629 520/1883/520 1628/2621/1628
f 1628/2621/1628 1630/2626/1630 1629/2623/1629
f 134/1852/134 2600/2624/2600 2599/2617/2599
f 2599/2617/2599 1631/2627/1631 660/2615/660
f 2600/2624/2600 661/2625/661 1631/2627/1631
f 1631/2627/1631 2599/2617/2599 2600/2624/2600
f 146/2014/146 2595/2601/2595 2602/2628/2602
f 2602/2628/2602 1632/2629/1632 663/2630/663
f 2595/2601/2595 656/2602/656 1632/2629/1632
f 1632/2629/1632 2602/2628/2602 2595/2601/2595
f 662/2622/662 2601/2620/2601 1633/2631/1633
f 1633/2631/1633 2603/2632/2603 664/2633/664
f 2601/2620/2601 137/1879/137 2603/2632/2603
f 2603/2632/2603 1633/2631/1633 2601/2620/2601
f 663/2630/663 1635/2634/1635 2602/2628/2602
f 2602/2628/2602 2402/2034/2402 146/2014/146
f 1635/2634/1635 548/2032/548 2402/2034/2402
f 2402/2034/2402 2602/2628/2602 1635/2634/1635
f 664/2633/664 2603/2632/2603 1636/2635/1636
f 1636/2635/1636 2401/2030/2401 548/2032/548
f 2603/2632/2603 137/1879/137 2401/2030/2401
f 2401/2030/2401 1636/2635/1636 2603/2632/2603
f 548/2032/548 1635/2634/1635 1636/2635/1636
f 1636/2635/1636 1634/2636/1634 664/2633/664
f 1635/2634/1635 663/2630/663 1634/2636/1634
f 1634/2636/1634 1636/2635/1636 1635/2634/1635
g group2 group3
f 2589/2577/2589 2579/2541/2579 1606/2576/1606
f 2595/2601/2595 2395/2016/2395 1618/2600/1618
